ISO-10303-21;
HEADER;
/* Generated by software containing ST-Developer
 * from STEP Tools, Inc. (www.steptools.com) 
 */
/* OPTION: using custom renumber hook */

FILE_DESCRIPTION(
/* description */ ('STEP AP242',
'CAx-IF Rec.Pracs.---Representation and Presentation of Product Manufa
cturing Information (PMI)---4.0---2014-10-13',
'CAx-IF Rec.Pracs.---3D Tessellated Geometry---0.4---2014-09-14','2;1'),

/* implementation_level */ '2;1');

FILE_NAME(
/* name */ '68c5861a1478f4facb390c28',
/* time_stamp */ '2025-09-13T14:56:29Z',
/* author */ (''),
/* organization */ (''),
/* preprocessor_version */ 'ST-DEVELOPER v20',
/* originating_system */ 'ONSHAPE BY PTC INC, 1.203',
/* authorisation */ '  ');

FILE_SCHEMA (('AP242_MANAGED_MODEL_BASED_3D_ENGINEERING_MIM_LF { 1 0 10303 442 1 1 4 }'));
ENDSEC;

DATA;
#10=SHAPE_REPRESENTATION_RELATIONSHIP('','',#2903,#11);
#11=ADVANCED_BREP_SHAPE_REPRESENTATION('',(#2901),#4717);
#12=SPHERICAL_SURFACE('',#3109,0.002);
#13=SPHERICAL_SURFACE('',#3117,0.002);
#14=ELLIPSE('',#3102,0.00282842712474619,0.002);
#15=ELLIPSE('',#3120,0.00282842712474619,0.002);
#16=TOROIDAL_SURFACE('',#3097,0.00448729997459998,0.002);
#17=TOROIDAL_SURFACE('',#3099,0.0044872999746,0.002);
#18=TOROIDAL_SURFACE('',#3107,0.0044872999746,0.002);
#19=TOROIDAL_SURFACE('',#3115,0.00448729997459986,0.002);
#20=CYLINDRICAL_SURFACE('',#2937,0.0039872999746);
#21=CYLINDRICAL_SURFACE('',#2939,0.0039872999746);
#22=CYLINDRICAL_SURFACE('',#2941,0.00398729997459998);
#23=CYLINDRICAL_SURFACE('',#2946,0.00398729997459986);
#24=CYLINDRICAL_SURFACE('',#2949,0.0035);
#25=CYLINDRICAL_SURFACE('',#2956,0.00648729997459987);
#26=CYLINDRICAL_SURFACE('',#2959,0.0064872999746);
#27=CYLINDRICAL_SURFACE('',#2962,0.0064872999746);
#28=CYLINDRICAL_SURFACE('',#2965,0.00648729997459998);
#29=CYLINDRICAL_SURFACE('',#2986,0.0025);
#30=CYLINDRICAL_SURFACE('',#2990,0.0025);
#31=CYLINDRICAL_SURFACE('',#2994,0.004);
#32=CYLINDRICAL_SURFACE('',#2997,0.0021);
#33=CYLINDRICAL_SURFACE('',#3003,0.0015);
#34=CYLINDRICAL_SURFACE('',#3006,0.0015);
#35=CYLINDRICAL_SURFACE('',#3054,0.002);
#36=CYLINDRICAL_SURFACE('',#3057,0.002);
#37=CYLINDRICAL_SURFACE('',#3060,0.002);
#38=CYLINDRICAL_SURFACE('',#3063,0.002);
#39=CYLINDRICAL_SURFACE('',#3090,0.002);
#40=CYLINDRICAL_SURFACE('',#3092,0.002);
#41=CYLINDRICAL_SURFACE('',#3094,0.002);
#42=CYLINDRICAL_SURFACE('',#3101,0.002);
#43=CYLINDRICAL_SURFACE('',#3103,0.002);
#44=CYLINDRICAL_SURFACE('',#3105,0.002);
#45=CYLINDRICAL_SURFACE('',#3111,0.002);
#46=CYLINDRICAL_SURFACE('',#3113,0.002);
#47=CYLINDRICAL_SURFACE('',#3119,0.002);
#48=CYLINDRICAL_SURFACE('',#3121,0.002);
#49=CIRCLE('',#2906,0.0025);
#50=CIRCLE('',#2907,0.0025);
#51=CIRCLE('',#2908,0.004);
#52=CIRCLE('',#2910,0.00448729997459998);
#53=CIRCLE('',#2911,0.0044872999746);
#54=CIRCLE('',#2912,0.0044872999746);
#55=CIRCLE('',#2913,0.00448729997459986);
#56=CIRCLE('',#2917,0.0064872999746);
#57=CIRCLE('',#2918,0.0064872999746);
#58=CIRCLE('',#2919,0.00648729997459998);
#59=CIRCLE('',#2920,0.00398729997459998);
#60=CIRCLE('',#2921,0.0039872999746);
#61=CIRCLE('',#2922,0.0039872999746);
#62=CIRCLE('',#2938,0.0039872999746);
#63=CIRCLE('',#2940,0.0039872999746);
#64=CIRCLE('',#2942,0.00398729997459998);
#65=CIRCLE('',#2947,0.00398729997459986);
#66=CIRCLE('',#2948,0.00398729997459986);
#67=CIRCLE('',#2950,0.0035);
#68=CIRCLE('',#2951,0.0035);
#69=CIRCLE('',#2954,0.00648729997459987);
#70=CIRCLE('',#2957,0.00648729997459987);
#71=CIRCLE('',#2960,0.0064872999746);
#72=CIRCLE('',#2963,0.0064872999746);
#73=CIRCLE('',#2966,0.00648729997459998);
#74=CIRCLE('',#2985,0.002);
#75=CIRCLE('',#2987,0.0025);
#76=CIRCLE('',#2989,0.0015);
#77=CIRCLE('',#2991,0.0025);
#78=CIRCLE('',#2993,0.0015);
#79=CIRCLE('',#2995,0.004);
#80=CIRCLE('',#2998,0.0021);
#81=CIRCLE('',#2999,0.0021);
#82=CIRCLE('',#3004,0.0015);
#83=CIRCLE('',#3007,0.0015);
#84=CIRCLE('',#3012,0.002);
#85=CIRCLE('',#3016,0.002);
#86=CIRCLE('',#3019,0.002);
#87=CIRCLE('',#3055,0.002);
#88=CIRCLE('',#3058,0.002);
#89=CIRCLE('',#3061,0.002);
#90=CIRCLE('',#3064,0.002);
#91=CIRCLE('',#3067,0.002);
#92=CIRCLE('',#3068,0.002);
#93=CIRCLE('',#3091,0.002);
#94=CIRCLE('',#3093,0.002);
#95=CIRCLE('',#3095,0.002);
#96=CIRCLE('',#3096,0.002);
#97=CIRCLE('',#3098,0.002);
#98=CIRCLE('',#3100,0.002);
#99=CIRCLE('',#3104,0.002);
#100=CIRCLE('',#3106,0.002);
#101=CIRCLE('',#3108,0.002);
#102=CIRCLE('',#3110,0.002);
#103=CIRCLE('',#3112,0.002);
#104=CIRCLE('',#3114,0.002);
#105=CIRCLE('',#3116,0.002);
#106=CIRCLE('',#3118,0.002);
#107=ORIENTED_EDGE('',*,*,#903,.T.);
#108=ORIENTED_EDGE('',*,*,#904,.T.);
#109=ORIENTED_EDGE('',*,*,#905,.T.);
#110=ORIENTED_EDGE('',*,*,#906,.T.);
#111=ORIENTED_EDGE('',*,*,#907,.F.);
#112=ORIENTED_EDGE('',*,*,#908,.F.);
#113=ORIENTED_EDGE('',*,*,#909,.F.);
#114=ORIENTED_EDGE('',*,*,#910,.T.);
#115=ORIENTED_EDGE('',*,*,#911,.T.);
#116=ORIENTED_EDGE('',*,*,#912,.T.);
#117=ORIENTED_EDGE('',*,*,#913,.F.);
#118=ORIENTED_EDGE('',*,*,#914,.F.);
#119=ORIENTED_EDGE('',*,*,#915,.T.);
#120=ORIENTED_EDGE('',*,*,#916,.F.);
#121=ORIENTED_EDGE('',*,*,#917,.F.);
#122=ORIENTED_EDGE('',*,*,#918,.T.);
#123=ORIENTED_EDGE('',*,*,#919,.F.);
#124=ORIENTED_EDGE('',*,*,#920,.T.);
#125=ORIENTED_EDGE('',*,*,#921,.F.);
#126=ORIENTED_EDGE('',*,*,#922,.F.);
#127=ORIENTED_EDGE('',*,*,#923,.T.);
#128=ORIENTED_EDGE('',*,*,#924,.T.);
#129=ORIENTED_EDGE('',*,*,#925,.F.);
#130=ORIENTED_EDGE('',*,*,#926,.T.);
#131=ORIENTED_EDGE('',*,*,#927,.F.);
#132=ORIENTED_EDGE('',*,*,#928,.F.);
#133=ORIENTED_EDGE('',*,*,#929,.F.);
#134=ORIENTED_EDGE('',*,*,#930,.T.);
#135=ORIENTED_EDGE('',*,*,#931,.T.);
#136=ORIENTED_EDGE('',*,*,#932,.T.);
#137=ORIENTED_EDGE('',*,*,#933,.F.);
#138=ORIENTED_EDGE('',*,*,#934,.T.);
#139=ORIENTED_EDGE('',*,*,#935,.T.);
#140=ORIENTED_EDGE('',*,*,#936,.T.);
#141=ORIENTED_EDGE('',*,*,#937,.T.);
#142=ORIENTED_EDGE('',*,*,#938,.T.);
#143=ORIENTED_EDGE('',*,*,#939,.T.);
#144=ORIENTED_EDGE('',*,*,#940,.T.);
#145=ORIENTED_EDGE('',*,*,#941,.T.);
#146=ORIENTED_EDGE('',*,*,#942,.T.);
#147=ORIENTED_EDGE('',*,*,#943,.T.);
#148=ORIENTED_EDGE('',*,*,#944,.T.);
#149=ORIENTED_EDGE('',*,*,#945,.T.);
#150=ORIENTED_EDGE('',*,*,#946,.T.);
#151=ORIENTED_EDGE('',*,*,#947,.F.);
#152=ORIENTED_EDGE('',*,*,#948,.F.);
#153=ORIENTED_EDGE('',*,*,#949,.F.);
#154=ORIENTED_EDGE('',*,*,#950,.F.);
#155=ORIENTED_EDGE('',*,*,#951,.F.);
#156=ORIENTED_EDGE('',*,*,#952,.F.);
#157=ORIENTED_EDGE('',*,*,#953,.F.);
#158=ORIENTED_EDGE('',*,*,#954,.T.);
#159=ORIENTED_EDGE('',*,*,#955,.F.);
#160=ORIENTED_EDGE('',*,*,#956,.F.);
#161=ORIENTED_EDGE('',*,*,#957,.F.);
#162=ORIENTED_EDGE('',*,*,#958,.F.);
#163=ORIENTED_EDGE('',*,*,#959,.F.);
#164=ORIENTED_EDGE('',*,*,#960,.F.);
#165=ORIENTED_EDGE('',*,*,#961,.F.);
#166=ORIENTED_EDGE('',*,*,#962,.T.);
#167=ORIENTED_EDGE('',*,*,#963,.T.);
#168=ORIENTED_EDGE('',*,*,#964,.F.);
#169=ORIENTED_EDGE('',*,*,#965,.F.);
#170=ORIENTED_EDGE('',*,*,#966,.T.);
#171=ORIENTED_EDGE('',*,*,#967,.T.);
#172=ORIENTED_EDGE('',*,*,#968,.F.);
#173=ORIENTED_EDGE('',*,*,#969,.T.);
#174=ORIENTED_EDGE('',*,*,#970,.F.);
#175=ORIENTED_EDGE('',*,*,#971,.T.);
#176=ORIENTED_EDGE('',*,*,#972,.T.);
#177=ORIENTED_EDGE('',*,*,#973,.F.);
#178=ORIENTED_EDGE('',*,*,#974,.F.);
#179=ORIENTED_EDGE('',*,*,#975,.T.);
#180=ORIENTED_EDGE('',*,*,#976,.T.);
#181=ORIENTED_EDGE('',*,*,#977,.F.);
#182=ORIENTED_EDGE('',*,*,#978,.F.);
#183=ORIENTED_EDGE('',*,*,#979,.T.);
#184=ORIENTED_EDGE('',*,*,#980,.T.);
#185=ORIENTED_EDGE('',*,*,#981,.T.);
#186=ORIENTED_EDGE('',*,*,#982,.T.);
#187=ORIENTED_EDGE('',*,*,#983,.T.);
#188=ORIENTED_EDGE('',*,*,#984,.T.);
#189=ORIENTED_EDGE('',*,*,#985,.T.);
#190=ORIENTED_EDGE('',*,*,#986,.T.);
#191=ORIENTED_EDGE('',*,*,#987,.F.);
#192=ORIENTED_EDGE('',*,*,#988,.F.);
#193=ORIENTED_EDGE('',*,*,#989,.F.);
#194=ORIENTED_EDGE('',*,*,#990,.F.);
#195=ORIENTED_EDGE('',*,*,#991,.F.);
#196=ORIENTED_EDGE('',*,*,#992,.F.);
#197=ORIENTED_EDGE('',*,*,#993,.F.);
#198=ORIENTED_EDGE('',*,*,#994,.F.);
#199=ORIENTED_EDGE('',*,*,#995,.T.);
#200=ORIENTED_EDGE('',*,*,#996,.T.);
#201=ORIENTED_EDGE('',*,*,#997,.T.);
#202=ORIENTED_EDGE('',*,*,#998,.F.);
#203=ORIENTED_EDGE('',*,*,#999,.F.);
#204=ORIENTED_EDGE('',*,*,#1000,.F.);
#205=ORIENTED_EDGE('',*,*,#1001,.T.);
#206=ORIENTED_EDGE('',*,*,#1002,.T.);
#207=ORIENTED_EDGE('',*,*,#1003,.T.);
#208=ORIENTED_EDGE('',*,*,#1004,.T.);
#209=ORIENTED_EDGE('',*,*,#1005,.T.);
#210=ORIENTED_EDGE('',*,*,#1006,.F.);
#211=ORIENTED_EDGE('',*,*,#1007,.T.);
#212=ORIENTED_EDGE('',*,*,#1008,.T.);
#213=ORIENTED_EDGE('',*,*,#1009,.F.);
#214=ORIENTED_EDGE('',*,*,#1010,.T.);
#215=ORIENTED_EDGE('',*,*,#1011,.T.);
#216=ORIENTED_EDGE('',*,*,#1012,.T.);
#217=ORIENTED_EDGE('',*,*,#1013,.F.);
#218=ORIENTED_EDGE('',*,*,#1014,.F.);
#219=ORIENTED_EDGE('',*,*,#1015,.T.);
#220=ORIENTED_EDGE('',*,*,#1016,.F.);
#221=ORIENTED_EDGE('',*,*,#1017,.F.);
#222=ORIENTED_EDGE('',*,*,#1018,.F.);
#223=ORIENTED_EDGE('',*,*,#1019,.F.);
#224=ORIENTED_EDGE('',*,*,#1020,.F.);
#225=ORIENTED_EDGE('',*,*,#1021,.F.);
#226=ORIENTED_EDGE('',*,*,#1022,.F.);
#227=ORIENTED_EDGE('',*,*,#1023,.T.);
#228=ORIENTED_EDGE('',*,*,#1024,.F.);
#229=ORIENTED_EDGE('',*,*,#1025,.F.);
#230=ORIENTED_EDGE('',*,*,#1026,.F.);
#231=ORIENTED_EDGE('',*,*,#1027,.F.);
#232=ORIENTED_EDGE('',*,*,#1028,.F.);
#233=ORIENTED_EDGE('',*,*,#1029,.F.);
#234=ORIENTED_EDGE('',*,*,#1030,.T.);
#235=ORIENTED_EDGE('',*,*,#1031,.T.);
#236=ORIENTED_EDGE('',*,*,#1032,.T.);
#237=ORIENTED_EDGE('',*,*,#1033,.F.);
#238=ORIENTED_EDGE('',*,*,#1034,.F.);
#239=ORIENTED_EDGE('',*,*,#1035,.T.);
#240=ORIENTED_EDGE('',*,*,#1035,.F.);
#241=ORIENTED_EDGE('',*,*,#1036,.T.);
#242=ORIENTED_EDGE('',*,*,#1037,.F.);
#243=ORIENTED_EDGE('',*,*,#1038,.F.);
#244=ORIENTED_EDGE('',*,*,#931,.F.);
#245=ORIENTED_EDGE('',*,*,#1039,.F.);
#246=ORIENTED_EDGE('',*,*,#1040,.T.);
#247=ORIENTED_EDGE('',*,*,#1041,.T.);
#248=ORIENTED_EDGE('',*,*,#1042,.F.);
#249=ORIENTED_EDGE('',*,*,#1043,.T.);
#250=ORIENTED_EDGE('',*,*,#1044,.T.);
#251=ORIENTED_EDGE('',*,*,#1045,.F.);
#252=ORIENTED_EDGE('',*,*,#1046,.F.);
#253=ORIENTED_EDGE('',*,*,#1047,.T.);
#254=ORIENTED_EDGE('',*,*,#1048,.F.);
#255=ORIENTED_EDGE('',*,*,#968,.T.);
#256=ORIENTED_EDGE('',*,*,#1049,.F.);
#257=ORIENTED_EDGE('',*,*,#1050,.F.);
#258=ORIENTED_EDGE('',*,*,#1051,.T.);
#259=ORIENTED_EDGE('',*,*,#966,.F.);
#260=ORIENTED_EDGE('',*,*,#1052,.T.);
#261=ORIENTED_EDGE('',*,*,#1053,.F.);
#262=ORIENTED_EDGE('',*,*,#1054,.F.);
#263=ORIENTED_EDGE('',*,*,#1055,.T.);
#264=ORIENTED_EDGE('',*,*,#1053,.T.);
#265=ORIENTED_EDGE('',*,*,#1056,.F.);
#266=ORIENTED_EDGE('',*,*,#1057,.F.);
#267=ORIENTED_EDGE('',*,*,#996,.F.);
#268=ORIENTED_EDGE('',*,*,#988,.T.);
#269=ORIENTED_EDGE('',*,*,#1058,.T.);
#270=ORIENTED_EDGE('',*,*,#1059,.T.);
#271=ORIENTED_EDGE('',*,*,#1060,.T.);
#272=ORIENTED_EDGE('',*,*,#918,.F.);
#273=ORIENTED_EDGE('',*,*,#1061,.F.);
#274=ORIENTED_EDGE('',*,*,#1062,.F.);
#275=ORIENTED_EDGE('',*,*,#1063,.T.);
#276=ORIENTED_EDGE('',*,*,#999,.T.);
#277=ORIENTED_EDGE('',*,*,#1064,.T.);
#278=ORIENTED_EDGE('',*,*,#1065,.T.);
#279=ORIENTED_EDGE('',*,*,#1066,.F.);
#280=ORIENTED_EDGE('',*,*,#974,.T.);
#281=ORIENTED_EDGE('',*,*,#1067,.T.);
#282=ORIENTED_EDGE('',*,*,#1068,.T.);
#283=ORIENTED_EDGE('',*,*,#1069,.F.);
#284=ORIENTED_EDGE('',*,*,#978,.T.);
#285=ORIENTED_EDGE('',*,*,#1070,.F.);
#286=ORIENTED_EDGE('',*,*,#1071,.F.);
#287=ORIENTED_EDGE('',*,*,#1039,.T.);
#288=ORIENTED_EDGE('',*,*,#930,.F.);
#289=ORIENTED_EDGE('',*,*,#1072,.F.);
#290=ORIENTED_EDGE('',*,*,#1073,.F.);
#291=ORIENTED_EDGE('',*,*,#1074,.T.);
#292=ORIENTED_EDGE('',*,*,#1075,.F.);
#293=ORIENTED_EDGE('',*,*,#1076,.T.);
#294=ORIENTED_EDGE('',*,*,#992,.T.);
#295=ORIENTED_EDGE('',*,*,#1077,.F.);
#296=ORIENTED_EDGE('',*,*,#1078,.F.);
#297=ORIENTED_EDGE('',*,*,#1079,.T.);
#298=ORIENTED_EDGE('',*,*,#912,.F.);
#299=ORIENTED_EDGE('',*,*,#1080,.F.);
#300=ORIENTED_EDGE('',*,*,#1081,.F.);
#301=ORIENTED_EDGE('',*,*,#1082,.T.);
#302=ORIENTED_EDGE('',*,*,#990,.T.);
#303=ORIENTED_EDGE('',*,*,#1083,.F.);
#304=ORIENTED_EDGE('',*,*,#1084,.F.);
#305=ORIENTED_EDGE('',*,*,#1085,.T.);
#306=ORIENTED_EDGE('',*,*,#915,.F.);
#307=ORIENTED_EDGE('',*,*,#1086,.F.);
#308=ORIENTED_EDGE('',*,*,#1087,.F.);
#309=ORIENTED_EDGE('',*,*,#1070,.T.);
#310=ORIENTED_EDGE('',*,*,#993,.T.);
#311=ORIENTED_EDGE('',*,*,#1076,.F.);
#312=ORIENTED_EDGE('',*,*,#1088,.F.);
#313=ORIENTED_EDGE('',*,*,#1077,.T.);
#314=ORIENTED_EDGE('',*,*,#991,.T.);
#315=ORIENTED_EDGE('',*,*,#1082,.F.);
#316=ORIENTED_EDGE('',*,*,#1089,.F.);
#317=ORIENTED_EDGE('',*,*,#1083,.T.);
#318=ORIENTED_EDGE('',*,*,#989,.T.);
#319=ORIENTED_EDGE('',*,*,#1063,.F.);
#320=ORIENTED_EDGE('',*,*,#1090,.F.);
#321=ORIENTED_EDGE('',*,*,#1091,.T.);
#322=ORIENTED_EDGE('',*,*,#1092,.F.);
#323=ORIENTED_EDGE('',*,*,#1093,.F.);
#324=ORIENTED_EDGE('',*,*,#1072,.T.);
#325=ORIENTED_EDGE('',*,*,#929,.T.);
#326=ORIENTED_EDGE('',*,*,#1094,.F.);
#327=ORIENTED_EDGE('',*,*,#1095,.F.);
#328=ORIENTED_EDGE('',*,*,#1096,.T.);
#329=ORIENTED_EDGE('',*,*,#1097,.T.);
#330=ORIENTED_EDGE('',*,*,#1098,.F.);
#331=ORIENTED_EDGE('',*,*,#1099,.F.);
#332=ORIENTED_EDGE('',*,*,#1100,.F.);
#333=ORIENTED_EDGE('',*,*,#1045,.T.);
#334=ORIENTED_EDGE('',*,*,#1101,.T.);
#335=ORIENTED_EDGE('',*,*,#1102,.F.);
#336=ORIENTED_EDGE('',*,*,#1103,.F.);
#337=ORIENTED_EDGE('',*,*,#1102,.T.);
#338=ORIENTED_EDGE('',*,*,#1104,.T.);
#339=ORIENTED_EDGE('',*,*,#1096,.F.);
#340=ORIENTED_EDGE('',*,*,#1105,.T.);
#341=ORIENTED_EDGE('',*,*,#1106,.T.);
#342=ORIENTED_EDGE('',*,*,#1107,.F.);
#343=ORIENTED_EDGE('',*,*,#1108,.T.);
#344=ORIENTED_EDGE('',*,*,#1109,.T.);
#345=ORIENTED_EDGE('',*,*,#1110,.F.);
#346=ORIENTED_EDGE('',*,*,#1044,.F.);
#347=ORIENTED_EDGE('',*,*,#1111,.T.);
#348=ORIENTED_EDGE('',*,*,#1112,.T.);
#349=ORIENTED_EDGE('',*,*,#1113,.T.);
#350=ORIENTED_EDGE('',*,*,#1114,.T.);
#351=ORIENTED_EDGE('',*,*,#1097,.F.);
#352=ORIENTED_EDGE('',*,*,#1104,.F.);
#353=ORIENTED_EDGE('',*,*,#1101,.F.);
#354=ORIENTED_EDGE('',*,*,#1004,.F.);
#355=ORIENTED_EDGE('',*,*,#1115,.T.);
#356=ORIENTED_EDGE('',*,*,#1116,.T.);
#357=ORIENTED_EDGE('',*,*,#1111,.F.);
#358=ORIENTED_EDGE('',*,*,#1043,.F.);
#359=ORIENTED_EDGE('',*,*,#1117,.T.);
#360=ORIENTED_EDGE('',*,*,#1116,.F.);
#361=ORIENTED_EDGE('',*,*,#1118,.T.);
#362=ORIENTED_EDGE('',*,*,#1119,.T.);
#363=ORIENTED_EDGE('',*,*,#1112,.F.);
#364=ORIENTED_EDGE('',*,*,#1119,.F.);
#365=ORIENTED_EDGE('',*,*,#1120,.T.);
#366=ORIENTED_EDGE('',*,*,#1121,.T.);
#367=ORIENTED_EDGE('',*,*,#980,.F.);
#368=ORIENTED_EDGE('',*,*,#1122,.T.);
#369=ORIENTED_EDGE('',*,*,#1123,.F.);
#370=ORIENTED_EDGE('',*,*,#1124,.F.);
#371=ORIENTED_EDGE('',*,*,#976,.F.);
#372=ORIENTED_EDGE('',*,*,#1125,.T.);
#373=ORIENTED_EDGE('',*,*,#1126,.F.);
#374=ORIENTED_EDGE('',*,*,#1127,.F.);
#375=ORIENTED_EDGE('',*,*,#1001,.F.);
#376=ORIENTED_EDGE('',*,*,#1128,.F.);
#377=ORIENTED_EDGE('',*,*,#1110,.T.);
#378=ORIENTED_EDGE('',*,*,#1129,.T.);
#379=ORIENTED_EDGE('',*,*,#1113,.F.);
#380=ORIENTED_EDGE('',*,*,#1121,.F.);
#381=ORIENTED_EDGE('',*,*,#1130,.T.);
#382=ORIENTED_EDGE('',*,*,#1131,.T.);
#383=ORIENTED_EDGE('',*,*,#981,.F.);
#384=ORIENTED_EDGE('',*,*,#1131,.F.);
#385=ORIENTED_EDGE('',*,*,#1132,.T.);
#386=ORIENTED_EDGE('',*,*,#1133,.T.);
#387=ORIENTED_EDGE('',*,*,#982,.F.);
#388=ORIENTED_EDGE('',*,*,#1133,.F.);
#389=ORIENTED_EDGE('',*,*,#1134,.T.);
#390=ORIENTED_EDGE('',*,*,#1135,.T.);
#391=ORIENTED_EDGE('',*,*,#983,.F.);
#392=ORIENTED_EDGE('',*,*,#1135,.F.);
#393=ORIENTED_EDGE('',*,*,#1136,.T.);
#394=ORIENTED_EDGE('',*,*,#1137,.T.);
#395=ORIENTED_EDGE('',*,*,#984,.F.);
#396=ORIENTED_EDGE('',*,*,#1137,.F.);
#397=ORIENTED_EDGE('',*,*,#1138,.T.);
#398=ORIENTED_EDGE('',*,*,#1139,.T.);
#399=ORIENTED_EDGE('',*,*,#985,.F.);
#400=ORIENTED_EDGE('',*,*,#1139,.F.);
#401=ORIENTED_EDGE('',*,*,#1140,.T.);
#402=ORIENTED_EDGE('',*,*,#1006,.T.);
#403=ORIENTED_EDGE('',*,*,#1141,.T.);
#404=ORIENTED_EDGE('',*,*,#1050,.T.);
#405=ORIENTED_EDGE('',*,*,#1142,.F.);
#406=ORIENTED_EDGE('',*,*,#1143,.F.);
#407=ORIENTED_EDGE('',*,*,#986,.F.);
#408=ORIENTED_EDGE('',*,*,#1107,.T.);
#409=ORIENTED_EDGE('',*,*,#1128,.T.);
#410=ORIENTED_EDGE('',*,*,#1000,.T.);
#411=ORIENTED_EDGE('',*,*,#1074,.F.);
#412=ORIENTED_EDGE('',*,*,#1144,.T.);
#413=ORIENTED_EDGE('',*,*,#1145,.T.);
#414=ORIENTED_EDGE('',*,*,#1109,.F.);
#415=ORIENTED_EDGE('',*,*,#1146,.F.);
#416=ORIENTED_EDGE('',*,*,#1147,.F.);
#417=ORIENTED_EDGE('',*,*,#1098,.T.);
#418=ORIENTED_EDGE('',*,*,#1114,.F.);
#419=ORIENTED_EDGE('',*,*,#1129,.F.);
#420=ORIENTED_EDGE('',*,*,#1148,.F.);
#421=ORIENTED_EDGE('',*,*,#1149,.T.);
#422=ORIENTED_EDGE('',*,*,#1150,.T.);
#423=ORIENTED_EDGE('',*,*,#924,.F.);
#424=ORIENTED_EDGE('',*,*,#1099,.T.);
#425=ORIENTED_EDGE('',*,*,#1147,.T.);
#426=ORIENTED_EDGE('',*,*,#1151,.F.);
#427=ORIENTED_EDGE('',*,*,#1144,.F.);
#428=ORIENTED_EDGE('',*,*,#1073,.T.);
#429=ORIENTED_EDGE('',*,*,#1093,.T.);
#430=ORIENTED_EDGE('',*,*,#1152,.T.);
#431=ORIENTED_EDGE('',*,*,#1149,.F.);
#432=ORIENTED_EDGE('',*,*,#1153,.F.);
#433=ORIENTED_EDGE('',*,*,#1105,.F.);
#434=ORIENTED_EDGE('',*,*,#1145,.F.);
#435=ORIENTED_EDGE('',*,*,#1151,.T.);
#436=ORIENTED_EDGE('',*,*,#1146,.T.);
#437=ORIENTED_EDGE('',*,*,#1108,.F.);
#438=ORIENTED_EDGE('',*,*,#1154,.F.);
#439=ORIENTED_EDGE('',*,*,#1155,.F.);
#440=ORIENTED_EDGE('',*,*,#1156,.F.);
#441=ORIENTED_EDGE('',*,*,#1157,.F.);
#442=ORIENTED_EDGE('',*,*,#1158,.F.);
#443=ORIENTED_EDGE('',*,*,#1159,.F.);
#444=ORIENTED_EDGE('',*,*,#1152,.F.);
#445=ORIENTED_EDGE('',*,*,#1092,.T.);
#446=ORIENTED_EDGE('',*,*,#1160,.T.);
#447=ORIENTED_EDGE('',*,*,#925,.T.);
#448=ORIENTED_EDGE('',*,*,#1150,.F.);
#449=ORIENTED_EDGE('',*,*,#1154,.T.);
#450=ORIENTED_EDGE('',*,*,#1161,.F.);
#451=ORIENTED_EDGE('',*,*,#1162,.F.);
#452=ORIENTED_EDGE('',*,*,#1163,.T.);
#453=ORIENTED_EDGE('',*,*,#1159,.T.);
#454=ORIENTED_EDGE('',*,*,#1164,.F.);
#455=ORIENTED_EDGE('',*,*,#1165,.F.);
#456=ORIENTED_EDGE('',*,*,#1161,.T.);
#457=ORIENTED_EDGE('',*,*,#1158,.T.);
#458=ORIENTED_EDGE('',*,*,#1166,.F.);
#459=ORIENTED_EDGE('',*,*,#1167,.F.);
#460=ORIENTED_EDGE('',*,*,#1164,.T.);
#461=ORIENTED_EDGE('',*,*,#1157,.T.);
#462=ORIENTED_EDGE('',*,*,#1168,.F.);
#463=ORIENTED_EDGE('',*,*,#1169,.F.);
#464=ORIENTED_EDGE('',*,*,#1166,.T.);
#465=ORIENTED_EDGE('',*,*,#1156,.T.);
#466=ORIENTED_EDGE('',*,*,#1170,.F.);
#467=ORIENTED_EDGE('',*,*,#1171,.F.);
#468=ORIENTED_EDGE('',*,*,#1168,.T.);
#469=ORIENTED_EDGE('',*,*,#1155,.T.);
#470=ORIENTED_EDGE('',*,*,#1163,.F.);
#471=ORIENTED_EDGE('',*,*,#1172,.F.);
#472=ORIENTED_EDGE('',*,*,#1170,.T.);
#473=ORIENTED_EDGE('',*,*,#1106,.F.);
#474=ORIENTED_EDGE('',*,*,#1162,.T.);
#475=ORIENTED_EDGE('',*,*,#1165,.T.);
#476=ORIENTED_EDGE('',*,*,#1167,.T.);
#477=ORIENTED_EDGE('',*,*,#1169,.T.);
#478=ORIENTED_EDGE('',*,*,#1171,.T.);
#479=ORIENTED_EDGE('',*,*,#1172,.T.);
#480=ORIENTED_EDGE('',*,*,#1094,.T.);
#481=ORIENTED_EDGE('',*,*,#1153,.T.);
#482=ORIENTED_EDGE('',*,*,#1173,.F.);
#483=ORIENTED_EDGE('',*,*,#1174,.F.);
#484=ORIENTED_EDGE('',*,*,#923,.F.);
#485=ORIENTED_EDGE('',*,*,#1175,.F.);
#486=ORIENTED_EDGE('',*,*,#1176,.F.);
#487=ORIENTED_EDGE('',*,*,#1177,.T.);
#488=ORIENTED_EDGE('',*,*,#1173,.T.);
#489=ORIENTED_EDGE('',*,*,#1148,.T.);
#490=ORIENTED_EDGE('',*,*,#1178,.F.);
#491=ORIENTED_EDGE('',*,*,#1047,.F.);
#492=ORIENTED_EDGE('',*,*,#1179,.T.);
#493=ORIENTED_EDGE('',*,*,#1176,.T.);
#494=ORIENTED_EDGE('',*,*,#1180,.F.);
#495=ORIENTED_EDGE('',*,*,#1177,.F.);
#496=ORIENTED_EDGE('',*,*,#1179,.F.);
#497=ORIENTED_EDGE('',*,*,#1046,.T.);
#498=ORIENTED_EDGE('',*,*,#1100,.T.);
#499=ORIENTED_EDGE('',*,*,#1103,.T.);
#500=ORIENTED_EDGE('',*,*,#1095,.T.);
#501=ORIENTED_EDGE('',*,*,#1174,.T.);
#502=ORIENTED_EDGE('',*,*,#1181,.F.);
#503=ORIENTED_EDGE('',*,*,#907,.T.);
#504=ORIENTED_EDGE('',*,*,#1182,.F.);
#505=ORIENTED_EDGE('',*,*,#1181,.T.);
#506=ORIENTED_EDGE('',*,*,#1183,.F.);
#507=ORIENTED_EDGE('',*,*,#908,.T.);
#508=ORIENTED_EDGE('',*,*,#1184,.F.);
#509=ORIENTED_EDGE('',*,*,#1183,.T.);
#510=ORIENTED_EDGE('',*,*,#927,.T.);
#511=ORIENTED_EDGE('',*,*,#1185,.F.);
#512=ORIENTED_EDGE('',*,*,#1186,.F.);
#513=ORIENTED_EDGE('',*,*,#1187,.T.);
#514=ORIENTED_EDGE('',*,*,#926,.F.);
#515=ORIENTED_EDGE('',*,*,#1160,.F.);
#516=ORIENTED_EDGE('',*,*,#1188,.T.);
#517=ORIENTED_EDGE('',*,*,#1185,.T.);
#518=ORIENTED_EDGE('',*,*,#1189,.T.);
#519=ORIENTED_EDGE('',*,*,#1190,.T.);
#520=ORIENTED_EDGE('',*,*,#928,.T.);
#521=ORIENTED_EDGE('',*,*,#1187,.F.);
#522=ORIENTED_EDGE('',*,*,#1191,.F.);
#523=ORIENTED_EDGE('',*,*,#1090,.T.);
#524=ORIENTED_EDGE('',*,*,#1189,.F.);
#525=ORIENTED_EDGE('',*,*,#1186,.T.);
#526=ORIENTED_EDGE('',*,*,#1188,.F.);
#527=ORIENTED_EDGE('',*,*,#1091,.F.);
#528=ORIENTED_EDGE('',*,*,#1191,.T.);
#529=ORIENTED_EDGE('',*,*,#1190,.F.);
#530=ORIENTED_EDGE('',*,*,#1192,.F.);
#531=ORIENTED_EDGE('',*,*,#1184,.T.);
#532=ORIENTED_EDGE('',*,*,#1192,.T.);
#533=ORIENTED_EDGE('',*,*,#1193,.F.);
#534=ORIENTED_EDGE('',*,*,#1182,.T.);
#535=ORIENTED_EDGE('',*,*,#1193,.T.);
#536=ORIENTED_EDGE('',*,*,#1194,.F.);
#537=ORIENTED_EDGE('',*,*,#1061,.T.);
#538=ORIENTED_EDGE('',*,*,#917,.T.);
#539=ORIENTED_EDGE('',*,*,#1195,.F.);
#540=ORIENTED_EDGE('',*,*,#1196,.F.);
#541=ORIENTED_EDGE('',*,*,#1195,.T.);
#542=ORIENTED_EDGE('',*,*,#916,.T.);
#543=ORIENTED_EDGE('',*,*,#1085,.F.);
#544=ORIENTED_EDGE('',*,*,#1197,.F.);
#545=ORIENTED_EDGE('',*,*,#1089,.T.);
#546=ORIENTED_EDGE('',*,*,#1062,.T.);
#547=ORIENTED_EDGE('',*,*,#1194,.T.);
#548=ORIENTED_EDGE('',*,*,#1196,.T.);
#549=ORIENTED_EDGE('',*,*,#1084,.T.);
#550=ORIENTED_EDGE('',*,*,#1198,.F.);
#551=ORIENTED_EDGE('',*,*,#1086,.T.);
#552=ORIENTED_EDGE('',*,*,#914,.T.);
#553=ORIENTED_EDGE('',*,*,#1199,.F.);
#554=ORIENTED_EDGE('',*,*,#1200,.F.);
#555=ORIENTED_EDGE('',*,*,#1199,.T.);
#556=ORIENTED_EDGE('',*,*,#913,.T.);
#557=ORIENTED_EDGE('',*,*,#1079,.F.);
#558=ORIENTED_EDGE('',*,*,#1201,.F.);
#559=ORIENTED_EDGE('',*,*,#1088,.T.);
#560=ORIENTED_EDGE('',*,*,#1081,.T.);
#561=ORIENTED_EDGE('',*,*,#1198,.T.);
#562=ORIENTED_EDGE('',*,*,#1200,.T.);
#563=ORIENTED_EDGE('',*,*,#1078,.T.);
#564=ORIENTED_EDGE('',*,*,#1202,.F.);
#565=ORIENTED_EDGE('',*,*,#1030,.F.);
#566=ORIENTED_EDGE('',*,*,#1041,.F.);
#567=ORIENTED_EDGE('',*,*,#1203,.T.);
#568=ORIENTED_EDGE('',*,*,#1080,.T.);
#569=ORIENTED_EDGE('',*,*,#911,.F.);
#570=ORIENTED_EDGE('',*,*,#1204,.F.);
#571=ORIENTED_EDGE('',*,*,#1205,.F.);
#572=ORIENTED_EDGE('',*,*,#1206,.F.);
#573=ORIENTED_EDGE('',*,*,#1040,.F.);
#574=ORIENTED_EDGE('',*,*,#1071,.T.);
#575=ORIENTED_EDGE('',*,*,#1087,.T.);
#576=ORIENTED_EDGE('',*,*,#1075,.T.);
#577=ORIENTED_EDGE('',*,*,#1203,.F.);
#578=ORIENTED_EDGE('',*,*,#1207,.F.);
#579=ORIENTED_EDGE('',*,*,#1208,.T.);
#580=ORIENTED_EDGE('',*,*,#1024,.T.);
#581=ORIENTED_EDGE('',*,*,#1209,.F.);
#582=ORIENTED_EDGE('',*,*,#1210,.F.);
#583=ORIENTED_EDGE('',*,*,#1209,.T.);
#584=ORIENTED_EDGE('',*,*,#1023,.F.);
#585=ORIENTED_EDGE('',*,*,#1211,.F.);
#586=ORIENTED_EDGE('',*,*,#954,.F.);
#587=ORIENTED_EDGE('',*,*,#1212,.F.);
#588=ORIENTED_EDGE('',*,*,#1208,.F.);
#589=ORIENTED_EDGE('',*,*,#1213,.T.);
#590=ORIENTED_EDGE('',*,*,#1214,.T.);
#591=ORIENTED_EDGE('',*,*,#960,.T.);
#592=ORIENTED_EDGE('',*,*,#1215,.T.);
#593=ORIENTED_EDGE('',*,*,#1025,.T.);
#594=ORIENTED_EDGE('',*,*,#1214,.F.);
#595=ORIENTED_EDGE('',*,*,#1216,.T.);
#596=ORIENTED_EDGE('',*,*,#1212,.T.);
#597=ORIENTED_EDGE('',*,*,#961,.T.);
#598=ORIENTED_EDGE('',*,*,#1213,.F.);
#599=ORIENTED_EDGE('',*,*,#1207,.T.);
#600=ORIENTED_EDGE('',*,*,#1210,.T.);
#601=ORIENTED_EDGE('',*,*,#1216,.F.);
#602=ORIENTED_EDGE('',*,*,#1217,.F.);
#603=ORIENTED_EDGE('',*,*,#1218,.T.);
#604=ORIENTED_EDGE('',*,*,#1016,.T.);
#605=ORIENTED_EDGE('',*,*,#1219,.F.);
#606=ORIENTED_EDGE('',*,*,#1220,.F.);
#607=ORIENTED_EDGE('',*,*,#1219,.T.);
#608=ORIENTED_EDGE('',*,*,#1015,.F.);
#609=ORIENTED_EDGE('',*,*,#1221,.F.);
#610=ORIENTED_EDGE('',*,*,#946,.F.);
#611=ORIENTED_EDGE('',*,*,#1222,.F.);
#612=ORIENTED_EDGE('',*,*,#1218,.F.);
#613=ORIENTED_EDGE('',*,*,#1223,.T.);
#614=ORIENTED_EDGE('',*,*,#1224,.T.);
#615=ORIENTED_EDGE('',*,*,#952,.T.);
#616=ORIENTED_EDGE('',*,*,#1225,.T.);
#617=ORIENTED_EDGE('',*,*,#1017,.T.);
#618=ORIENTED_EDGE('',*,*,#1224,.F.);
#619=ORIENTED_EDGE('',*,*,#1226,.T.);
#620=ORIENTED_EDGE('',*,*,#1222,.T.);
#621=ORIENTED_EDGE('',*,*,#953,.T.);
#622=ORIENTED_EDGE('',*,*,#1223,.F.);
#623=ORIENTED_EDGE('',*,*,#1217,.T.);
#624=ORIENTED_EDGE('',*,*,#1220,.T.);
#625=ORIENTED_EDGE('',*,*,#1226,.F.);
#626=ORIENTED_EDGE('',*,*,#959,.T.);
#627=ORIENTED_EDGE('',*,*,#1227,.T.);
#628=ORIENTED_EDGE('',*,*,#1026,.T.);
#629=ORIENTED_EDGE('',*,*,#1215,.F.);
#630=ORIENTED_EDGE('',*,*,#958,.T.);
#631=ORIENTED_EDGE('',*,*,#1228,.T.);
#632=ORIENTED_EDGE('',*,*,#1027,.T.);
#633=ORIENTED_EDGE('',*,*,#1227,.F.);
#634=ORIENTED_EDGE('',*,*,#957,.T.);
#635=ORIENTED_EDGE('',*,*,#1229,.T.);
#636=ORIENTED_EDGE('',*,*,#1028,.T.);
#637=ORIENTED_EDGE('',*,*,#1228,.F.);
#638=ORIENTED_EDGE('',*,*,#956,.T.);
#639=ORIENTED_EDGE('',*,*,#1230,.T.);
#640=ORIENTED_EDGE('',*,*,#1029,.T.);
#641=ORIENTED_EDGE('',*,*,#1229,.F.);
#642=ORIENTED_EDGE('',*,*,#955,.T.);
#643=ORIENTED_EDGE('',*,*,#1211,.T.);
#644=ORIENTED_EDGE('',*,*,#1022,.T.);
#645=ORIENTED_EDGE('',*,*,#1230,.F.);
#646=ORIENTED_EDGE('',*,*,#951,.T.);
#647=ORIENTED_EDGE('',*,*,#1231,.T.);
#648=ORIENTED_EDGE('',*,*,#1018,.T.);
#649=ORIENTED_EDGE('',*,*,#1225,.F.);
#650=ORIENTED_EDGE('',*,*,#950,.T.);
#651=ORIENTED_EDGE('',*,*,#1232,.T.);
#652=ORIENTED_EDGE('',*,*,#1019,.T.);
#653=ORIENTED_EDGE('',*,*,#1231,.F.);
#654=ORIENTED_EDGE('',*,*,#949,.T.);
#655=ORIENTED_EDGE('',*,*,#1233,.T.);
#656=ORIENTED_EDGE('',*,*,#1020,.T.);
#657=ORIENTED_EDGE('',*,*,#1232,.F.);
#658=ORIENTED_EDGE('',*,*,#948,.T.);
#659=ORIENTED_EDGE('',*,*,#1234,.T.);
#660=ORIENTED_EDGE('',*,*,#1021,.T.);
#661=ORIENTED_EDGE('',*,*,#1233,.F.);
#662=ORIENTED_EDGE('',*,*,#947,.T.);
#663=ORIENTED_EDGE('',*,*,#1221,.T.);
#664=ORIENTED_EDGE('',*,*,#1014,.T.);
#665=ORIENTED_EDGE('',*,*,#1234,.F.);
#666=ORIENTED_EDGE('',*,*,#1235,.F.);
#667=ORIENTED_EDGE('',*,*,#1236,.T.);
#668=ORIENTED_EDGE('',*,*,#994,.T.);
#669=ORIENTED_EDGE('',*,*,#1237,.T.);
#670=ORIENTED_EDGE('',*,*,#920,.F.);
#671=ORIENTED_EDGE('',*,*,#1238,.F.);
#672=ORIENTED_EDGE('',*,*,#1060,.F.);
#673=ORIENTED_EDGE('',*,*,#1239,.T.);
#674=ORIENTED_EDGE('',*,*,#1238,.T.);
#675=ORIENTED_EDGE('',*,*,#919,.T.);
#676=ORIENTED_EDGE('',*,*,#997,.F.);
#677=ORIENTED_EDGE('',*,*,#1057,.T.);
#678=ORIENTED_EDGE('',*,*,#1240,.T.);
#679=ORIENTED_EDGE('',*,*,#921,.T.);
#680=ORIENTED_EDGE('',*,*,#1237,.F.);
#681=ORIENTED_EDGE('',*,*,#1241,.F.);
#682=ORIENTED_EDGE('',*,*,#1175,.T.);
#683=ORIENTED_EDGE('',*,*,#922,.T.);
#684=ORIENTED_EDGE('',*,*,#1240,.F.);
#685=ORIENTED_EDGE('',*,*,#1052,.F.);
#686=ORIENTED_EDGE('',*,*,#969,.F.);
#687=ORIENTED_EDGE('',*,*,#1048,.T.);
#688=ORIENTED_EDGE('',*,*,#1178,.T.);
#689=ORIENTED_EDGE('',*,*,#1241,.T.);
#690=ORIENTED_EDGE('',*,*,#1056,.T.);
#691=ORIENTED_EDGE('',*,*,#1031,.F.);
#692=ORIENTED_EDGE('',*,*,#1202,.T.);
#693=ORIENTED_EDGE('',*,*,#1242,.T.);
#694=ORIENTED_EDGE('',*,*,#1243,.T.);
#695=ORIENTED_EDGE('',*,*,#1036,.F.);
#696=ORIENTED_EDGE('',*,*,#1034,.T.);
#697=ORIENTED_EDGE('',*,*,#1244,.F.);
#698=ORIENTED_EDGE('',*,*,#1245,.F.);
#699=ORIENTED_EDGE('',*,*,#1033,.T.);
#700=ORIENTED_EDGE('',*,*,#1246,.F.);
#701=ORIENTED_EDGE('',*,*,#1247,.F.);
#702=ORIENTED_EDGE('',*,*,#1244,.T.);
#703=ORIENTED_EDGE('',*,*,#1248,.T.);
#704=ORIENTED_EDGE('',*,*,#1204,.T.);
#705=ORIENTED_EDGE('',*,*,#910,.F.);
#706=ORIENTED_EDGE('',*,*,#1249,.F.);
#707=ORIENTED_EDGE('',*,*,#909,.T.);
#708=ORIENTED_EDGE('',*,*,#1250,.F.);
#709=ORIENTED_EDGE('',*,*,#1251,.F.);
#710=ORIENTED_EDGE('',*,*,#1249,.T.);
#711=ORIENTED_EDGE('',*,*,#933,.T.);
#712=ORIENTED_EDGE('',*,*,#1252,.F.);
#713=ORIENTED_EDGE('',*,*,#1253,.F.);
#714=ORIENTED_EDGE('',*,*,#1250,.T.);
#715=ORIENTED_EDGE('',*,*,#932,.F.);
#716=ORIENTED_EDGE('',*,*,#1038,.T.);
#717=ORIENTED_EDGE('',*,*,#1254,.T.);
#718=ORIENTED_EDGE('',*,*,#1252,.T.);
#719=ORIENTED_EDGE('',*,*,#1032,.F.);
#720=ORIENTED_EDGE('',*,*,#1243,.F.);
#721=ORIENTED_EDGE('',*,*,#1255,.T.);
#722=ORIENTED_EDGE('',*,*,#1246,.T.);
#723=ORIENTED_EDGE('',*,*,#1254,.F.);
#724=ORIENTED_EDGE('',*,*,#1037,.T.);
#725=ORIENTED_EDGE('',*,*,#1245,.T.);
#726=ORIENTED_EDGE('',*,*,#1247,.T.);
#727=ORIENTED_EDGE('',*,*,#1255,.F.);
#728=ORIENTED_EDGE('',*,*,#1242,.F.);
#729=ORIENTED_EDGE('',*,*,#1205,.T.);
#730=ORIENTED_EDGE('',*,*,#1248,.F.);
#731=ORIENTED_EDGE('',*,*,#1251,.T.);
#732=ORIENTED_EDGE('',*,*,#1253,.T.);
#733=ORIENTED_EDGE('',*,*,#1256,.F.);
#734=ORIENTED_EDGE('',*,*,#1206,.T.);
#735=ORIENTED_EDGE('',*,*,#1256,.T.);
#736=ORIENTED_EDGE('',*,*,#1257,.F.);
#737=ORIENTED_EDGE('',*,*,#1201,.T.);
#738=ORIENTED_EDGE('',*,*,#1257,.T.);
#739=ORIENTED_EDGE('',*,*,#1258,.F.);
#740=ORIENTED_EDGE('',*,*,#1197,.T.);
#741=ORIENTED_EDGE('',*,*,#1258,.T.);
#742=ORIENTED_EDGE('',*,*,#1259,.F.);
#743=ORIENTED_EDGE('',*,*,#1180,.T.);
#744=ORIENTED_EDGE('',*,*,#1259,.T.);
#745=ORIENTED_EDGE('',*,*,#1009,.T.);
#746=ORIENTED_EDGE('',*,*,#1260,.T.);
#747=ORIENTED_EDGE('',*,*,#1013,.T.);
#748=ORIENTED_EDGE('',*,*,#1261,.T.);
#749=ORIENTED_EDGE('',*,*,#1005,.F.);
#750=ORIENTED_EDGE('',*,*,#1117,.F.);
#751=ORIENTED_EDGE('',*,*,#1042,.T.);
#752=ORIENTED_EDGE('',*,*,#967,.F.);
#753=ORIENTED_EDGE('',*,*,#1051,.F.);
#754=ORIENTED_EDGE('',*,*,#1141,.F.);
#755=ORIENTED_EDGE('',*,*,#987,.T.);
#756=ORIENTED_EDGE('',*,*,#1143,.T.);
#757=ORIENTED_EDGE('',*,*,#1262,.F.);
#758=ORIENTED_EDGE('',*,*,#1058,.F.);
#759=ORIENTED_EDGE('',*,*,#1054,.T.);
#760=ORIENTED_EDGE('',*,*,#995,.F.);
#761=ORIENTED_EDGE('',*,*,#1236,.F.);
#762=ORIENTED_EDGE('',*,*,#1263,.T.);
#763=ORIENTED_EDGE('',*,*,#1049,.T.);
#764=ORIENTED_EDGE('',*,*,#1055,.F.);
#765=ORIENTED_EDGE('',*,*,#1263,.F.);
#766=ORIENTED_EDGE('',*,*,#1235,.T.);
#767=ORIENTED_EDGE('',*,*,#1239,.F.);
#768=ORIENTED_EDGE('',*,*,#1059,.F.);
#769=ORIENTED_EDGE('',*,*,#1262,.T.);
#770=ORIENTED_EDGE('',*,*,#1142,.T.);
#771=ORIENTED_EDGE('',*,*,#977,.T.);
#772=ORIENTED_EDGE('',*,*,#1124,.T.);
#773=ORIENTED_EDGE('',*,*,#1264,.F.);
#774=ORIENTED_EDGE('',*,*,#1067,.F.);
#775=ORIENTED_EDGE('',*,*,#1069,.T.);
#776=ORIENTED_EDGE('',*,*,#1265,.T.);
#777=ORIENTED_EDGE('',*,*,#1122,.F.);
#778=ORIENTED_EDGE('',*,*,#979,.F.);
#779=ORIENTED_EDGE('',*,*,#1264,.T.);
#780=ORIENTED_EDGE('',*,*,#1123,.T.);
#781=ORIENTED_EDGE('',*,*,#1265,.F.);
#782=ORIENTED_EDGE('',*,*,#1068,.F.);
#783=ORIENTED_EDGE('',*,*,#998,.T.);
#784=ORIENTED_EDGE('',*,*,#1127,.T.);
#785=ORIENTED_EDGE('',*,*,#1266,.F.);
#786=ORIENTED_EDGE('',*,*,#1064,.F.);
#787=ORIENTED_EDGE('',*,*,#1066,.T.);
#788=ORIENTED_EDGE('',*,*,#1267,.T.);
#789=ORIENTED_EDGE('',*,*,#1125,.F.);
#790=ORIENTED_EDGE('',*,*,#975,.F.);
#791=ORIENTED_EDGE('',*,*,#1266,.T.);
#792=ORIENTED_EDGE('',*,*,#1126,.T.);
#793=ORIENTED_EDGE('',*,*,#1267,.F.);
#794=ORIENTED_EDGE('',*,*,#1065,.F.);
#795=ORIENTED_EDGE('',*,*,#1268,.F.);
#796=ORIENTED_EDGE('',*,*,#972,.F.);
#797=ORIENTED_EDGE('',*,*,#1269,.T.);
#798=ORIENTED_EDGE('',*,*,#1270,.T.);
#799=ORIENTED_EDGE('',*,*,#1271,.F.);
#800=ORIENTED_EDGE('',*,*,#1270,.F.);
#801=ORIENTED_EDGE('',*,*,#1272,.T.);
#802=ORIENTED_EDGE('',*,*,#970,.T.);
#803=ORIENTED_EDGE('',*,*,#1269,.F.);
#804=ORIENTED_EDGE('',*,*,#971,.F.);
#805=ORIENTED_EDGE('',*,*,#1272,.F.);
#806=ORIENTED_EDGE('',*,*,#1268,.T.);
#807=ORIENTED_EDGE('',*,*,#1271,.T.);
#808=ORIENTED_EDGE('',*,*,#973,.T.);
#809=ORIENTED_EDGE('',*,*,#1273,.F.);
#810=ORIENTED_EDGE('',*,*,#1274,.T.);
#811=ORIENTED_EDGE('',*,*,#1275,.T.);
#812=ORIENTED_EDGE('',*,*,#962,.F.);
#813=ORIENTED_EDGE('',*,*,#1276,.F.);
#814=ORIENTED_EDGE('',*,*,#1277,.T.);
#815=ORIENTED_EDGE('',*,*,#1273,.T.);
#816=ORIENTED_EDGE('',*,*,#965,.T.);
#817=ORIENTED_EDGE('',*,*,#1278,.F.);
#818=ORIENTED_EDGE('',*,*,#1279,.T.);
#819=ORIENTED_EDGE('',*,*,#1276,.T.);
#820=ORIENTED_EDGE('',*,*,#964,.T.);
#821=ORIENTED_EDGE('',*,*,#1275,.F.);
#822=ORIENTED_EDGE('',*,*,#1280,.T.);
#823=ORIENTED_EDGE('',*,*,#1278,.T.);
#824=ORIENTED_EDGE('',*,*,#963,.F.);
#825=ORIENTED_EDGE('',*,*,#1281,.F.);
#826=ORIENTED_EDGE('',*,*,#906,.F.);
#827=ORIENTED_EDGE('',*,*,#1282,.F.);
#828=ORIENTED_EDGE('',*,*,#1277,.F.);
#829=ORIENTED_EDGE('',*,*,#1282,.T.);
#830=ORIENTED_EDGE('',*,*,#905,.F.);
#831=ORIENTED_EDGE('',*,*,#1283,.F.);
#832=ORIENTED_EDGE('',*,*,#1274,.F.);
#833=ORIENTED_EDGE('',*,*,#1281,.T.);
#834=ORIENTED_EDGE('',*,*,#1279,.F.);
#835=ORIENTED_EDGE('',*,*,#1284,.F.);
#836=ORIENTED_EDGE('',*,*,#903,.F.);
#837=ORIENTED_EDGE('',*,*,#1283,.T.);
#838=ORIENTED_EDGE('',*,*,#904,.F.);
#839=ORIENTED_EDGE('',*,*,#1284,.T.);
#840=ORIENTED_EDGE('',*,*,#1280,.F.);
#841=ORIENTED_EDGE('',*,*,#1008,.F.);
#842=ORIENTED_EDGE('',*,*,#1285,.T.);
#843=ORIENTED_EDGE('',*,*,#1010,.F.);
#844=ORIENTED_EDGE('',*,*,#1260,.F.);
#845=ORIENTED_EDGE('',*,*,#1012,.F.);
#846=ORIENTED_EDGE('',*,*,#1286,.T.);
#847=ORIENTED_EDGE('',*,*,#1002,.F.);
#848=ORIENTED_EDGE('',*,*,#1261,.F.);
#849=ORIENTED_EDGE('',*,*,#1287,.F.);
#850=ORIENTED_EDGE('',*,*,#940,.F.);
#851=ORIENTED_EDGE('',*,*,#1288,.F.);
#852=ORIENTED_EDGE('',*,*,#1136,.F.);
#853=ORIENTED_EDGE('',*,*,#1288,.T.);
#854=ORIENTED_EDGE('',*,*,#939,.F.);
#855=ORIENTED_EDGE('',*,*,#1289,.F.);
#856=ORIENTED_EDGE('',*,*,#1138,.F.);
#857=ORIENTED_EDGE('',*,*,#1287,.T.);
#858=ORIENTED_EDGE('',*,*,#1134,.F.);
#859=ORIENTED_EDGE('',*,*,#1290,.F.);
#860=ORIENTED_EDGE('',*,*,#941,.F.);
#861=ORIENTED_EDGE('',*,*,#1289,.T.);
#862=ORIENTED_EDGE('',*,*,#938,.F.);
#863=ORIENTED_EDGE('',*,*,#1291,.F.);
#864=ORIENTED_EDGE('',*,*,#1140,.F.);
#865=ORIENTED_EDGE('',*,*,#1290,.T.);
#866=ORIENTED_EDGE('',*,*,#1132,.F.);
#867=ORIENTED_EDGE('',*,*,#1292,.F.);
#868=ORIENTED_EDGE('',*,*,#942,.F.);
#869=ORIENTED_EDGE('',*,*,#1291,.T.);
#870=ORIENTED_EDGE('',*,*,#937,.F.);
#871=ORIENTED_EDGE('',*,*,#1293,.F.);
#872=ORIENTED_EDGE('',*,*,#1007,.F.);
#873=ORIENTED_EDGE('',*,*,#1292,.T.);
#874=ORIENTED_EDGE('',*,*,#1130,.F.);
#875=ORIENTED_EDGE('',*,*,#1294,.F.);
#876=ORIENTED_EDGE('',*,*,#943,.F.);
#877=ORIENTED_EDGE('',*,*,#1285,.F.);
#878=ORIENTED_EDGE('',*,*,#1293,.T.);
#879=ORIENTED_EDGE('',*,*,#1295,.F.);
#880=ORIENTED_EDGE('',*,*,#1294,.T.);
#881=ORIENTED_EDGE('',*,*,#1120,.F.);
#882=ORIENTED_EDGE('',*,*,#1296,.F.);
#883=ORIENTED_EDGE('',*,*,#944,.F.);
#884=ORIENTED_EDGE('',*,*,#1295,.T.);
#885=ORIENTED_EDGE('',*,*,#936,.F.);
#886=ORIENTED_EDGE('',*,*,#1297,.F.);
#887=ORIENTED_EDGE('',*,*,#1011,.F.);
#888=ORIENTED_EDGE('',*,*,#1296,.T.);
#889=ORIENTED_EDGE('',*,*,#1118,.F.);
#890=ORIENTED_EDGE('',*,*,#1298,.F.);
#891=ORIENTED_EDGE('',*,*,#945,.F.);
#892=ORIENTED_EDGE('',*,*,#1286,.F.);
#893=ORIENTED_EDGE('',*,*,#1297,.T.);
#894=ORIENTED_EDGE('',*,*,#1299,.F.);
#895=ORIENTED_EDGE('',*,*,#1298,.T.);
#896=ORIENTED_EDGE('',*,*,#1115,.F.);
#897=ORIENTED_EDGE('',*,*,#1300,.F.);
#898=ORIENTED_EDGE('',*,*,#934,.F.);
#899=ORIENTED_EDGE('',*,*,#1299,.T.);
#900=ORIENTED_EDGE('',*,*,#935,.F.);
#901=ORIENTED_EDGE('',*,*,#1300,.T.);
#902=ORIENTED_EDGE('',*,*,#1003,.F.);
#903=EDGE_CURVE('',#1301,#1302,#1565,.T.);
#904=EDGE_CURVE('',#1302,#1303,#1566,.T.);
#905=EDGE_CURVE('',#1303,#1304,#1567,.T.);
#906=EDGE_CURVE('',#1304,#1301,#1568,.T.);
#907=EDGE_CURVE('',#1305,#1305,#49,.T.);
#908=EDGE_CURVE('',#1306,#1306,#50,.T.);
#909=EDGE_CURVE('',#1307,#1308,#1569,.T.);
#910=EDGE_CURVE('',#1307,#1309,#1570,.T.);
#911=EDGE_CURVE('',#1309,#1310,#1571,.T.);
#912=EDGE_CURVE('',#1310,#1311,#1572,.T.);
#913=EDGE_CURVE('',#1312,#1311,#1573,.T.);
#914=EDGE_CURVE('',#1313,#1312,#1574,.T.);
#915=EDGE_CURVE('',#1313,#1314,#1575,.T.);
#916=EDGE_CURVE('',#1315,#1314,#1576,.T.);
#917=EDGE_CURVE('',#1316,#1315,#1577,.T.);
#918=EDGE_CURVE('',#1316,#1317,#1578,.T.);
#919=EDGE_CURVE('',#1318,#1317,#1579,.T.);
#920=EDGE_CURVE('',#1318,#1319,#1580,.T.);
#921=EDGE_CURVE('',#1320,#1319,#1581,.T.);
#922=EDGE_CURVE('',#1321,#1320,#1582,.T.);
#923=EDGE_CURVE('',#1321,#1322,#1583,.T.);
#924=EDGE_CURVE('',#1322,#1323,#1584,.T.);
#925=EDGE_CURVE('',#1324,#1323,#1585,.T.);
#926=EDGE_CURVE('',#1324,#1325,#1586,.T.);
#927=EDGE_CURVE('',#1326,#1325,#51,.T.);
#928=EDGE_CURVE('',#1327,#1326,#1587,.T.);
#929=EDGE_CURVE('',#1328,#1327,#1588,.T.);
#930=EDGE_CURVE('',#1328,#1329,#1589,.T.);
#931=EDGE_CURVE('',#1329,#1330,#1590,.T.);
#932=EDGE_CURVE('',#1330,#1331,#1591,.T.);
#933=EDGE_CURVE('',#1308,#1331,#1592,.T.);
#934=EDGE_CURVE('',#1332,#1333,#1593,.F.);
#935=EDGE_CURVE('',#1333,#1334,#1594,.F.);
#936=EDGE_CURVE('',#1334,#1335,#1595,.T.);
#937=EDGE_CURVE('',#1335,#1336,#1596,.T.);
#938=EDGE_CURVE('',#1336,#1337,#1597,.F.);
#939=EDGE_CURVE('',#1337,#1338,#52,.F.);
#940=EDGE_CURVE('',#1338,#1339,#1598,.F.);
#941=EDGE_CURVE('',#1339,#1340,#53,.F.);
#942=EDGE_CURVE('',#1340,#1341,#1599,.F.);
#943=EDGE_CURVE('',#1341,#1342,#54,.F.);
#944=EDGE_CURVE('',#1342,#1343,#1600,.F.);
#945=EDGE_CURVE('',#1343,#1332,#55,.F.);
#946=EDGE_CURVE('',#1344,#1345,#1601,.T.);
#947=EDGE_CURVE('',#1346,#1345,#1602,.T.);
#948=EDGE_CURVE('',#1347,#1346,#1603,.T.);
#949=EDGE_CURVE('',#1348,#1347,#1604,.T.);
#950=EDGE_CURVE('',#1349,#1348,#1605,.T.);
#951=EDGE_CURVE('',#1350,#1349,#1606,.T.);
#952=EDGE_CURVE('',#1351,#1350,#1607,.T.);
#953=EDGE_CURVE('',#1344,#1351,#1608,.T.);
#954=EDGE_CURVE('',#1352,#1353,#1609,.T.);
#955=EDGE_CURVE('',#1354,#1353,#1610,.T.);
#956=EDGE_CURVE('',#1355,#1354,#1611,.T.);
#957=EDGE_CURVE('',#1356,#1355,#1612,.T.);
#958=EDGE_CURVE('',#1357,#1356,#1613,.T.);
#959=EDGE_CURVE('',#1358,#1357,#1614,.T.);
#960=EDGE_CURVE('',#1359,#1358,#1615,.T.);
#961=EDGE_CURVE('',#1352,#1359,#1616,.T.);
#962=EDGE_CURVE('',#1360,#1361,#1617,.T.);
#963=EDGE_CURVE('',#1361,#1362,#1618,.T.);
#964=EDGE_CURVE('',#1363,#1362,#1619,.T.);
#965=EDGE_CURVE('',#1360,#1363,#1620,.T.);
#966=EDGE_CURVE('',#1364,#1365,#1621,.T.);
#967=EDGE_CURVE('',#1365,#1366,#1622,.T.);
#968=EDGE_CURVE('',#1367,#1366,#1623,.T.);
#969=EDGE_CURVE('',#1367,#1364,#1624,.T.);
#970=EDGE_CURVE('',#1368,#1369,#1625,.T.);
#971=EDGE_CURVE('',#1368,#1370,#1626,.T.);
#972=EDGE_CURVE('',#1370,#1371,#1627,.T.);
#973=EDGE_CURVE('',#1369,#1371,#1628,.T.);
#974=EDGE_CURVE('',#1372,#1373,#1629,.T.);
#975=EDGE_CURVE('',#1372,#1374,#1630,.T.);
#976=EDGE_CURVE('',#1374,#1375,#1631,.T.);
#977=EDGE_CURVE('',#1373,#1375,#1632,.T.);
#978=EDGE_CURVE('',#1376,#1377,#1633,.T.);
#979=EDGE_CURVE('',#1376,#1378,#1634,.T.);
#980=EDGE_CURVE('',#1378,#1379,#1635,.T.);
#981=EDGE_CURVE('',#1379,#1380,#56,.T.);
#982=EDGE_CURVE('',#1380,#1381,#1636,.T.);
#983=EDGE_CURVE('',#1381,#1382,#57,.T.);
#984=EDGE_CURVE('',#1382,#1383,#1637,.T.);
#985=EDGE_CURVE('',#1383,#1384,#58,.T.);
#986=EDGE_CURVE('',#1384,#1385,#1638,.T.);
#987=EDGE_CURVE('',#1386,#1385,#1639,.T.);
#988=EDGE_CURVE('',#1387,#1386,#1640,.T.);
#989=EDGE_CURVE('',#1388,#1387,#59,.T.);
#990=EDGE_CURVE('',#1389,#1388,#1641,.T.);
#991=EDGE_CURVE('',#1390,#1389,#60,.T.);
#992=EDGE_CURVE('',#1391,#1390,#1642,.T.);
#993=EDGE_CURVE('',#1377,#1391,#61,.T.);
#994=EDGE_CURVE('',#1392,#1393,#1643,.T.);
#995=EDGE_CURVE('',#1392,#1394,#1644,.T.);
#996=EDGE_CURVE('',#1394,#1395,#1645,.T.);
#997=EDGE_CURVE('',#1395,#1393,#1646,.T.);
#998=EDGE_CURVE('',#1396,#1397,#1647,.T.);
#999=EDGE_CURVE('',#1398,#1396,#1648,.T.);
#1000=EDGE_CURVE('',#1399,#1398,#1649,.T.);
#1001=EDGE_CURVE('',#1399,#1397,#1650,.T.);
#1002=EDGE_CURVE('',#1400,#1401,#1651,.F.);
#1003=EDGE_CURVE('',#1401,#1402,#1652,.T.);
#1004=EDGE_CURVE('',#1402,#1403,#1653,.T.);
#1005=EDGE_CURVE('',#1403,#1400,#1654,.T.);
#1006=EDGE_CURVE('',#1404,#1405,#1655,.T.);
#1007=EDGE_CURVE('',#1404,#1406,#1656,.F.);
#1008=EDGE_CURVE('',#1406,#1407,#1657,.T.);
#1009=EDGE_CURVE('',#1405,#1407,#1658,.T.);
#1010=EDGE_CURVE('',#1408,#1409,#1659,.F.);
#1011=EDGE_CURVE('',#1409,#1410,#1660,.F.);
#1012=EDGE_CURVE('',#1410,#1411,#1661,.T.);
#1013=EDGE_CURVE('',#1408,#1411,#1662,.T.);
#1014=EDGE_CURVE('',#1412,#1413,#1663,.T.);
#1015=EDGE_CURVE('',#1412,#1414,#1664,.T.);
#1016=EDGE_CURVE('',#1415,#1414,#1665,.T.);
#1017=EDGE_CURVE('',#1416,#1415,#1666,.T.);
#1018=EDGE_CURVE('',#1417,#1416,#1667,.T.);
#1019=EDGE_CURVE('',#1418,#1417,#1668,.T.);
#1020=EDGE_CURVE('',#1419,#1418,#1669,.T.);
#1021=EDGE_CURVE('',#1413,#1419,#1670,.T.);
#1022=EDGE_CURVE('',#1420,#1421,#1671,.T.);
#1023=EDGE_CURVE('',#1420,#1422,#1672,.T.);
#1024=EDGE_CURVE('',#1423,#1422,#1673,.T.);
#1025=EDGE_CURVE('',#1424,#1423,#1674,.T.);
#1026=EDGE_CURVE('',#1425,#1424,#1675,.T.);
#1027=EDGE_CURVE('',#1426,#1425,#1676,.T.);
#1028=EDGE_CURVE('',#1427,#1426,#1677,.T.);
#1029=EDGE_CURVE('',#1421,#1427,#1678,.T.);
#1030=EDGE_CURVE('',#1428,#1429,#1679,.T.);
#1031=EDGE_CURVE('',#1429,#1430,#1680,.T.);
#1032=EDGE_CURVE('',#1430,#1431,#1681,.T.);
#1033=EDGE_CURVE('',#1432,#1431,#1682,.T.);
#1034=EDGE_CURVE('',#1433,#1432,#1683,.T.);
#1035=EDGE_CURVE('',#1433,#1428,#1684,.T.);
#1036=EDGE_CURVE('',#1433,#1434,#1685,.T.);
#1037=EDGE_CURVE('',#1435,#1434,#1686,.T.);
#1038=EDGE_CURVE('',#1330,#1435,#1687,.T.);
#1039=EDGE_CURVE('',#1436,#1329,#1688,.T.);
#1040=EDGE_CURVE('',#1436,#1437,#1689,.T.);
#1041=EDGE_CURVE('',#1437,#1428,#1690,.T.);
#1042=EDGE_CURVE('',#1438,#1366,#1691,.T.);
#1043=EDGE_CURVE('',#1438,#1439,#1692,.T.);
#1044=EDGE_CURVE('',#1439,#1440,#1693,.T.);
#1045=EDGE_CURVE('',#1441,#1440,#1694,.T.);
#1046=EDGE_CURVE('',#1442,#1441,#1695,.T.);
#1047=EDGE_CURVE('',#1442,#1443,#1696,.T.);
#1048=EDGE_CURVE('',#1367,#1443,#1697,.T.);
#1049=EDGE_CURVE('',#1444,#1445,#1698,.T.);
#1050=EDGE_CURVE('',#1446,#1444,#1699,.T.);
#1051=EDGE_CURVE('',#1446,#1365,#1700,.T.);
#1052=EDGE_CURVE('',#1364,#1447,#1701,.T.);
#1053=EDGE_CURVE('',#1445,#1447,#1702,.T.);
#1054=EDGE_CURVE('',#1448,#1394,#1703,.T.);
#1055=EDGE_CURVE('',#1448,#1445,#1704,.T.);
#1056=EDGE_CURVE('',#1449,#1447,#1705,.T.);
#1057=EDGE_CURVE('',#1395,#1449,#1706,.T.);
#1058=EDGE_CURVE('',#1386,#1450,#1707,.T.);
#1059=EDGE_CURVE('',#1450,#1451,#1708,.T.);
#1060=EDGE_CURVE('',#1451,#1317,#1709,.T.);
#1061=EDGE_CURVE('',#1452,#1316,#1710,.T.);
#1062=EDGE_CURVE('',#1453,#1452,#1711,.T.);
#1063=EDGE_CURVE('',#1453,#1387,#1712,.T.);
#1064=EDGE_CURVE('',#1396,#1454,#1713,.T.);
#1065=EDGE_CURVE('',#1454,#1455,#1714,.T.);
#1066=EDGE_CURVE('',#1372,#1455,#1715,.T.);
#1067=EDGE_CURVE('',#1373,#1456,#1716,.T.);
#1068=EDGE_CURVE('',#1456,#1457,#1717,.T.);
#1069=EDGE_CURVE('',#1376,#1457,#1718,.T.);
#1070=EDGE_CURVE('',#1458,#1377,#1719,.T.);
#1071=EDGE_CURVE('',#1436,#1458,#1720,.T.);
#1072=EDGE_CURVE('',#1459,#1328,#1721,.T.);
#1073=EDGE_CURVE('',#1460,#1459,#1722,.T.);
#1074=EDGE_CURVE('',#1460,#1398,#1723,.T.);
#1075=EDGE_CURVE('',#1461,#1462,#1724,.T.);
#1076=EDGE_CURVE('',#1461,#1391,#1725,.T.);
#1077=EDGE_CURVE('',#1463,#1390,#1726,.T.);
#1078=EDGE_CURVE('',#1464,#1463,#1727,.T.);
#1079=EDGE_CURVE('',#1464,#1311,#1728,.T.);
#1080=EDGE_CURVE('',#1462,#1310,#1729,.T.);
#1081=EDGE_CURVE('',#1465,#1466,#1730,.T.);
#1082=EDGE_CURVE('',#1465,#1389,#1731,.T.);
#1083=EDGE_CURVE('',#1467,#1388,#1732,.T.);
#1084=EDGE_CURVE('',#1468,#1467,#1733,.T.);
#1085=EDGE_CURVE('',#1468,#1314,#1734,.T.);
#1086=EDGE_CURVE('',#1466,#1313,#1735,.T.);
#1087=EDGE_CURVE('',#1458,#1461,#62,.T.);
#1088=EDGE_CURVE('',#1463,#1465,#63,.T.);
#1089=EDGE_CURVE('',#1467,#1453,#64,.T.);
#1090=EDGE_CURVE('',#1469,#1327,#1736,.T.);
#1091=EDGE_CURVE('',#1469,#1470,#1737,.T.);
#1092=EDGE_CURVE('',#1471,#1470,#1738,.T.);
#1093=EDGE_CURVE('',#1459,#1471,#1739,.T.);
#1094=EDGE_CURVE('',#1472,#1473,#1740,.T.);
#1095=EDGE_CURVE('',#1474,#1472,#1741,.T.);
#1096=EDGE_CURVE('',#1474,#1475,#1742,.T.);
#1097=EDGE_CURVE('',#1475,#1476,#1743,.T.);
#1098=EDGE_CURVE('',#1477,#1476,#1744,.T.);
#1099=EDGE_CURVE('',#1473,#1477,#1745,.T.);
#1100=EDGE_CURVE('',#1441,#1478,#1746,.T.);
#1101=EDGE_CURVE('',#1440,#1479,#1747,.T.);
#1102=EDGE_CURVE('',#1478,#1479,#1748,.T.);
#1103=EDGE_CURVE('',#1478,#1474,#65,.T.);
#1104=EDGE_CURVE('',#1479,#1475,#66,.T.);
#1105=EDGE_CURVE('',#1480,#1480,#67,.F.);
#1106=EDGE_CURVE('',#1481,#1481,#68,.T.);
#1107=EDGE_CURVE('',#1482,#1483,#1749,.T.);
#1108=EDGE_CURVE('',#1482,#1484,#1750,.T.);
#1109=EDGE_CURVE('',#1484,#1485,#1751,.T.);
#1110=EDGE_CURVE('',#1483,#1485,#1752,.T.);
#1111=EDGE_CURVE('',#1439,#1486,#1753,.T.);
#1112=EDGE_CURVE('',#1486,#1487,#69,.T.);
#1113=EDGE_CURVE('',#1487,#1488,#1754,.T.);
#1114=EDGE_CURVE('',#1488,#1476,#1755,.T.);
#1115=EDGE_CURVE('',#1402,#1489,#1756,.T.);
#1116=EDGE_CURVE('',#1489,#1486,#1757,.T.);
#1117=EDGE_CURVE('',#1438,#1403,#1758,.T.);
#1118=EDGE_CURVE('',#1489,#1490,#70,.T.);
#1119=EDGE_CURVE('',#1490,#1487,#1759,.T.);
#1120=EDGE_CURVE('',#1490,#1491,#1760,.T.);
#1121=EDGE_CURVE('',#1491,#1379,#1761,.T.);
#1122=EDGE_CURVE('',#1378,#1492,#1762,.T.);
#1123=EDGE_CURVE('',#1493,#1492,#1763,.T.);
#1124=EDGE_CURVE('',#1375,#1493,#1764,.T.);
#1125=EDGE_CURVE('',#1374,#1494,#1765,.T.);
#1126=EDGE_CURVE('',#1495,#1494,#1766,.T.);
#1127=EDGE_CURVE('',#1397,#1495,#1767,.T.);
#1128=EDGE_CURVE('',#1483,#1399,#1768,.T.);
#1129=EDGE_CURVE('',#1485,#1488,#1769,.T.);
#1130=EDGE_CURVE('',#1491,#1496,#71,.T.);
#1131=EDGE_CURVE('',#1496,#1380,#1770,.T.);
#1132=EDGE_CURVE('',#1496,#1497,#1771,.T.);
#1133=EDGE_CURVE('',#1497,#1381,#1772,.T.);
#1134=EDGE_CURVE('',#1497,#1498,#72,.T.);
#1135=EDGE_CURVE('',#1498,#1382,#1773,.T.);
#1136=EDGE_CURVE('',#1498,#1499,#1774,.T.);
#1137=EDGE_CURVE('',#1499,#1383,#1775,.T.);
#1138=EDGE_CURVE('',#1499,#1500,#73,.T.);
#1139=EDGE_CURVE('',#1500,#1384,#1776,.T.);
#1140=EDGE_CURVE('',#1500,#1404,#1777,.T.);
#1141=EDGE_CURVE('',#1405,#1446,#1778,.T.);
#1142=EDGE_CURVE('',#1501,#1444,#1779,.T.);
#1143=EDGE_CURVE('',#1385,#1501,#1780,.T.);
#1144=EDGE_CURVE('',#1460,#1502,#1781,.T.);
#1145=EDGE_CURVE('',#1502,#1482,#1782,.T.);
#1146=EDGE_CURVE('',#1503,#1484,#1783,.T.);
#1147=EDGE_CURVE('',#1477,#1503,#1784,.T.);
#1148=EDGE_CURVE('',#1504,#1322,#1785,.T.);
#1149=EDGE_CURVE('',#1504,#1505,#1786,.T.);
#1150=EDGE_CURVE('',#1505,#1323,#1787,.T.);
#1151=EDGE_CURVE('',#1502,#1503,#1788,.T.);
#1152=EDGE_CURVE('',#1471,#1505,#1789,.T.);
#1153=EDGE_CURVE('',#1473,#1504,#1790,.T.);
#1154=EDGE_CURVE('',#1506,#1507,#1791,.T.);
#1155=EDGE_CURVE('',#1508,#1506,#1792,.T.);
#1156=EDGE_CURVE('',#1509,#1508,#1793,.T.);
#1157=EDGE_CURVE('',#1510,#1509,#1794,.T.);
#1158=EDGE_CURVE('',#1511,#1510,#1795,.T.);
#1159=EDGE_CURVE('',#1507,#1511,#1796,.T.);
#1160=EDGE_CURVE('',#1470,#1324,#1797,.T.);
#1161=EDGE_CURVE('',#1512,#1507,#1798,.T.);
#1162=EDGE_CURVE('',#1513,#1512,#1799,.T.);
#1163=EDGE_CURVE('',#1513,#1506,#1800,.T.);
#1164=EDGE_CURVE('',#1514,#1511,#1801,.T.);
#1165=EDGE_CURVE('',#1512,#1514,#1802,.T.);
#1166=EDGE_CURVE('',#1515,#1510,#1803,.T.);
#1167=EDGE_CURVE('',#1514,#1515,#1804,.T.);
#1168=EDGE_CURVE('',#1516,#1509,#1805,.T.);
#1169=EDGE_CURVE('',#1515,#1516,#1806,.T.);
#1170=EDGE_CURVE('',#1517,#1508,#1807,.T.);
#1171=EDGE_CURVE('',#1516,#1517,#1808,.T.);
#1172=EDGE_CURVE('',#1517,#1513,#1809,.T.);
#1173=EDGE_CURVE('',#1518,#1504,#1810,.T.);
#1174=EDGE_CURVE('',#1472,#1518,#1811,.T.);
#1175=EDGE_CURVE('',#1519,#1321,#1812,.T.);
#1176=EDGE_CURVE('',#1520,#1519,#1813,.T.);
#1177=EDGE_CURVE('',#1520,#1518,#1814,.T.);
#1178=EDGE_CURVE('',#1443,#1519,#1815,.T.);
#1179=EDGE_CURVE('',#1442,#1520,#1816,.T.);
#1180=EDGE_CURVE('',#1521,#1521,#74,.T.);
#1181=EDGE_CURVE('',#1522,#1522,#75,.T.);
#1182=EDGE_CURVE('',#1523,#1523,#76,.T.);
#1183=EDGE_CURVE('',#1524,#1524,#77,.T.);
#1184=EDGE_CURVE('',#1525,#1525,#78,.T.);
#1185=EDGE_CURVE('',#1526,#1325,#1817,.T.);
#1186=EDGE_CURVE('',#1527,#1526,#79,.T.);
#1187=EDGE_CURVE('',#1527,#1326,#1818,.T.);
#1188=EDGE_CURVE('',#1470,#1526,#1819,.T.);
#1189=EDGE_CURVE('',#1528,#1528,#80,.T.);
#1190=EDGE_CURVE('',#1529,#1529,#81,.F.);
#1191=EDGE_CURVE('',#1469,#1527,#1820,.T.);
#1192=EDGE_CURVE('',#1530,#1530,#82,.T.);
#1193=EDGE_CURVE('',#1531,#1531,#83,.T.);
#1194=EDGE_CURVE('',#1452,#1532,#1821,.T.);
#1195=EDGE_CURVE('',#1532,#1315,#1822,.T.);
#1196=EDGE_CURVE('',#1532,#1468,#1823,.T.);
#1197=EDGE_CURVE('',#1533,#1533,#84,.T.);
#1198=EDGE_CURVE('',#1466,#1534,#1824,.T.);
#1199=EDGE_CURVE('',#1534,#1312,#1825,.T.);
#1200=EDGE_CURVE('',#1534,#1464,#1826,.T.);
#1201=EDGE_CURVE('',#1535,#1535,#85,.T.);
#1202=EDGE_CURVE('',#1429,#1536,#1827,.T.);
#1203=EDGE_CURVE('',#1437,#1462,#1828,.T.);
#1204=EDGE_CURVE('',#1537,#1309,#1829,.T.);
#1205=EDGE_CURVE('',#1536,#1537,#1830,.T.);
#1206=EDGE_CURVE('',#1538,#1538,#86,.T.);
#1207=EDGE_CURVE('',#1539,#1540,#1831,.T.);
#1208=EDGE_CURVE('',#1539,#1423,#1832,.T.);
#1209=EDGE_CURVE('',#1540,#1422,#1833,.T.);
#1210=EDGE_CURVE('',#1540,#1541,#1834,.T.);
#1211=EDGE_CURVE('',#1353,#1420,#1835,.T.);
#1212=EDGE_CURVE('',#1541,#1352,#1836,.T.);
#1213=EDGE_CURVE('',#1539,#1542,#1837,.T.);
#1214=EDGE_CURVE('',#1542,#1359,#1838,.T.);
#1215=EDGE_CURVE('',#1358,#1424,#1839,.T.);
#1216=EDGE_CURVE('',#1542,#1541,#1840,.T.);
#1217=EDGE_CURVE('',#1543,#1544,#1841,.T.);
#1218=EDGE_CURVE('',#1543,#1415,#1842,.T.);
#1219=EDGE_CURVE('',#1544,#1414,#1843,.T.);
#1220=EDGE_CURVE('',#1544,#1545,#1844,.T.);
#1221=EDGE_CURVE('',#1345,#1412,#1845,.T.);
#1222=EDGE_CURVE('',#1545,#1344,#1846,.T.);
#1223=EDGE_CURVE('',#1543,#1546,#1847,.T.);
#1224=EDGE_CURVE('',#1546,#1351,#1848,.T.);
#1225=EDGE_CURVE('',#1350,#1416,#1849,.T.);
#1226=EDGE_CURVE('',#1546,#1545,#1850,.T.);
#1227=EDGE_CURVE('',#1357,#1425,#1851,.T.);
#1228=EDGE_CURVE('',#1356,#1426,#1852,.T.);
#1229=EDGE_CURVE('',#1355,#1427,#1853,.T.);
#1230=EDGE_CURVE('',#1354,#1421,#1854,.T.);
#1231=EDGE_CURVE('',#1349,#1417,#1855,.T.);
#1232=EDGE_CURVE('',#1348,#1418,#1856,.T.);
#1233=EDGE_CURVE('',#1347,#1419,#1857,.T.);
#1234=EDGE_CURVE('',#1346,#1413,#1858,.T.);
#1235=EDGE_CURVE('',#1547,#1548,#1859,.T.);
#1236=EDGE_CURVE('',#1547,#1392,#1860,.T.);
#1237=EDGE_CURVE('',#1393,#1319,#1861,.T.);
#1238=EDGE_CURVE('',#1548,#1318,#1862,.T.);
#1239=EDGE_CURVE('',#1451,#1548,#1863,.T.);
#1240=EDGE_CURVE('',#1449,#1320,#1864,.T.);
#1241=EDGE_CURVE('',#1519,#1449,#1865,.T.);
#1242=EDGE_CURVE('',#1536,#1549,#1866,.T.);
#1243=EDGE_CURVE('',#1549,#1430,#1867,.T.);
#1244=EDGE_CURVE('',#1550,#1432,#1868,.T.);
#1245=EDGE_CURVE('',#1434,#1550,#1869,.T.);
#1246=EDGE_CURVE('',#1551,#1431,#1870,.T.);
#1247=EDGE_CURVE('',#1550,#1551,#1871,.T.);
#1248=EDGE_CURVE('',#1552,#1537,#1872,.T.);
#1249=EDGE_CURVE('',#1552,#1307,#1873,.T.);
#1250=EDGE_CURVE('',#1553,#1308,#1874,.T.);
#1251=EDGE_CURVE('',#1552,#1553,#1875,.T.);
#1252=EDGE_CURVE('',#1554,#1331,#1876,.T.);
#1253=EDGE_CURVE('',#1553,#1554,#1877,.T.);
#1254=EDGE_CURVE('',#1435,#1554,#1878,.T.);
#1255=EDGE_CURVE('',#1549,#1551,#1879,.T.);
#1256=EDGE_CURVE('',#1555,#1555,#87,.T.);
#1257=EDGE_CURVE('',#1556,#1556,#88,.T.);
#1258=EDGE_CURVE('',#1557,#1557,#89,.T.);
#1259=EDGE_CURVE('',#1558,#1558,#90,.T.);
#1260=EDGE_CURVE('',#1407,#1408,#91,.T.);
#1261=EDGE_CURVE('',#1411,#1400,#92,.T.);
#1262=EDGE_CURVE('',#1450,#1501,#1880,.T.);
#1263=EDGE_CURVE('',#1547,#1448,#1881,.T.);
#1264=EDGE_CURVE('',#1456,#1493,#1882,.T.);
#1265=EDGE_CURVE('',#1457,#1492,#1883,.T.);
#1266=EDGE_CURVE('',#1454,#1495,#1884,.T.);
#1267=EDGE_CURVE('',#1455,#1494,#1885,.T.);
#1268=EDGE_CURVE('',#1371,#1559,#1886,.T.);
#1269=EDGE_CURVE('',#1370,#1560,#1887,.T.);
#1270=EDGE_CURVE('',#1560,#1559,#1888,.T.);
#1271=EDGE_CURVE('',#1559,#1369,#1889,.T.);
#1272=EDGE_CURVE('',#1560,#1368,#1890,.T.);
#1273=EDGE_CURVE('',#1561,#1360,#1891,.T.);
#1274=EDGE_CURVE('',#1561,#1562,#1892,.T.);
#1275=EDGE_CURVE('',#1562,#1361,#1893,.T.);
#1276=EDGE_CURVE('',#1563,#1363,#1894,.T.);
#1277=EDGE_CURVE('',#1563,#1561,#1895,.T.);
#1278=EDGE_CURVE('',#1564,#1362,#1896,.T.);
#1279=EDGE_CURVE('',#1564,#1563,#1897,.T.);
#1280=EDGE_CURVE('',#1562,#1564,#1898,.T.);
#1281=EDGE_CURVE('',#1301,#1563,#1899,.T.);
#1282=EDGE_CURVE('',#1561,#1304,#1900,.T.);
#1283=EDGE_CURVE('',#1562,#1303,#1901,.F.);
#1284=EDGE_CURVE('',#1302,#1564,#1902,.T.);
#1285=EDGE_CURVE('',#1406,#1409,#93,.T.);
#1286=EDGE_CURVE('',#1410,#1401,#94,.F.);
#1287=EDGE_CURVE('',#1339,#1498,#95,.T.);
#1288=EDGE_CURVE('',#1499,#1338,#96,.T.);
#1289=EDGE_CURVE('',#1500,#1337,#97,.T.);
#1290=EDGE_CURVE('',#1340,#1497,#98,.T.);
#1291=EDGE_CURVE('',#1404,#1336,#14,.F.);
#1292=EDGE_CURVE('',#1341,#1496,#99,.T.);
#1293=EDGE_CURVE('',#1406,#1335,#100,.T.);
#1294=EDGE_CURVE('',#1342,#1491,#101,.T.);
#1295=EDGE_CURVE('',#1409,#1335,#102,.T.);
#1296=EDGE_CURVE('',#1343,#1490,#103,.T.);
#1297=EDGE_CURVE('',#1410,#1334,#104,.T.);
#1298=EDGE_CURVE('',#1332,#1489,#105,.T.);
#1299=EDGE_CURVE('',#1401,#1334,#106,.T.);
#1300=EDGE_CURVE('',#1333,#1402,#15,.T.);
#1301=VERTEX_POINT('',#3899);
#1302=VERTEX_POINT('',#3900);
#1303=VERTEX_POINT('',#3902);
#1304=VERTEX_POINT('',#3904);
#1305=VERTEX_POINT('',#3907);
#1306=VERTEX_POINT('',#3909);
#1307=VERTEX_POINT('',#3911);
#1308=VERTEX_POINT('',#3912);
#1309=VERTEX_POINT('',#3914);
#1310=VERTEX_POINT('',#3916);
#1311=VERTEX_POINT('',#3918);
#1312=VERTEX_POINT('',#3920);
#1313=VERTEX_POINT('',#3922);
#1314=VERTEX_POINT('',#3924);
#1315=VERTEX_POINT('',#3926);
#1316=VERTEX_POINT('',#3928);
#1317=VERTEX_POINT('',#3930);
#1318=VERTEX_POINT('',#3932);
#1319=VERTEX_POINT('',#3934);
#1320=VERTEX_POINT('',#3936);
#1321=VERTEX_POINT('',#3938);
#1322=VERTEX_POINT('',#3940);
#1323=VERTEX_POINT('',#3942);
#1324=VERTEX_POINT('',#3944);
#1325=VERTEX_POINT('',#3946);
#1326=VERTEX_POINT('',#3948);
#1327=VERTEX_POINT('',#3950);
#1328=VERTEX_POINT('',#3952);
#1329=VERTEX_POINT('',#3954);
#1330=VERTEX_POINT('',#3956);
#1331=VERTEX_POINT('',#3958);
#1332=VERTEX_POINT('',#3962);
#1333=VERTEX_POINT('',#3963);
#1334=VERTEX_POINT('',#3965);
#1335=VERTEX_POINT('',#3967);
#1336=VERTEX_POINT('',#3969);
#1337=VERTEX_POINT('',#3971);
#1338=VERTEX_POINT('',#3973);
#1339=VERTEX_POINT('',#3975);
#1340=VERTEX_POINT('',#3977);
#1341=VERTEX_POINT('',#3979);
#1342=VERTEX_POINT('',#3981);
#1343=VERTEX_POINT('',#3983);
#1344=VERTEX_POINT('',#3986);
#1345=VERTEX_POINT('',#3987);
#1346=VERTEX_POINT('',#3989);
#1347=VERTEX_POINT('',#3991);
#1348=VERTEX_POINT('',#3993);
#1349=VERTEX_POINT('',#3995);
#1350=VERTEX_POINT('',#3997);
#1351=VERTEX_POINT('',#3999);
#1352=VERTEX_POINT('',#4002);
#1353=VERTEX_POINT('',#4003);
#1354=VERTEX_POINT('',#4005);
#1355=VERTEX_POINT('',#4007);
#1356=VERTEX_POINT('',#4009);
#1357=VERTEX_POINT('',#4011);
#1358=VERTEX_POINT('',#4013);
#1359=VERTEX_POINT('',#4015);
#1360=VERTEX_POINT('',#4018);
#1361=VERTEX_POINT('',#4019);
#1362=VERTEX_POINT('',#4021);
#1363=VERTEX_POINT('',#4023);
#1364=VERTEX_POINT('',#4027);
#1365=VERTEX_POINT('',#4028);
#1366=VERTEX_POINT('',#4030);
#1367=VERTEX_POINT('',#4032);
#1368=VERTEX_POINT('',#4035);
#1369=VERTEX_POINT('',#4036);
#1370=VERTEX_POINT('',#4038);
#1371=VERTEX_POINT('',#4040);
#1372=VERTEX_POINT('',#4044);
#1373=VERTEX_POINT('',#4045);
#1374=VERTEX_POINT('',#4047);
#1375=VERTEX_POINT('',#4049);
#1376=VERTEX_POINT('',#4053);
#1377=VERTEX_POINT('',#4054);
#1378=VERTEX_POINT('',#4056);
#1379=VERTEX_POINT('',#4058);
#1380=VERTEX_POINT('',#4060);
#1381=VERTEX_POINT('',#4062);
#1382=VERTEX_POINT('',#4064);
#1383=VERTEX_POINT('',#4066);
#1384=VERTEX_POINT('',#4068);
#1385=VERTEX_POINT('',#4070);
#1386=VERTEX_POINT('',#4072);
#1387=VERTEX_POINT('',#4074);
#1388=VERTEX_POINT('',#4076);
#1389=VERTEX_POINT('',#4078);
#1390=VERTEX_POINT('',#4080);
#1391=VERTEX_POINT('',#4082);
#1392=VERTEX_POINT('',#4086);
#1393=VERTEX_POINT('',#4087);
#1394=VERTEX_POINT('',#4089);
#1395=VERTEX_POINT('',#4091);
#1396=VERTEX_POINT('',#4095);
#1397=VERTEX_POINT('',#4096);
#1398=VERTEX_POINT('',#4098);
#1399=VERTEX_POINT('',#4100);
#1400=VERTEX_POINT('',#4104);
#1401=VERTEX_POINT('',#4105);
#1402=VERTEX_POINT('',#4107);
#1403=VERTEX_POINT('',#4109);
#1404=VERTEX_POINT('',#4113);
#1405=VERTEX_POINT('',#4114);
#1406=VERTEX_POINT('',#4116);
#1407=VERTEX_POINT('',#4118);
#1408=VERTEX_POINT('',#4122);
#1409=VERTEX_POINT('',#4123);
#1410=VERTEX_POINT('',#4125);
#1411=VERTEX_POINT('',#4127);
#1412=VERTEX_POINT('',#4131);
#1413=VERTEX_POINT('',#4132);
#1414=VERTEX_POINT('',#4134);
#1415=VERTEX_POINT('',#4136);
#1416=VERTEX_POINT('',#4138);
#1417=VERTEX_POINT('',#4140);
#1418=VERTEX_POINT('',#4142);
#1419=VERTEX_POINT('',#4144);
#1420=VERTEX_POINT('',#4147);
#1421=VERTEX_POINT('',#4148);
#1422=VERTEX_POINT('',#4150);
#1423=VERTEX_POINT('',#4152);
#1424=VERTEX_POINT('',#4154);
#1425=VERTEX_POINT('',#4156);
#1426=VERTEX_POINT('',#4158);
#1427=VERTEX_POINT('',#4160);
#1428=VERTEX_POINT('',#4163);
#1429=VERTEX_POINT('',#4164);
#1430=VERTEX_POINT('',#4166);
#1431=VERTEX_POINT('',#4168);
#1432=VERTEX_POINT('',#4170);
#1433=VERTEX_POINT('',#4172);
#1434=VERTEX_POINT('',#4176);
#1435=VERTEX_POINT('',#4178);
#1436=VERTEX_POINT('',#4181);
#1437=VERTEX_POINT('',#4183);
#1438=VERTEX_POINT('',#4187);
#1439=VERTEX_POINT('',#4189);
#1440=VERTEX_POINT('',#4191);
#1441=VERTEX_POINT('',#4193);
#1442=VERTEX_POINT('',#4195);
#1443=VERTEX_POINT('',#4197);
#1444=VERTEX_POINT('',#4201);
#1445=VERTEX_POINT('',#4202);
#1446=VERTEX_POINT('',#4204);
#1447=VERTEX_POINT('',#4207);
#1448=VERTEX_POINT('',#4211);
#1449=VERTEX_POINT('',#4214);
#1450=VERTEX_POINT('',#4218);
#1451=VERTEX_POINT('',#4220);
#1452=VERTEX_POINT('',#4223);
#1453=VERTEX_POINT('',#4225);
#1454=VERTEX_POINT('',#4229);
#1455=VERTEX_POINT('',#4231);
#1456=VERTEX_POINT('',#4234);
#1457=VERTEX_POINT('',#4236);
#1458=VERTEX_POINT('',#4239);
#1459=VERTEX_POINT('',#4242);
#1460=VERTEX_POINT('',#4244);
#1461=VERTEX_POINT('',#4248);
#1462=VERTEX_POINT('',#4249);
#1463=VERTEX_POINT('',#4252);
#1464=VERTEX_POINT('',#4254);
#1465=VERTEX_POINT('',#4259);
#1466=VERTEX_POINT('',#4260);
#1467=VERTEX_POINT('',#4263);
#1468=VERTEX_POINT('',#4265);
#1469=VERTEX_POINT('',#4276);
#1470=VERTEX_POINT('',#4278);
#1471=VERTEX_POINT('',#4280);
#1472=VERTEX_POINT('',#4284);
#1473=VERTEX_POINT('',#4285);
#1474=VERTEX_POINT('',#4287);
#1475=VERTEX_POINT('',#4289);
#1476=VERTEX_POINT('',#4291);
#1477=VERTEX_POINT('',#4293);
#1478=VERTEX_POINT('',#4297);
#1479=VERTEX_POINT('',#4299);
#1480=VERTEX_POINT('',#4306);
#1481=VERTEX_POINT('',#4308);
#1482=VERTEX_POINT('',#4311);
#1483=VERTEX_POINT('',#4312);
#1484=VERTEX_POINT('',#4314);
#1485=VERTEX_POINT('',#4316);
#1486=VERTEX_POINT('',#4320);
#1487=VERTEX_POINT('',#4322);
#1488=VERTEX_POINT('',#4324);
#1489=VERTEX_POINT('',#4328);
#1490=VERTEX_POINT('',#4333);
#1491=VERTEX_POINT('',#4337);
#1492=VERTEX_POINT('',#4340);
#1493=VERTEX_POINT('',#4342);
#1494=VERTEX_POINT('',#4345);
#1495=VERTEX_POINT('',#4347);
#1496=VERTEX_POINT('',#4353);
#1497=VERTEX_POINT('',#4357);
#1498=VERTEX_POINT('',#4361);
#1499=VERTEX_POINT('',#4365);
#1500=VERTEX_POINT('',#4369);
#1501=VERTEX_POINT('',#4375);
#1502=VERTEX_POINT('',#4379);
#1503=VERTEX_POINT('',#4383);
#1504=VERTEX_POINT('',#4387);
#1505=VERTEX_POINT('',#4389);
#1506=VERTEX_POINT('',#4398);
#1507=VERTEX_POINT('',#4399);
#1508=VERTEX_POINT('',#4401);
#1509=VERTEX_POINT('',#4403);
#1510=VERTEX_POINT('',#4405);
#1511=VERTEX_POINT('',#4407);
#1512=VERTEX_POINT('',#4412);
#1513=VERTEX_POINT('',#4414);
#1514=VERTEX_POINT('',#4418);
#1515=VERTEX_POINT('',#4422);
#1516=VERTEX_POINT('',#4426);
#1517=VERTEX_POINT('',#4430);
#1518=VERTEX_POINT('',#4437);
#1519=VERTEX_POINT('',#4441);
#1520=VERTEX_POINT('',#4443);
#1521=VERTEX_POINT('',#4450);
#1522=VERTEX_POINT('',#4453);
#1523=VERTEX_POINT('',#4456);
#1524=VERTEX_POINT('',#4459);
#1525=VERTEX_POINT('',#4462);
#1526=VERTEX_POINT('',#4465);
#1527=VERTEX_POINT('',#4467);
#1528=VERTEX_POINT('',#4473);
#1529=VERTEX_POINT('',#4475);
#1530=VERTEX_POINT('',#4482);
#1531=VERTEX_POINT('',#4486);
#1532=VERTEX_POINT('',#4490);
#1533=VERTEX_POINT('',#4496);
#1534=VERTEX_POINT('',#4499);
#1535=VERTEX_POINT('',#4505);
#1536=VERTEX_POINT('',#4508);
#1537=VERTEX_POINT('',#4511);
#1538=VERTEX_POINT('',#4515);
#1539=VERTEX_POINT('',#4518);
#1540=VERTEX_POINT('',#4519);
#1541=VERTEX_POINT('',#4524);
#1542=VERTEX_POINT('',#4529);
#1543=VERTEX_POINT('',#4537);
#1544=VERTEX_POINT('',#4538);
#1545=VERTEX_POINT('',#4543);
#1546=VERTEX_POINT('',#4548);
#1547=VERTEX_POINT('',#4574);
#1548=VERTEX_POINT('',#4575);
#1549=VERTEX_POINT('',#4588);
#1550=VERTEX_POINT('',#4592);
#1551=VERTEX_POINT('',#4596);
#1552=VERTEX_POINT('',#4600);
#1553=VERTEX_POINT('',#4604);
#1554=VERTEX_POINT('',#4608);
#1555=VERTEX_POINT('',#4617);
#1556=VERTEX_POINT('',#4621);
#1557=VERTEX_POINT('',#4625);
#1558=VERTEX_POINT('',#4629);
#1559=VERTEX_POINT('',#4651);
#1560=VERTEX_POINT('',#4653);
#1561=VERTEX_POINT('',#4662);
#1562=VERTEX_POINT('',#4664);
#1563=VERTEX_POINT('',#4668);
#1564=VERTEX_POINT('',#4672);
#1565=LINE('',#3898,#1903);
#1566=LINE('',#3901,#1904);
#1567=LINE('',#3903,#1905);
#1568=LINE('',#3905,#1906);
#1569=LINE('',#3910,#1907);
#1570=LINE('',#3913,#1908);
#1571=LINE('',#3915,#1909);
#1572=LINE('',#3917,#1910);
#1573=LINE('',#3919,#1911);
#1574=LINE('',#3921,#1912);
#1575=LINE('',#3923,#1913);
#1576=LINE('',#3925,#1914);
#1577=LINE('',#3927,#1915);
#1578=LINE('',#3929,#1916);
#1579=LINE('',#3931,#1917);
#1580=LINE('',#3933,#1918);
#1581=LINE('',#3935,#1919);
#1582=LINE('',#3937,#1920);
#1583=LINE('',#3939,#1921);
#1584=LINE('',#3941,#1922);
#1585=LINE('',#3943,#1923);
#1586=LINE('',#3945,#1924);
#1587=LINE('',#3949,#1925);
#1588=LINE('',#3951,#1926);
#1589=LINE('',#3953,#1927);
#1590=LINE('',#3955,#1928);
#1591=LINE('',#3957,#1929);
#1592=LINE('',#3959,#1930);
#1593=LINE('',#3961,#1931);
#1594=LINE('',#3964,#1932);
#1595=LINE('',#3966,#1933);
#1596=LINE('',#3968,#1934);
#1597=LINE('',#3970,#1935);
#1598=LINE('',#3974,#1936);
#1599=LINE('',#3978,#1937);
#1600=LINE('',#3982,#1938);
#1601=LINE('',#3985,#1939);
#1602=LINE('',#3988,#1940);
#1603=LINE('',#3990,#1941);
#1604=LINE('',#3992,#1942);
#1605=LINE('',#3994,#1943);
#1606=LINE('',#3996,#1944);
#1607=LINE('',#3998,#1945);
#1608=LINE('',#4000,#1946);
#1609=LINE('',#4001,#1947);
#1610=LINE('',#4004,#1948);
#1611=LINE('',#4006,#1949);
#1612=LINE('',#4008,#1950);
#1613=LINE('',#4010,#1951);
#1614=LINE('',#4012,#1952);
#1615=LINE('',#4014,#1953);
#1616=LINE('',#4016,#1954);
#1617=LINE('',#4017,#1955);
#1618=LINE('',#4020,#1956);
#1619=LINE('',#4022,#1957);
#1620=LINE('',#4024,#1958);
#1621=LINE('',#4026,#1959);
#1622=LINE('',#4029,#1960);
#1623=LINE('',#4031,#1961);
#1624=LINE('',#4033,#1962);
#1625=LINE('',#4034,#1963);
#1626=LINE('',#4037,#1964);
#1627=LINE('',#4039,#1965);
#1628=LINE('',#4041,#1966);
#1629=LINE('',#4043,#1967);
#1630=LINE('',#4046,#1968);
#1631=LINE('',#4048,#1969);
#1632=LINE('',#4050,#1970);
#1633=LINE('',#4052,#1971);
#1634=LINE('',#4055,#1972);
#1635=LINE('',#4057,#1973);
#1636=LINE('',#4061,#1974);
#1637=LINE('',#4065,#1975);
#1638=LINE('',#4069,#1976);
#1639=LINE('',#4071,#1977);
#1640=LINE('',#4073,#1978);
#1641=LINE('',#4077,#1979);
#1642=LINE('',#4081,#1980);
#1643=LINE('',#4085,#1981);
#1644=LINE('',#4088,#1982);
#1645=LINE('',#4090,#1983);
#1646=LINE('',#4092,#1984);
#1647=LINE('',#4094,#1985);
#1648=LINE('',#4097,#1986);
#1649=LINE('',#4099,#1987);
#1650=LINE('',#4101,#1988);
#1651=LINE('',#4103,#1989);
#1652=LINE('',#4106,#1990);
#1653=LINE('',#4108,#1991);
#1654=LINE('',#4110,#1992);
#1655=LINE('',#4112,#1993);
#1656=LINE('',#4115,#1994);
#1657=LINE('',#4117,#1995);
#1658=LINE('',#4119,#1996);
#1659=LINE('',#4121,#1997);
#1660=LINE('',#4124,#1998);
#1661=LINE('',#4126,#1999);
#1662=LINE('',#4128,#2000);
#1663=LINE('',#4130,#2001);
#1664=LINE('',#4133,#2002);
#1665=LINE('',#4135,#2003);
#1666=LINE('',#4137,#2004);
#1667=LINE('',#4139,#2005);
#1668=LINE('',#4141,#2006);
#1669=LINE('',#4143,#2007);
#1670=LINE('',#4145,#2008);
#1671=LINE('',#4146,#2009);
#1672=LINE('',#4149,#2010);
#1673=LINE('',#4151,#2011);
#1674=LINE('',#4153,#2012);
#1675=LINE('',#4155,#2013);
#1676=LINE('',#4157,#2014);
#1677=LINE('',#4159,#2015);
#1678=LINE('',#4161,#2016);
#1679=LINE('',#4162,#2017);
#1680=LINE('',#4165,#2018);
#1681=LINE('',#4167,#2019);
#1682=LINE('',#4169,#2020);
#1683=LINE('',#4171,#2021);
#1684=LINE('',#4173,#2022);
#1685=LINE('',#4175,#2023);
#1686=LINE('',#4177,#2024);
#1687=LINE('',#4179,#2025);
#1688=LINE('',#4180,#2026);
#1689=LINE('',#4182,#2027);
#1690=LINE('',#4184,#2028);
#1691=LINE('',#4186,#2029);
#1692=LINE('',#4188,#2030);
#1693=LINE('',#4190,#2031);
#1694=LINE('',#4192,#2032);
#1695=LINE('',#4194,#2033);
#1696=LINE('',#4196,#2034);
#1697=LINE('',#4198,#2035);
#1698=LINE('',#4200,#2036);
#1699=LINE('',#4203,#2037);
#1700=LINE('',#4205,#2038);
#1701=LINE('',#4206,#2039);
#1702=LINE('',#4208,#2040);
#1703=LINE('',#4210,#2041);
#1704=LINE('',#4212,#2042);
#1705=LINE('',#4213,#2043);
#1706=LINE('',#4215,#2044);
#1707=LINE('',#4217,#2045);
#1708=LINE('',#4219,#2046);
#1709=LINE('',#4221,#2047);
#1710=LINE('',#4222,#2048);
#1711=LINE('',#4224,#2049);
#1712=LINE('',#4226,#2050);
#1713=LINE('',#4228,#2051);
#1714=LINE('',#4230,#2052);
#1715=LINE('',#4232,#2053);
#1716=LINE('',#4233,#2054);
#1717=LINE('',#4235,#2055);
#1718=LINE('',#4237,#2056);
#1719=LINE('',#4238,#2057);
#1720=LINE('',#4240,#2058);
#1721=LINE('',#4241,#2059);
#1722=LINE('',#4243,#2060);
#1723=LINE('',#4245,#2061);
#1724=LINE('',#4247,#2062);
#1725=LINE('',#4250,#2063);
#1726=LINE('',#4251,#2064);
#1727=LINE('',#4253,#2065);
#1728=LINE('',#4255,#2066);
#1729=LINE('',#4256,#2067);
#1730=LINE('',#4258,#2068);
#1731=LINE('',#4261,#2069);
#1732=LINE('',#4262,#2070);
#1733=LINE('',#4264,#2071);
#1734=LINE('',#4266,#2072);
#1735=LINE('',#4267,#2073);
#1736=LINE('',#4275,#2074);
#1737=LINE('',#4277,#2075);
#1738=LINE('',#4279,#2076);
#1739=LINE('',#4281,#2077);
#1740=LINE('',#4283,#2078);
#1741=LINE('',#4286,#2079);
#1742=LINE('',#4288,#2080);
#1743=LINE('',#4290,#2081);
#1744=LINE('',#4292,#2082);
#1745=LINE('',#4294,#2083);
#1746=LINE('',#4296,#2084);
#1747=LINE('',#4298,#2085);
#1748=LINE('',#4300,#2086);
#1749=LINE('',#4310,#2087);
#1750=LINE('',#4313,#2088);
#1751=LINE('',#4315,#2089);
#1752=LINE('',#4317,#2090);
#1753=LINE('',#4319,#2091);
#1754=LINE('',#4323,#2092);
#1755=LINE('',#4325,#2093);
#1756=LINE('',#4327,#2094);
#1757=LINE('',#4329,#2095);
#1758=LINE('',#4330,#2096);
#1759=LINE('',#4334,#2097);
#1760=LINE('',#4336,#2098);
#1761=LINE('',#4338,#2099);
#1762=LINE('',#4339,#2100);
#1763=LINE('',#4341,#2101);
#1764=LINE('',#4343,#2102);
#1765=LINE('',#4344,#2103);
#1766=LINE('',#4346,#2104);
#1767=LINE('',#4348,#2105);
#1768=LINE('',#4349,#2106);
#1769=LINE('',#4350,#2107);
#1770=LINE('',#4354,#2108);
#1771=LINE('',#4356,#2109);
#1772=LINE('',#4358,#2110);
#1773=LINE('',#4362,#2111);
#1774=LINE('',#4364,#2112);
#1775=LINE('',#4366,#2113);
#1776=LINE('',#4370,#2114);
#1777=LINE('',#4372,#2115);
#1778=LINE('',#4373,#2116);
#1779=LINE('',#4374,#2117);
#1780=LINE('',#4376,#2118);
#1781=LINE('',#4378,#2119);
#1782=LINE('',#4380,#2120);
#1783=LINE('',#4382,#2121);
#1784=LINE('',#4384,#2122);
#1785=LINE('',#4386,#2123);
#1786=LINE('',#4388,#2124);
#1787=LINE('',#4390,#2125);
#1788=LINE('',#4392,#2126);
#1789=LINE('',#4393,#2127);
#1790=LINE('',#4394,#2128);
#1791=LINE('',#4397,#2129);
#1792=LINE('',#4400,#2130);
#1793=LINE('',#4402,#2131);
#1794=LINE('',#4404,#2132);
#1795=LINE('',#4406,#2133);
#1796=LINE('',#4408,#2134);
#1797=LINE('',#4409,#2135);
#1798=LINE('',#4411,#2136);
#1799=LINE('',#4413,#2137);
#1800=LINE('',#4415,#2138);
#1801=LINE('',#4417,#2139);
#1802=LINE('',#4419,#2140);
#1803=LINE('',#4421,#2141);
#1804=LINE('',#4423,#2142);
#1805=LINE('',#4425,#2143);
#1806=LINE('',#4427,#2144);
#1807=LINE('',#4429,#2145);
#1808=LINE('',#4431,#2146);
#1809=LINE('',#4433,#2147);
#1810=LINE('',#4436,#2148);
#1811=LINE('',#4438,#2149);
#1812=LINE('',#4440,#2150);
#1813=LINE('',#4442,#2151);
#1814=LINE('',#4444,#2152);
#1815=LINE('',#4446,#2153);
#1816=LINE('',#4447,#2154);
#1817=LINE('',#4464,#2155);
#1818=LINE('',#4468,#2156);
#1819=LINE('',#4470,#2157);
#1820=LINE('',#4477,#2158);
#1821=LINE('',#4489,#2159);
#1822=LINE('',#4491,#2160);
#1823=LINE('',#4493,#2161);
#1824=LINE('',#4498,#2162);
#1825=LINE('',#4500,#2163);
#1826=LINE('',#4502,#2164);
#1827=LINE('',#4507,#2165);
#1828=LINE('',#4509,#2166);
#1829=LINE('',#4510,#2167);
#1830=LINE('',#4512,#2168);
#1831=LINE('',#4517,#2169);
#1832=LINE('',#4520,#2170);
#1833=LINE('',#4521,#2171);
#1834=LINE('',#4523,#2172);
#1835=LINE('',#4525,#2173);
#1836=LINE('',#4526,#2174);
#1837=LINE('',#4528,#2175);
#1838=LINE('',#4530,#2176);
#1839=LINE('',#4531,#2177);
#1840=LINE('',#4533,#2178);
#1841=LINE('',#4536,#2179);
#1842=LINE('',#4539,#2180);
#1843=LINE('',#4540,#2181);
#1844=LINE('',#4542,#2182);
#1845=LINE('',#4544,#2183);
#1846=LINE('',#4545,#2184);
#1847=LINE('',#4547,#2185);
#1848=LINE('',#4549,#2186);
#1849=LINE('',#4550,#2187);
#1850=LINE('',#4552,#2188);
#1851=LINE('',#4555,#2189);
#1852=LINE('',#4557,#2190);
#1853=LINE('',#4559,#2191);
#1854=LINE('',#4561,#2192);
#1855=LINE('',#4564,#2193);
#1856=LINE('',#4566,#2194);
#1857=LINE('',#4568,#2195);
#1858=LINE('',#4570,#2196);
#1859=LINE('',#4573,#2197);
#1860=LINE('',#4576,#2198);
#1861=LINE('',#4577,#2199);
#1862=LINE('',#4578,#2200);
#1863=LINE('',#4580,#2201);
#1864=LINE('',#4582,#2202);
#1865=LINE('',#4584,#2203);
#1866=LINE('',#4587,#2204);
#1867=LINE('',#4589,#2205);
#1868=LINE('',#4591,#2206);
#1869=LINE('',#4593,#2207);
#1870=LINE('',#4595,#2208);
#1871=LINE('',#4597,#2209);
#1872=LINE('',#4599,#2210);
#1873=LINE('',#4601,#2211);
#1874=LINE('',#4603,#2212);
#1875=LINE('',#4605,#2213);
#1876=LINE('',#4607,#2214);
#1877=LINE('',#4609,#2215);
#1878=LINE('',#4611,#2216);
#1879=LINE('',#4613,#2217);
#1880=LINE('',#4635,#2218);
#1881=LINE('',#4637,#2219);
#1882=LINE('',#4640,#2220);
#1883=LINE('',#4642,#2221);
#1884=LINE('',#4645,#2222);
#1885=LINE('',#4647,#2223);
#1886=LINE('',#4650,#2224);
#1887=LINE('',#4652,#2225);
#1888=LINE('',#4654,#2226);
#1889=LINE('',#4656,#2227);
#1890=LINE('',#4657,#2228);
#1891=LINE('',#4661,#2229);
#1892=LINE('',#4663,#2230);
#1893=LINE('',#4665,#2231);
#1894=LINE('',#4667,#2232);
#1895=LINE('',#4669,#2233);
#1896=LINE('',#4671,#2234);
#1897=LINE('',#4673,#2235);
#1898=LINE('',#4675,#2236);
#1899=LINE('',#4677,#2237);
#1900=LINE('',#4678,#2238);
#1901=LINE('',#4680,#2239);
#1902=LINE('',#4682,#2240);
#1903=VECTOR('',#3126,1.);
#1904=VECTOR('',#3127,1.);
#1905=VECTOR('',#3128,1.);
#1906=VECTOR('',#3129,1.);
#1907=VECTOR('',#3134,1.);
#1908=VECTOR('',#3135,1.);
#1909=VECTOR('',#3136,1.);
#1910=VECTOR('',#3137,1.);
#1911=VECTOR('',#3138,1.);
#1912=VECTOR('',#3139,1.);
#1913=VECTOR('',#3140,1.);
#1914=VECTOR('',#3141,1.);
#1915=VECTOR('',#3142,1.);
#1916=VECTOR('',#3143,1.);
#1917=VECTOR('',#3144,1.);
#1918=VECTOR('',#3145,1.);
#1919=VECTOR('',#3146,1.);
#1920=VECTOR('',#3147,1.);
#1921=VECTOR('',#3148,1.);
#1922=VECTOR('',#3149,1.);
#1923=VECTOR('',#3150,1.);
#1924=VECTOR('',#3151,1.);
#1925=VECTOR('',#3154,1.);
#1926=VECTOR('',#3155,1.);
#1927=VECTOR('',#3156,1.);
#1928=VECTOR('',#3157,1.);
#1929=VECTOR('',#3158,1.);
#1930=VECTOR('',#3159,1.);
#1931=VECTOR('',#3162,1.);
#1932=VECTOR('',#3163,1.);
#1933=VECTOR('',#3164,1.);
#1934=VECTOR('',#3165,1.);
#1935=VECTOR('',#3166,1.);
#1936=VECTOR('',#3169,1.);
#1937=VECTOR('',#3172,1.);
#1938=VECTOR('',#3175,1.);
#1939=VECTOR('',#3178,1.);
#1940=VECTOR('',#3179,1.);
#1941=VECTOR('',#3180,1.);
#1942=VECTOR('',#3181,1.);
#1943=VECTOR('',#3182,1.);
#1944=VECTOR('',#3183,1.);
#1945=VECTOR('',#3184,1.);
#1946=VECTOR('',#3185,1.);
#1947=VECTOR('',#3186,1.);
#1948=VECTOR('',#3187,1.);
#1949=VECTOR('',#3188,1.);
#1950=VECTOR('',#3189,1.);
#1951=VECTOR('',#3190,1.);
#1952=VECTOR('',#3191,1.);
#1953=VECTOR('',#3192,1.);
#1954=VECTOR('',#3193,1.);
#1955=VECTOR('',#3194,1.);
#1956=VECTOR('',#3195,1.);
#1957=VECTOR('',#3196,1.);
#1958=VECTOR('',#3197,1.);
#1959=VECTOR('',#3200,1.);
#1960=VECTOR('',#3201,1.);
#1961=VECTOR('',#3202,1.);
#1962=VECTOR('',#3203,1.);
#1963=VECTOR('',#3204,1.);
#1964=VECTOR('',#3205,1.);
#1965=VECTOR('',#3206,1.);
#1966=VECTOR('',#3207,1.);
#1967=VECTOR('',#3210,1.);
#1968=VECTOR('',#3211,1.);
#1969=VECTOR('',#3212,1.);
#1970=VECTOR('',#3213,1.);
#1971=VECTOR('',#3216,1.);
#1972=VECTOR('',#3217,1.);
#1973=VECTOR('',#3218,1.);
#1974=VECTOR('',#3221,1.);
#1975=VECTOR('',#3224,1.);
#1976=VECTOR('',#3227,1.);
#1977=VECTOR('',#3228,1.);
#1978=VECTOR('',#3229,1.);
#1979=VECTOR('',#3232,1.);
#1980=VECTOR('',#3235,1.);
#1981=VECTOR('',#3240,1.);
#1982=VECTOR('',#3241,1.);
#1983=VECTOR('',#3242,1.);
#1984=VECTOR('',#3243,1.);
#1985=VECTOR('',#3246,1.);
#1986=VECTOR('',#3247,1.);
#1987=VECTOR('',#3248,1.);
#1988=VECTOR('',#3249,1.);
#1989=VECTOR('',#3252,1.);
#1990=VECTOR('',#3253,1.);
#1991=VECTOR('',#3254,1.);
#1992=VECTOR('',#3255,1.);
#1993=VECTOR('',#3258,1.);
#1994=VECTOR('',#3259,1.);
#1995=VECTOR('',#3260,1.);
#1996=VECTOR('',#3261,1.);
#1997=VECTOR('',#3264,1.);
#1998=VECTOR('',#3265,1.);
#1999=VECTOR('',#3266,1.);
#2000=VECTOR('',#3267,1.);
#2001=VECTOR('',#3270,1.);
#2002=VECTOR('',#3271,1.);
#2003=VECTOR('',#3272,1.);
#2004=VECTOR('',#3273,1.);
#2005=VECTOR('',#3274,1.);
#2006=VECTOR('',#3275,1.);
#2007=VECTOR('',#3276,1.);
#2008=VECTOR('',#3277,1.);
#2009=VECTOR('',#3278,1.);
#2010=VECTOR('',#3279,1.);
#2011=VECTOR('',#3280,1.);
#2012=VECTOR('',#3281,1.);
#2013=VECTOR('',#3282,1.);
#2014=VECTOR('',#3283,1.);
#2015=VECTOR('',#3284,1.);
#2016=VECTOR('',#3285,1.);
#2017=VECTOR('',#3286,1.);
#2018=VECTOR('',#3287,1.);
#2019=VECTOR('',#3288,1.);
#2020=VECTOR('',#3289,1.);
#2021=VECTOR('',#3290,1.);
#2022=VECTOR('',#3291,1.);
#2023=VECTOR('',#3294,1.);
#2024=VECTOR('',#3295,1.);
#2025=VECTOR('',#3296,1.);
#2026=VECTOR('',#3297,1.);
#2027=VECTOR('',#3298,1.);
#2028=VECTOR('',#3299,1.);
#2029=VECTOR('',#3302,1.);
#2030=VECTOR('',#3303,1.);
#2031=VECTOR('',#3304,1.);
#2032=VECTOR('',#3305,1.);
#2033=VECTOR('',#3306,1.);
#2034=VECTOR('',#3307,1.);
#2035=VECTOR('',#3308,1.);
#2036=VECTOR('',#3311,1.);
#2037=VECTOR('',#3312,1.);
#2038=VECTOR('',#3313,1.);
#2039=VECTOR('',#3314,1.);
#2040=VECTOR('',#3315,1.);
#2041=VECTOR('',#3318,1.);
#2042=VECTOR('',#3319,1.);
#2043=VECTOR('',#3320,1.);
#2044=VECTOR('',#3321,1.);
#2045=VECTOR('',#3324,1.);
#2046=VECTOR('',#3325,1.);
#2047=VECTOR('',#3326,1.);
#2048=VECTOR('',#3327,1.);
#2049=VECTOR('',#3328,1.);
#2050=VECTOR('',#3329,1.);
#2051=VECTOR('',#3332,1.);
#2052=VECTOR('',#3333,1.);
#2053=VECTOR('',#3334,1.);
#2054=VECTOR('',#3335,1.);
#2055=VECTOR('',#3336,1.);
#2056=VECTOR('',#3337,1.);
#2057=VECTOR('',#3338,1.);
#2058=VECTOR('',#3339,1.);
#2059=VECTOR('',#3340,1.);
#2060=VECTOR('',#3341,1.);
#2061=VECTOR('',#3342,1.);
#2062=VECTOR('',#3345,1.);
#2063=VECTOR('',#3346,1.);
#2064=VECTOR('',#3347,1.);
#2065=VECTOR('',#3348,1.);
#2066=VECTOR('',#3349,1.);
#2067=VECTOR('',#3350,1.);
#2068=VECTOR('',#3353,1.);
#2069=VECTOR('',#3354,1.);
#2070=VECTOR('',#3355,1.);
#2071=VECTOR('',#3356,1.);
#2072=VECTOR('',#3357,1.);
#2073=VECTOR('',#3358,1.);
#2074=VECTOR('',#3373,1.);
#2075=VECTOR('',#3374,1.);
#2076=VECTOR('',#3375,1.);
#2077=VECTOR('',#3376,1.);
#2078=VECTOR('',#3379,1.);
#2079=VECTOR('',#3380,1.);
#2080=VECTOR('',#3381,1.);
#2081=VECTOR('',#3382,1.);
#2082=VECTOR('',#3383,1.);
#2083=VECTOR('',#3384,1.);
#2084=VECTOR('',#3387,1.);
#2085=VECTOR('',#3388,1.);
#2086=VECTOR('',#3389,1.);
#2087=VECTOR('',#3404,1.);
#2088=VECTOR('',#3405,1.);
#2089=VECTOR('',#3406,1.);
#2090=VECTOR('',#3407,1.);
#2091=VECTOR('',#3410,1.);
#2092=VECTOR('',#3413,1.);
#2093=VECTOR('',#3414,1.);
#2094=VECTOR('',#3417,1.);
#2095=VECTOR('',#3418,1.);
#2096=VECTOR('',#3419,1.);
#2097=VECTOR('',#3424,1.);
#2098=VECTOR('',#3427,1.);
#2099=VECTOR('',#3428,1.);
#2100=VECTOR('',#3429,1.);
#2101=VECTOR('',#3430,1.);
#2102=VECTOR('',#3431,1.);
#2103=VECTOR('',#3432,1.);
#2104=VECTOR('',#3433,1.);
#2105=VECTOR('',#3434,1.);
#2106=VECTOR('',#3435,1.);
#2107=VECTOR('',#3436,1.);
#2108=VECTOR('',#3441,1.);
#2109=VECTOR('',#3444,1.);
#2110=VECTOR('',#3445,1.);
#2111=VECTOR('',#3450,1.);
#2112=VECTOR('',#3453,1.);
#2113=VECTOR('',#3454,1.);
#2114=VECTOR('',#3459,1.);
#2115=VECTOR('',#3462,1.);
#2116=VECTOR('',#3463,1.);
#2117=VECTOR('',#3464,1.);
#2118=VECTOR('',#3465,1.);
#2119=VECTOR('',#3468,1.);
#2120=VECTOR('',#3469,1.);
#2121=VECTOR('',#3472,1.);
#2122=VECTOR('',#3473,1.);
#2123=VECTOR('',#3476,1.);
#2124=VECTOR('',#3477,1.);
#2125=VECTOR('',#3478,1.);
#2126=VECTOR('',#3481,1.);
#2127=VECTOR('',#3482,1.);
#2128=VECTOR('',#3483,1.);
#2129=VECTOR('',#3488,1.);
#2130=VECTOR('',#3489,1.);
#2131=VECTOR('',#3490,1.);
#2132=VECTOR('',#3491,1.);
#2133=VECTOR('',#3492,1.);
#2134=VECTOR('',#3493,1.);
#2135=VECTOR('',#3494,1.);
#2136=VECTOR('',#3497,1.);
#2137=VECTOR('',#3498,1.);
#2138=VECTOR('',#3499,1.);
#2139=VECTOR('',#3502,1.);
#2140=VECTOR('',#3503,1.);
#2141=VECTOR('',#3506,1.);
#2142=VECTOR('',#3507,1.);
#2143=VECTOR('',#3510,1.);
#2144=VECTOR('',#3511,1.);
#2145=VECTOR('',#3514,1.);
#2146=VECTOR('',#3515,1.);
#2147=VECTOR('',#3518,1.);
#2148=VECTOR('',#3523,1.);
#2149=VECTOR('',#3524,1.);
#2150=VECTOR('',#3527,1.);
#2151=VECTOR('',#3528,1.);
#2152=VECTOR('',#3529,1.);
#2153=VECTOR('',#3532,1.);
#2154=VECTOR('',#3533,1.);
#2155=VECTOR('',#3556,1.);
#2156=VECTOR('',#3559,1.);
#2157=VECTOR('',#3562,1.);
#2158=VECTOR('',#3571,1.);
#2159=VECTOR('',#3590,1.);
#2160=VECTOR('',#3591,1.);
#2161=VECTOR('',#3594,1.);
#2162=VECTOR('',#3601,1.);
#2163=VECTOR('',#3602,1.);
#2164=VECTOR('',#3605,1.);
#2165=VECTOR('',#3612,1.);
#2166=VECTOR('',#3613,1.);
#2167=VECTOR('',#3614,1.);
#2168=VECTOR('',#3615,1.);
#2169=VECTOR('',#3622,1.);
#2170=VECTOR('',#3623,1.);
#2171=VECTOR('',#3624,1.);
#2172=VECTOR('',#3627,1.);
#2173=VECTOR('',#3628,1.);
#2174=VECTOR('',#3629,1.);
#2175=VECTOR('',#3632,1.);
#2176=VECTOR('',#3633,1.);
#2177=VECTOR('',#3634,1.);
#2178=VECTOR('',#3637,1.);
#2179=VECTOR('',#3642,1.);
#2180=VECTOR('',#3643,1.);
#2181=VECTOR('',#3644,1.);
#2182=VECTOR('',#3647,1.);
#2183=VECTOR('',#3648,1.);
#2184=VECTOR('',#3649,1.);
#2185=VECTOR('',#3652,1.);
#2186=VECTOR('',#3653,1.);
#2187=VECTOR('',#3654,1.);
#2188=VECTOR('',#3657,1.);
#2189=VECTOR('',#3662,1.);
#2190=VECTOR('',#3665,1.);
#2191=VECTOR('',#3668,1.);
#2192=VECTOR('',#3671,1.);
#2193=VECTOR('',#3676,1.);
#2194=VECTOR('',#3679,1.);
#2195=VECTOR('',#3682,1.);
#2196=VECTOR('',#3685,1.);
#2197=VECTOR('',#3690,1.);
#2198=VECTOR('',#3691,1.);
#2199=VECTOR('',#3692,1.);
#2200=VECTOR('',#3693,1.);
#2201=VECTOR('',#3696,1.);
#2202=VECTOR('',#3699,1.);
#2203=VECTOR('',#3702,1.);
#2204=VECTOR('',#3707,1.);
#2205=VECTOR('',#3708,1.);
#2206=VECTOR('',#3711,1.);
#2207=VECTOR('',#3712,1.);
#2208=VECTOR('',#3715,1.);
#2209=VECTOR('',#3716,1.);
#2210=VECTOR('',#3719,1.);
#2211=VECTOR('',#3720,1.);
#2212=VECTOR('',#3723,1.);
#2213=VECTOR('',#3724,1.);
#2214=VECTOR('',#3727,1.);
#2215=VECTOR('',#3728,1.);
#2216=VECTOR('',#3731,1.);
#2217=VECTOR('',#3734,1.);
#2218=VECTOR('',#3769,1.);
#2219=VECTOR('',#3772,1.);
#2220=VECTOR('',#3777,1.);
#2221=VECTOR('',#3780,1.);
#2222=VECTOR('',#3785,1.);
#2223=VECTOR('',#3788,1.);
#2224=VECTOR('',#3793,1.);
#2225=VECTOR('',#3794,1.);
#2226=VECTOR('',#3795,1.);
#2227=VECTOR('',#3798,1.);
#2228=VECTOR('',#3799,1.);
#2229=VECTOR('',#3806,1.);
#2230=VECTOR('',#3807,1.);
#2231=VECTOR('',#3808,1.);
#2232=VECTOR('',#3811,1.);
#2233=VECTOR('',#3812,1.);
#2234=VECTOR('',#3815,1.);
#2235=VECTOR('',#3816,1.);
#2236=VECTOR('',#3819,1.);
#2237=VECTOR('',#3822,1.);
#2238=VECTOR('',#3823,1.);
#2239=VECTOR('',#3826,1.);
#2240=VECTOR('',#3829,1.);
#2241=EDGE_LOOP('',(#107,#108,#109,#110));
#2242=EDGE_LOOP('',(#111));
#2243=EDGE_LOOP('',(#112));
#2244=EDGE_LOOP('',(#113,#114,#115,#116,#117,#118,#119,#120,#121,#122,#123,
#124,#125,#126,#127,#128,#129,#130,#131,#132,#133,#134,#135,#136,#137));
#2245=EDGE_LOOP('',(#138,#139,#140,#141,#142,#143,#144,#145,#146,#147,#148,
#149));
#2246=EDGE_LOOP('',(#150,#151,#152,#153,#154,#155,#156,#157));
#2247=EDGE_LOOP('',(#158,#159,#160,#161,#162,#163,#164,#165));
#2248=EDGE_LOOP('',(#166,#167,#168,#169));
#2249=EDGE_LOOP('',(#170,#171,#172,#173));
#2250=EDGE_LOOP('',(#174,#175,#176,#177));
#2251=EDGE_LOOP('',(#178,#179,#180,#181));
#2252=EDGE_LOOP('',(#182,#183,#184,#185,#186,#187,#188,#189,#190,#191,#192,
#193,#194,#195,#196,#197));
#2253=EDGE_LOOP('',(#198,#199,#200,#201));
#2254=EDGE_LOOP('',(#202,#203,#204,#205));
#2255=EDGE_LOOP('',(#206,#207,#208,#209));
#2256=EDGE_LOOP('',(#210,#211,#212,#213));
#2257=EDGE_LOOP('',(#214,#215,#216,#217));
#2258=EDGE_LOOP('',(#218,#219,#220,#221,#222,#223,#224,#225));
#2259=EDGE_LOOP('',(#226,#227,#228,#229,#230,#231,#232,#233));
#2260=EDGE_LOOP('',(#234,#235,#236,#237,#238,#239));
#2261=EDGE_LOOP('',(#240,#241,#242,#243,#244,#245,#246,#247));
#2262=EDGE_LOOP('',(#248,#249,#250,#251,#252,#253,#254,#255));
#2263=EDGE_LOOP('',(#256,#257,#258,#259,#260,#261));
#2264=EDGE_LOOP('',(#262,#263,#264,#265,#266,#267));
#2265=EDGE_LOOP('',(#268,#269,#270,#271,#272,#273,#274,#275));
#2266=EDGE_LOOP('',(#276,#277,#278,#279,#280,#281,#282,#283,#284,#285,#286,
#287,#288,#289,#290,#291));
#2267=EDGE_LOOP('',(#292,#293,#294,#295,#296,#297,#298,#299));
#2268=EDGE_LOOP('',(#300,#301,#302,#303,#304,#305,#306,#307));
#2269=EDGE_LOOP('',(#308,#309,#310,#311));
#2270=EDGE_LOOP('',(#312,#313,#314,#315));
#2271=EDGE_LOOP('',(#316,#317,#318,#319));
#2272=EDGE_LOOP('',(#320,#321,#322,#323,#324,#325));
#2273=EDGE_LOOP('',(#326,#327,#328,#329,#330,#331));
#2274=EDGE_LOOP('',(#332,#333,#334,#335));
#2275=EDGE_LOOP('',(#336,#337,#338,#339));
#2276=EDGE_LOOP('',(#340));
#2277=EDGE_LOOP('',(#341));
#2278=EDGE_LOOP('',(#342,#343,#344,#345));
#2279=EDGE_LOOP('',(#346,#347,#348,#349,#350,#351,#352,#353));
#2280=EDGE_LOOP('',(#354,#355,#356,#357,#358,#359));
#2281=EDGE_LOOP('',(#360,#361,#362,#363));
#2282=EDGE_LOOP('',(#364,#365,#366,#367,#368,#369,#370,#371,#372,#373,#374,
#375,#376,#377,#378,#379));
#2283=EDGE_LOOP('',(#380,#381,#382,#383));
#2284=EDGE_LOOP('',(#384,#385,#386,#387));
#2285=EDGE_LOOP('',(#388,#389,#390,#391));
#2286=EDGE_LOOP('',(#392,#393,#394,#395));
#2287=EDGE_LOOP('',(#396,#397,#398,#399));
#2288=EDGE_LOOP('',(#400,#401,#402,#403,#404,#405,#406,#407));
#2289=EDGE_LOOP('',(#408,#409,#410,#411,#412,#413));
#2290=EDGE_LOOP('',(#414,#415,#416,#417,#418,#419));
#2291=EDGE_LOOP('',(#420,#421,#422,#423));
#2292=EDGE_LOOP('',(#424,#425,#426,#427,#428,#429,#430,#431,#432));
#2293=EDGE_LOOP('',(#433));
#2294=EDGE_LOOP('',(#434,#435,#436,#437));
#2295=EDGE_LOOP('',(#438,#439,#440,#441,#442,#443));
#2296=EDGE_LOOP('',(#444,#445,#446,#447,#448));
#2297=EDGE_LOOP('',(#449,#450,#451,#452));
#2298=EDGE_LOOP('',(#453,#454,#455,#456));
#2299=EDGE_LOOP('',(#457,#458,#459,#460));
#2300=EDGE_LOOP('',(#461,#462,#463,#464));
#2301=EDGE_LOOP('',(#465,#466,#467,#468));
#2302=EDGE_LOOP('',(#469,#470,#471,#472));
#2303=EDGE_LOOP('',(#473));
#2304=EDGE_LOOP('',(#474,#475,#476,#477,#478,#479));
#2305=EDGE_LOOP('',(#480,#481,#482,#483));
#2306=EDGE_LOOP('',(#484,#485,#486,#487,#488,#489));
#2307=EDGE_LOOP('',(#490,#491,#492,#493));
#2308=EDGE_LOOP('',(#494));
#2309=EDGE_LOOP('',(#495,#496,#497,#498,#499,#500,#501));
#2310=EDGE_LOOP('',(#502));
#2311=EDGE_LOOP('',(#503));
#2312=EDGE_LOOP('',(#504));
#2313=EDGE_LOOP('',(#505));
#2314=EDGE_LOOP('',(#506));
#2315=EDGE_LOOP('',(#507));
#2316=EDGE_LOOP('',(#508));
#2317=EDGE_LOOP('',(#509));
#2318=EDGE_LOOP('',(#510,#511,#512,#513));
#2319=EDGE_LOOP('',(#514,#515,#516,#517));
#2320=EDGE_LOOP('',(#518));
#2321=EDGE_LOOP('',(#519));
#2322=EDGE_LOOP('',(#520,#521,#522,#523));
#2323=EDGE_LOOP('',(#524));
#2324=EDGE_LOOP('',(#525,#526,#527,#528));
#2325=EDGE_LOOP('',(#529));
#2326=EDGE_LOOP('',(#530));
#2327=EDGE_LOOP('',(#531));
#2328=EDGE_LOOP('',(#532));
#2329=EDGE_LOOP('',(#533));
#2330=EDGE_LOOP('',(#534));
#2331=EDGE_LOOP('',(#535));
#2332=EDGE_LOOP('',(#536,#537,#538,#539));
#2333=EDGE_LOOP('',(#540,#541,#542,#543));
#2334=EDGE_LOOP('',(#544));
#2335=EDGE_LOOP('',(#545,#546,#547,#548,#549));
#2336=EDGE_LOOP('',(#550,#551,#552,#553));
#2337=EDGE_LOOP('',(#554,#555,#556,#557));
#2338=EDGE_LOOP('',(#558));
#2339=EDGE_LOOP('',(#559,#560,#561,#562,#563));
#2340=EDGE_LOOP('',(#564,#565,#566,#567,#568,#569,#570,#571));
#2341=EDGE_LOOP('',(#572));
#2342=EDGE_LOOP('',(#573,#574,#575,#576,#577));
#2343=EDGE_LOOP('',(#578,#579,#580,#581));
#2344=EDGE_LOOP('',(#582,#583,#584,#585,#586,#587));
#2345=EDGE_LOOP('',(#588,#589,#590,#591,#592,#593));
#2346=EDGE_LOOP('',(#594,#595,#596,#597));
#2347=EDGE_LOOP('',(#598,#599,#600,#601));
#2348=EDGE_LOOP('',(#602,#603,#604,#605));
#2349=EDGE_LOOP('',(#606,#607,#608,#609,#610,#611));
#2350=EDGE_LOOP('',(#612,#613,#614,#615,#616,#617));
#2351=EDGE_LOOP('',(#618,#619,#620,#621));
#2352=EDGE_LOOP('',(#622,#623,#624,#625));
#2353=EDGE_LOOP('',(#626,#627,#628,#629));
#2354=EDGE_LOOP('',(#630,#631,#632,#633));
#2355=EDGE_LOOP('',(#634,#635,#636,#637));
#2356=EDGE_LOOP('',(#638,#639,#640,#641));
#2357=EDGE_LOOP('',(#642,#643,#644,#645));
#2358=EDGE_LOOP('',(#646,#647,#648,#649));
#2359=EDGE_LOOP('',(#650,#651,#652,#653));
#2360=EDGE_LOOP('',(#654,#655,#656,#657));
#2361=EDGE_LOOP('',(#658,#659,#660,#661));
#2362=EDGE_LOOP('',(#662,#663,#664,#665));
#2363=EDGE_LOOP('',(#666,#667,#668,#669,#670,#671));
#2364=EDGE_LOOP('',(#672,#673,#674,#675));
#2365=EDGE_LOOP('',(#676,#677,#678,#679,#680));
#2366=EDGE_LOOP('',(#681,#682,#683,#684));
#2367=EDGE_LOOP('',(#685,#686,#687,#688,#689,#690));
#2368=EDGE_LOOP('',(#691,#692,#693,#694));
#2369=EDGE_LOOP('',(#695,#696,#697,#698));
#2370=EDGE_LOOP('',(#699,#700,#701,#702));
#2371=EDGE_LOOP('',(#703,#704,#705,#706));
#2372=EDGE_LOOP('',(#707,#708,#709,#710));
#2373=EDGE_LOOP('',(#711,#712,#713,#714));
#2374=EDGE_LOOP('',(#715,#716,#717,#718));
#2375=EDGE_LOOP('',(#719,#720,#721,#722));
#2376=EDGE_LOOP('',(#723,#724,#725,#726,#727,#728,#729,#730,#731,#732));
#2377=EDGE_LOOP('',(#733));
#2378=EDGE_LOOP('',(#734));
#2379=EDGE_LOOP('',(#735));
#2380=EDGE_LOOP('',(#736));
#2381=EDGE_LOOP('',(#737));
#2382=EDGE_LOOP('',(#738));
#2383=EDGE_LOOP('',(#739));
#2384=EDGE_LOOP('',(#740));
#2385=EDGE_LOOP('',(#741));
#2386=EDGE_LOOP('',(#742));
#2387=EDGE_LOOP('',(#743));
#2388=EDGE_LOOP('',(#744));
#2389=EDGE_LOOP('',(#745,#746,#747,#748,#749,#750,#751,#752,#753,#754));
#2390=EDGE_LOOP('',(#755,#756,#757,#758));
#2391=EDGE_LOOP('',(#759,#760,#761,#762));
#2392=EDGE_LOOP('',(#763,#764,#765,#766,#767,#768,#769,#770));
#2393=EDGE_LOOP('',(#771,#772,#773,#774));
#2394=EDGE_LOOP('',(#775,#776,#777,#778));
#2395=EDGE_LOOP('',(#779,#780,#781,#782));
#2396=EDGE_LOOP('',(#783,#784,#785,#786));
#2397=EDGE_LOOP('',(#787,#788,#789,#790));
#2398=EDGE_LOOP('',(#791,#792,#793,#794));
#2399=EDGE_LOOP('',(#795,#796,#797,#798));
#2400=EDGE_LOOP('',(#799,#800,#801,#802));
#2401=EDGE_LOOP('',(#803,#804,#805));
#2402=EDGE_LOOP('',(#806,#807,#808));
#2403=EDGE_LOOP('',(#809,#810,#811,#812));
#2404=EDGE_LOOP('',(#813,#814,#815,#816));
#2405=EDGE_LOOP('',(#817,#818,#819,#820));
#2406=EDGE_LOOP('',(#821,#822,#823,#824));
#2407=EDGE_LOOP('',(#825,#826,#827,#828));
#2408=EDGE_LOOP('',(#829,#830,#831,#832));
#2409=EDGE_LOOP('',(#833,#834,#835,#836));
#2410=EDGE_LOOP('',(#837,#838,#839,#840));
#2411=EDGE_LOOP('',(#841,#842,#843,#844));
#2412=EDGE_LOOP('',(#845,#846,#847,#848));
#2413=EDGE_LOOP('',(#849,#850,#851,#852));
#2414=EDGE_LOOP('',(#853,#854,#855,#856));
#2415=EDGE_LOOP('',(#857,#858,#859,#860));
#2416=EDGE_LOOP('',(#861,#862,#863,#864));
#2417=EDGE_LOOP('',(#865,#866,#867,#868));
#2418=EDGE_LOOP('',(#869,#870,#871,#872));
#2419=EDGE_LOOP('',(#873,#874,#875,#876));
#2420=EDGE_LOOP('',(#877,#878,#879));
#2421=EDGE_LOOP('',(#880,#881,#882,#883));
#2422=EDGE_LOOP('',(#884,#885,#886,#887));
#2423=EDGE_LOOP('',(#888,#889,#890,#891));
#2424=EDGE_LOOP('',(#892,#893,#894));
#2425=EDGE_LOOP('',(#895,#896,#897,#898));
#2426=EDGE_LOOP('',(#899,#900,#901,#902));
#2427=FACE_BOUND('',#2241,.T.);
#2428=FACE_BOUND('',#2242,.T.);
#2429=FACE_BOUND('',#2243,.T.);
#2430=FACE_BOUND('',#2244,.T.);
#2431=FACE_BOUND('',#2245,.T.);
#2432=FACE_BOUND('',#2246,.T.);
#2433=FACE_BOUND('',#2247,.T.);
#2434=FACE_BOUND('',#2248,.T.);
#2435=FACE_BOUND('',#2249,.T.);
#2436=FACE_BOUND('',#2250,.T.);
#2437=FACE_BOUND('',#2251,.T.);
#2438=FACE_BOUND('',#2252,.T.);
#2439=FACE_BOUND('',#2253,.T.);
#2440=FACE_BOUND('',#2254,.T.);
#2441=FACE_BOUND('',#2255,.T.);
#2442=FACE_BOUND('',#2256,.T.);
#2443=FACE_BOUND('',#2257,.T.);
#2444=FACE_BOUND('',#2258,.T.);
#2445=FACE_BOUND('',#2259,.T.);
#2446=FACE_BOUND('',#2260,.T.);
#2447=FACE_BOUND('',#2261,.T.);
#2448=FACE_BOUND('',#2262,.T.);
#2449=FACE_BOUND('',#2263,.T.);
#2450=FACE_BOUND('',#2264,.T.);
#2451=FACE_BOUND('',#2265,.T.);
#2452=FACE_BOUND('',#2266,.T.);
#2453=FACE_BOUND('',#2267,.T.);
#2454=FACE_BOUND('',#2268,.T.);
#2455=FACE_BOUND('',#2269,.T.);
#2456=FACE_BOUND('',#2270,.T.);
#2457=FACE_BOUND('',#2271,.T.);
#2458=FACE_BOUND('',#2272,.T.);
#2459=FACE_BOUND('',#2273,.T.);
#2460=FACE_BOUND('',#2274,.T.);
#2461=FACE_BOUND('',#2275,.T.);
#2462=FACE_BOUND('',#2276,.T.);
#2463=FACE_BOUND('',#2277,.T.);
#2464=FACE_BOUND('',#2278,.T.);
#2465=FACE_BOUND('',#2279,.T.);
#2466=FACE_BOUND('',#2280,.T.);
#2467=FACE_BOUND('',#2281,.T.);
#2468=FACE_BOUND('',#2282,.T.);
#2469=FACE_BOUND('',#2283,.T.);
#2470=FACE_BOUND('',#2284,.T.);
#2471=FACE_BOUND('',#2285,.T.);
#2472=FACE_BOUND('',#2286,.T.);
#2473=FACE_BOUND('',#2287,.T.);
#2474=FACE_BOUND('',#2288,.T.);
#2475=FACE_BOUND('',#2289,.T.);
#2476=FACE_BOUND('',#2290,.T.);
#2477=FACE_BOUND('',#2291,.T.);
#2478=FACE_BOUND('',#2292,.T.);
#2479=FACE_BOUND('',#2293,.T.);
#2480=FACE_BOUND('',#2294,.T.);
#2481=FACE_BOUND('',#2295,.T.);
#2482=FACE_BOUND('',#2296,.T.);
#2483=FACE_BOUND('',#2297,.T.);
#2484=FACE_BOUND('',#2298,.T.);
#2485=FACE_BOUND('',#2299,.T.);
#2486=FACE_BOUND('',#2300,.T.);
#2487=FACE_BOUND('',#2301,.T.);
#2488=FACE_BOUND('',#2302,.T.);
#2489=FACE_BOUND('',#2303,.T.);
#2490=FACE_BOUND('',#2304,.T.);
#2491=FACE_BOUND('',#2305,.T.);
#2492=FACE_BOUND('',#2306,.T.);
#2493=FACE_BOUND('',#2307,.T.);
#2494=FACE_BOUND('',#2308,.T.);
#2495=FACE_BOUND('',#2309,.T.);
#2496=FACE_BOUND('',#2310,.T.);
#2497=FACE_BOUND('',#2311,.T.);
#2498=FACE_BOUND('',#2312,.T.);
#2499=FACE_BOUND('',#2313,.T.);
#2500=FACE_BOUND('',#2314,.T.);
#2501=FACE_BOUND('',#2315,.T.);
#2502=FACE_BOUND('',#2316,.T.);
#2503=FACE_BOUND('',#2317,.T.);
#2504=FACE_BOUND('',#2318,.T.);
#2505=FACE_BOUND('',#2319,.T.);
#2506=FACE_BOUND('',#2320,.T.);
#2507=FACE_BOUND('',#2321,.T.);
#2508=FACE_BOUND('',#2322,.T.);
#2509=FACE_BOUND('',#2323,.T.);
#2510=FACE_BOUND('',#2324,.T.);
#2511=FACE_BOUND('',#2325,.T.);
#2512=FACE_BOUND('',#2326,.T.);
#2513=FACE_BOUND('',#2327,.T.);
#2514=FACE_BOUND('',#2328,.T.);
#2515=FACE_BOUND('',#2329,.T.);
#2516=FACE_BOUND('',#2330,.T.);
#2517=FACE_BOUND('',#2331,.T.);
#2518=FACE_BOUND('',#2332,.T.);
#2519=FACE_BOUND('',#2333,.T.);
#2520=FACE_BOUND('',#2334,.T.);
#2521=FACE_BOUND('',#2335,.T.);
#2522=FACE_BOUND('',#2336,.T.);
#2523=FACE_BOUND('',#2337,.T.);
#2524=FACE_BOUND('',#2338,.T.);
#2525=FACE_BOUND('',#2339,.T.);
#2526=FACE_BOUND('',#2340,.T.);
#2527=FACE_BOUND('',#2341,.T.);
#2528=FACE_BOUND('',#2342,.T.);
#2529=FACE_BOUND('',#2343,.T.);
#2530=FACE_BOUND('',#2344,.T.);
#2531=FACE_BOUND('',#2345,.T.);
#2532=FACE_BOUND('',#2346,.T.);
#2533=FACE_BOUND('',#2347,.T.);
#2534=FACE_BOUND('',#2348,.T.);
#2535=FACE_BOUND('',#2349,.T.);
#2536=FACE_BOUND('',#2350,.T.);
#2537=FACE_BOUND('',#2351,.T.);
#2538=FACE_BOUND('',#2352,.T.);
#2539=FACE_BOUND('',#2353,.T.);
#2540=FACE_BOUND('',#2354,.T.);
#2541=FACE_BOUND('',#2355,.T.);
#2542=FACE_BOUND('',#2356,.T.);
#2543=FACE_BOUND('',#2357,.T.);
#2544=FACE_BOUND('',#2358,.T.);
#2545=FACE_BOUND('',#2359,.T.);
#2546=FACE_BOUND('',#2360,.T.);
#2547=FACE_BOUND('',#2361,.T.);
#2548=FACE_BOUND('',#2362,.T.);
#2549=FACE_BOUND('',#2363,.T.);
#2550=FACE_BOUND('',#2364,.T.);
#2551=FACE_BOUND('',#2365,.T.);
#2552=FACE_BOUND('',#2366,.T.);
#2553=FACE_BOUND('',#2367,.T.);
#2554=FACE_BOUND('',#2368,.T.);
#2555=FACE_BOUND('',#2369,.T.);
#2556=FACE_BOUND('',#2370,.T.);
#2557=FACE_BOUND('',#2371,.T.);
#2558=FACE_BOUND('',#2372,.T.);
#2559=FACE_BOUND('',#2373,.T.);
#2560=FACE_BOUND('',#2374,.T.);
#2561=FACE_BOUND('',#2375,.T.);
#2562=FACE_BOUND('',#2376,.T.);
#2563=FACE_BOUND('',#2377,.T.);
#2564=FACE_BOUND('',#2378,.T.);
#2565=FACE_BOUND('',#2379,.T.);
#2566=FACE_BOUND('',#2380,.T.);
#2567=FACE_BOUND('',#2381,.T.);
#2568=FACE_BOUND('',#2382,.T.);
#2569=FACE_BOUND('',#2383,.T.);
#2570=FACE_BOUND('',#2384,.T.);
#2571=FACE_BOUND('',#2385,.T.);
#2572=FACE_BOUND('',#2386,.T.);
#2573=FACE_BOUND('',#2387,.T.);
#2574=FACE_BOUND('',#2388,.T.);
#2575=FACE_BOUND('',#2389,.T.);
#2576=FACE_BOUND('',#2390,.T.);
#2577=FACE_BOUND('',#2391,.T.);
#2578=FACE_BOUND('',#2392,.T.);
#2579=FACE_BOUND('',#2393,.T.);
#2580=FACE_BOUND('',#2394,.T.);
#2581=FACE_BOUND('',#2395,.T.);
#2582=FACE_BOUND('',#2396,.T.);
#2583=FACE_BOUND('',#2397,.T.);
#2584=FACE_BOUND('',#2398,.T.);
#2585=FACE_BOUND('',#2399,.T.);
#2586=FACE_BOUND('',#2400,.T.);
#2587=FACE_BOUND('',#2401,.T.);
#2588=FACE_BOUND('',#2402,.T.);
#2589=FACE_BOUND('',#2403,.T.);
#2590=FACE_BOUND('',#2404,.T.);
#2591=FACE_BOUND('',#2405,.T.);
#2592=FACE_BOUND('',#2406,.T.);
#2593=FACE_BOUND('',#2407,.T.);
#2594=FACE_BOUND('',#2408,.T.);
#2595=FACE_BOUND('',#2409,.T.);
#2596=FACE_BOUND('',#2410,.T.);
#2597=FACE_BOUND('',#2411,.T.);
#2598=FACE_BOUND('',#2412,.T.);
#2599=FACE_BOUND('',#2413,.T.);
#2600=FACE_BOUND('',#2414,.T.);
#2601=FACE_BOUND('',#2415,.T.);
#2602=FACE_BOUND('',#2416,.T.);
#2603=FACE_BOUND('',#2417,.T.);
#2604=FACE_BOUND('',#2418,.T.);
#2605=FACE_BOUND('',#2419,.T.);
#2606=FACE_BOUND('',#2420,.T.);
#2607=FACE_BOUND('',#2421,.T.);
#2608=FACE_BOUND('',#2422,.T.);
#2609=FACE_BOUND('',#2423,.T.);
#2610=FACE_BOUND('',#2424,.T.);
#2611=FACE_BOUND('',#2425,.T.);
#2612=FACE_BOUND('',#2426,.T.);
#2613=PLANE('',#2905);
#2614=PLANE('',#2909);
#2615=PLANE('',#2914);
#2616=PLANE('',#2915);
#2617=PLANE('',#2916);
#2618=PLANE('',#2923);
#2619=PLANE('',#2924);
#2620=PLANE('',#2925);
#2621=PLANE('',#2926);
#2622=PLANE('',#2927);
#2623=PLANE('',#2928);
#2624=PLANE('',#2929);
#2625=PLANE('',#2930);
#2626=PLANE('',#2931);
#2627=PLANE('',#2932);
#2628=PLANE('',#2933);
#2629=PLANE('',#2934);
#2630=PLANE('',#2935);
#2631=PLANE('',#2936);
#2632=PLANE('',#2943);
#2633=PLANE('',#2944);
#2634=PLANE('',#2945);
#2635=PLANE('',#2952);
#2636=PLANE('',#2953);
#2637=PLANE('',#2955);
#2638=PLANE('',#2958);
#2639=PLANE('',#2961);
#2640=PLANE('',#2964);
#2641=PLANE('',#2967);
#2642=PLANE('',#2968);
#2643=PLANE('',#2969);
#2644=PLANE('',#2970);
#2645=PLANE('',#2971);
#2646=PLANE('',#2972);
#2647=PLANE('',#2973);
#2648=PLANE('',#2974);
#2649=PLANE('',#2975);
#2650=PLANE('',#2976);
#2651=PLANE('',#2977);
#2652=PLANE('',#2978);
#2653=PLANE('',#2979);
#2654=PLANE('',#2980);
#2655=PLANE('',#2981);
#2656=PLANE('',#2982);
#2657=PLANE('',#2983);
#2658=PLANE('',#2984);
#2659=PLANE('',#2988);
#2660=PLANE('',#2992);
#2661=PLANE('',#2996);
#2662=PLANE('',#3000);
#2663=PLANE('',#3001);
#2664=PLANE('',#3002);
#2665=PLANE('',#3005);
#2666=PLANE('',#3008);
#2667=PLANE('',#3009);
#2668=PLANE('',#3010);
#2669=PLANE('',#3011);
#2670=PLANE('',#3013);
#2671=PLANE('',#3014);
#2672=PLANE('',#3015);
#2673=PLANE('',#3017);
#2674=PLANE('',#3018);
#2675=PLANE('',#3020);
#2676=PLANE('',#3021);
#2677=PLANE('',#3022);
#2678=PLANE('',#3023);
#2679=PLANE('',#3024);
#2680=PLANE('',#3025);
#2681=PLANE('',#3026);
#2682=PLANE('',#3027);
#2683=PLANE('',#3028);
#2684=PLANE('',#3029);
#2685=PLANE('',#3030);
#2686=PLANE('',#3031);
#2687=PLANE('',#3032);
#2688=PLANE('',#3033);
#2689=PLANE('',#3034);
#2690=PLANE('',#3035);
#2691=PLANE('',#3036);
#2692=PLANE('',#3037);
#2693=PLANE('',#3038);
#2694=PLANE('',#3039);
#2695=PLANE('',#3040);
#2696=PLANE('',#3041);
#2697=PLANE('',#3042);
#2698=PLANE('',#3043);
#2699=PLANE('',#3044);
#2700=PLANE('',#3045);
#2701=PLANE('',#3046);
#2702=PLANE('',#3047);
#2703=PLANE('',#3048);
#2704=PLANE('',#3049);
#2705=PLANE('',#3050);
#2706=PLANE('',#3051);
#2707=PLANE('',#3052);
#2708=PLANE('',#3053);
#2709=PLANE('',#3056);
#2710=PLANE('',#3059);
#2711=PLANE('',#3062);
#2712=PLANE('',#3065);
#2713=PLANE('',#3066);
#2714=PLANE('',#3069);
#2715=PLANE('',#3070);
#2716=PLANE('',#3071);
#2717=PLANE('',#3072);
#2718=PLANE('',#3073);
#2719=PLANE('',#3074);
#2720=PLANE('',#3075);
#2721=PLANE('',#3076);
#2722=PLANE('',#3077);
#2723=PLANE('',#3078);
#2724=PLANE('',#3079);
#2725=PLANE('',#3080);
#2726=PLANE('',#3081);
#2727=PLANE('',#3082);
#2728=PLANE('',#3083);
#2729=PLANE('',#3084);
#2730=PLANE('',#3085);
#2731=PLANE('',#3086);
#2732=PLANE('',#3087);
#2733=PLANE('',#3088);
#2734=PLANE('',#3089);
#2735=ADVANCED_FACE('',(#2427,#2428,#2429,#2430),#2613,.T.);
#2736=ADVANCED_FACE('',(#2431,#2432,#2433,#2434),#2614,.F.);
#2737=ADVANCED_FACE('',(#2435,#2436),#2615,.T.);
#2738=ADVANCED_FACE('',(#2437),#2616,.T.);
#2739=ADVANCED_FACE('',(#2438),#2617,.T.);
#2740=ADVANCED_FACE('',(#2439),#2618,.T.);
#2741=ADVANCED_FACE('',(#2440),#2619,.T.);
#2742=ADVANCED_FACE('',(#2441),#2620,.T.);
#2743=ADVANCED_FACE('',(#2442),#2621,.F.);
#2744=ADVANCED_FACE('',(#2443),#2622,.F.);
#2745=ADVANCED_FACE('',(#2444,#2445,#2446),#2623,.T.);
#2746=ADVANCED_FACE('',(#2447),#2624,.T.);
#2747=ADVANCED_FACE('',(#2448),#2625,.F.);
#2748=ADVANCED_FACE('',(#2449),#2626,.T.);
#2749=ADVANCED_FACE('',(#2450),#2627,.F.);
#2750=ADVANCED_FACE('',(#2451),#2628,.F.);
#2751=ADVANCED_FACE('',(#2452),#2629,.F.);
#2752=ADVANCED_FACE('',(#2453),#2630,.F.);
#2753=ADVANCED_FACE('',(#2454),#2631,.F.);
#2754=ADVANCED_FACE('',(#2455),#20,.F.);
#2755=ADVANCED_FACE('',(#2456),#21,.F.);
#2756=ADVANCED_FACE('',(#2457),#22,.F.);
#2757=ADVANCED_FACE('',(#2458),#2632,.F.);
#2758=ADVANCED_FACE('',(#2459),#2633,.F.);
#2759=ADVANCED_FACE('',(#2460),#2634,.F.);
#2760=ADVANCED_FACE('',(#2461),#23,.F.);
#2761=ADVANCED_FACE('',(#2462,#2463),#24,.F.);
#2762=ADVANCED_FACE('',(#2464),#2635,.T.);
#2763=ADVANCED_FACE('',(#2465),#2636,.T.);
#2764=ADVANCED_FACE('',(#2466),#2637,.T.);
#2765=ADVANCED_FACE('',(#2467),#25,.T.);
#2766=ADVANCED_FACE('',(#2468),#2638,.T.);
#2767=ADVANCED_FACE('',(#2469),#26,.T.);
#2768=ADVANCED_FACE('',(#2470),#2639,.T.);
#2769=ADVANCED_FACE('',(#2471),#27,.T.);
#2770=ADVANCED_FACE('',(#2472),#2640,.T.);
#2771=ADVANCED_FACE('',(#2473),#28,.T.);
#2772=ADVANCED_FACE('',(#2474),#2641,.T.);
#2773=ADVANCED_FACE('',(#2475),#2642,.F.);
#2774=ADVANCED_FACE('',(#2476),#2643,.T.);
#2775=ADVANCED_FACE('',(#2477),#2644,.T.);
#2776=ADVANCED_FACE('',(#2478),#2645,.T.);
#2777=ADVANCED_FACE('',(#2479,#2480),#2646,.F.);
#2778=ADVANCED_FACE('',(#2481,#2482),#2647,.T.);
#2779=ADVANCED_FACE('',(#2483),#2648,.F.);
#2780=ADVANCED_FACE('',(#2484),#2649,.F.);
#2781=ADVANCED_FACE('',(#2485),#2650,.F.);
#2782=ADVANCED_FACE('',(#2486),#2651,.F.);
#2783=ADVANCED_FACE('',(#2487),#2652,.F.);
#2784=ADVANCED_FACE('',(#2488),#2653,.F.);
#2785=ADVANCED_FACE('',(#2489,#2490),#2654,.T.);
#2786=ADVANCED_FACE('',(#2491),#2655,.F.);
#2787=ADVANCED_FACE('',(#2492),#2656,.T.);
#2788=ADVANCED_FACE('',(#2493),#2657,.T.);
#2789=ADVANCED_FACE('',(#2494,#2495),#2658,.T.);
#2790=ADVANCED_FACE('',(#2496,#2497),#29,.T.);
#2791=ADVANCED_FACE('',(#2498,#2499),#2659,.T.);
#2792=ADVANCED_FACE('',(#2500,#2501),#30,.T.);
#2793=ADVANCED_FACE('',(#2502,#2503),#2660,.T.);
#2794=ADVANCED_FACE('',(#2504),#31,.T.);
#2795=ADVANCED_FACE('',(#2505),#2661,.T.);
#2796=ADVANCED_FACE('',(#2506,#2507),#32,.F.);
#2797=ADVANCED_FACE('',(#2508),#2662,.F.);
#2798=ADVANCED_FACE('',(#2509,#2510),#2663,.T.);
#2799=ADVANCED_FACE('',(#2511),#2664,.T.);
#2800=ADVANCED_FACE('',(#2512,#2513),#33,.T.);
#2801=ADVANCED_FACE('',(#2514),#2665,.T.);
#2802=ADVANCED_FACE('',(#2515,#2516),#34,.T.);
#2803=ADVANCED_FACE('',(#2517),#2666,.T.);
#2804=ADVANCED_FACE('',(#2518),#2667,.F.);
#2805=ADVANCED_FACE('',(#2519),#2668,.F.);
#2806=ADVANCED_FACE('',(#2520,#2521),#2669,.T.);
#2807=ADVANCED_FACE('',(#2522),#2670,.F.);
#2808=ADVANCED_FACE('',(#2523),#2671,.F.);
#2809=ADVANCED_FACE('',(#2524,#2525),#2672,.T.);
#2810=ADVANCED_FACE('',(#2526),#2673,.T.);
#2811=ADVANCED_FACE('',(#2527,#2528),#2674,.T.);
#2812=ADVANCED_FACE('',(#2529),#2675,.F.);
#2813=ADVANCED_FACE('',(#2530),#2676,.F.);
#2814=ADVANCED_FACE('',(#2531),#2677,.T.);
#2815=ADVANCED_FACE('',(#2532),#2678,.T.);
#2816=ADVANCED_FACE('',(#2533),#2679,.T.);
#2817=ADVANCED_FACE('',(#2534),#2680,.F.);
#2818=ADVANCED_FACE('',(#2535),#2681,.F.);
#2819=ADVANCED_FACE('',(#2536),#2682,.T.);
#2820=ADVANCED_FACE('',(#2537),#2683,.T.);
#2821=ADVANCED_FACE('',(#2538),#2684,.T.);
#2822=ADVANCED_FACE('',(#2539),#2685,.F.);
#2823=ADVANCED_FACE('',(#2540),#2686,.F.);
#2824=ADVANCED_FACE('',(#2541),#2687,.F.);
#2825=ADVANCED_FACE('',(#2542),#2688,.F.);
#2826=ADVANCED_FACE('',(#2543),#2689,.F.);
#2827=ADVANCED_FACE('',(#2544),#2690,.F.);
#2828=ADVANCED_FACE('',(#2545),#2691,.F.);
#2829=ADVANCED_FACE('',(#2546),#2692,.F.);
#2830=ADVANCED_FACE('',(#2547),#2693,.F.);
#2831=ADVANCED_FACE('',(#2548),#2694,.F.);
#2832=ADVANCED_FACE('',(#2549),#2695,.T.);
#2833=ADVANCED_FACE('',(#2550),#2696,.F.);
#2834=ADVANCED_FACE('',(#2551),#2697,.F.);
#2835=ADVANCED_FACE('',(#2552),#2698,.F.);
#2836=ADVANCED_FACE('',(#2553),#2699,.T.);
#2837=ADVANCED_FACE('',(#2554),#2700,.T.);
#2838=ADVANCED_FACE('',(#2555),#2701,.F.);
#2839=ADVANCED_FACE('',(#2556),#2702,.F.);
#2840=ADVANCED_FACE('',(#2557),#2703,.T.);
#2841=ADVANCED_FACE('',(#2558),#2704,.F.);
#2842=ADVANCED_FACE('',(#2559),#2705,.F.);
#2843=ADVANCED_FACE('',(#2560),#2706,.T.);
#2844=ADVANCED_FACE('',(#2561),#2707,.T.);
#2845=ADVANCED_FACE('',(#2562),#2708,.T.);
#2846=ADVANCED_FACE('',(#2563,#2564),#35,.F.);
#2847=ADVANCED_FACE('',(#2565),#2709,.T.);
#2848=ADVANCED_FACE('',(#2566,#2567),#36,.F.);
#2849=ADVANCED_FACE('',(#2568),#2710,.T.);
#2850=ADVANCED_FACE('',(#2569,#2570),#37,.F.);
#2851=ADVANCED_FACE('',(#2571),#2711,.T.);
#2852=ADVANCED_FACE('',(#2572,#2573),#38,.F.);
#2853=ADVANCED_FACE('',(#2574),#2712,.T.);
#2854=ADVANCED_FACE('',(#2575),#2713,.T.);
#2855=ADVANCED_FACE('',(#2576),#2714,.F.);
#2856=ADVANCED_FACE('',(#2577),#2715,.T.);
#2857=ADVANCED_FACE('',(#2578),#2716,.F.);
#2858=ADVANCED_FACE('',(#2579),#2717,.F.);
#2859=ADVANCED_FACE('',(#2580),#2718,.T.);
#2860=ADVANCED_FACE('',(#2581),#2719,.F.);
#2861=ADVANCED_FACE('',(#2582),#2720,.F.);
#2862=ADVANCED_FACE('',(#2583),#2721,.T.);
#2863=ADVANCED_FACE('',(#2584),#2722,.F.);
#2864=ADVANCED_FACE('',(#2585),#2723,.T.);
#2865=ADVANCED_FACE('',(#2586),#2724,.T.);
#2866=ADVANCED_FACE('',(#2587),#2725,.T.);
#2867=ADVANCED_FACE('',(#2588),#2726,.F.);
#2868=ADVANCED_FACE('',(#2589),#2727,.T.);
#2869=ADVANCED_FACE('',(#2590),#2728,.F.);
#2870=ADVANCED_FACE('',(#2591),#2729,.F.);
#2871=ADVANCED_FACE('',(#2592),#2730,.T.);
#2872=ADVANCED_FACE('',(#2593),#2731,.T.);
#2873=ADVANCED_FACE('',(#2594),#2732,.F.);
#2874=ADVANCED_FACE('',(#2595),#2733,.T.);
#2875=ADVANCED_FACE('',(#2596),#2734,.F.);
#2876=ADVANCED_FACE('',(#2597),#39,.T.);
#2877=ADVANCED_FACE('',(#2598),#40,.T.);
#2878=ADVANCED_FACE('',(#2599),#41,.T.);
#2879=ADVANCED_FACE('',(#2600),#16,.T.);
#2880=ADVANCED_FACE('',(#2601),#17,.T.);
#2881=ADVANCED_FACE('',(#2602),#42,.T.);
#2882=ADVANCED_FACE('',(#2603),#43,.T.);
#2883=ADVANCED_FACE('',(#2604),#44,.T.);
#2884=ADVANCED_FACE('',(#2605),#18,.T.);
#2885=ADVANCED_FACE('',(#2606),#12,.T.);
#2886=ADVANCED_FACE('',(#2607),#45,.T.);
#2887=ADVANCED_FACE('',(#2608),#46,.T.);
#2888=ADVANCED_FACE('',(#2609),#19,.T.);
#2889=ADVANCED_FACE('',(#2610),#13,.T.);
#2890=ADVANCED_FACE('',(#2611),#47,.T.);
#2891=ADVANCED_FACE('',(#2612),#48,.T.);
#2892=CLOSED_SHELL('',(#2735,#2736,#2737,#2738,#2739,#2740,#2741,#2742,
#2743,#2744,#2745,#2746,#2747,#2748,#2749,#2750,#2751,#2752,#2753,#2754,
#2755,#2756,#2757,#2758,#2759,#2760,#2761,#2762,#2763,#2764,#2765,#2766,
#2767,#2768,#2769,#2770,#2771,#2772,#2773,#2774,#2775,#2776,#2777,#2778,
#2779,#2780,#2781,#2782,#2783,#2784,#2785,#2786,#2787,#2788,#2789,#2790,
#2791,#2792,#2793,#2794,#2795,#2796,#2797,#2798,#2799,#2800,#2801,#2802,
#2803,#2804,#2805,#2806,#2807,#2808,#2809,#2810,#2811,#2812,#2813,#2814,
#2815,#2816,#2817,#2818,#2819,#2820,#2821,#2822,#2823,#2824,#2825,#2826,
#2827,#2828,#2829,#2830,#2831,#2832,#2833,#2834,#2835,#2836,#2837,#2838,
#2839,#2840,#2841,#2842,#2843,#2844,#2845,#2846,#2847,#2848,#2849,#2850,
#2851,#2852,#2853,#2854,#2855,#2856,#2857,#2858,#2859,#2860,#2861,#2862,
#2863,#2864,#2865,#2866,#2867,#2868,#2869,#2870,#2871,#2872,#2873,#2874,
#2875,#2876,#2877,#2878,#2879,#2880,#2881,#2882,#2883,#2884,#2885,#2886,
#2887,#2888,#2889,#2890,#2891));
#2893=STYLED_ITEM('',(#2894),#2901);
#2894=PRESENTATION_STYLE_ASSIGNMENT((#2895));
#2895=SURFACE_STYLE_USAGE(.BOTH.,#2896);
#2896=SURFACE_SIDE_STYLE('',(#2897));
#2897=SURFACE_STYLE_FILL_AREA(#2898);
#2898=FILL_AREA_STYLE('',(#2899));
#2899=FILL_AREA_STYLE_COLOUR('',#2900);
#2900=COLOUR_RGB('',0.615686274509804,0.811764705882353,0.929411764705882);
#2901=MANIFOLD_SOLID_BREP('boite_bas',#2892);
#2902=SHAPE_DEFINITION_REPRESENTATION(#4722,#2903);
#2903=SHAPE_REPRESENTATION('boite_bas',(#2904),#4717);
#2904=AXIS2_PLACEMENT_3D('',#3896,#3122,#3123);
#2905=AXIS2_PLACEMENT_3D('',#3897,#3124,#3125);
#2906=AXIS2_PLACEMENT_3D('',#3906,#3130,#3131);
#2907=AXIS2_PLACEMENT_3D('',#3908,#3132,#3133);
#2908=AXIS2_PLACEMENT_3D('',#3947,#3152,#3153);
#2909=AXIS2_PLACEMENT_3D('',#3960,#3160,#3161);
#2910=AXIS2_PLACEMENT_3D('',#3972,#3167,#3168);
#2911=AXIS2_PLACEMENT_3D('',#3976,#3170,#3171);
#2912=AXIS2_PLACEMENT_3D('',#3980,#3173,#3174);
#2913=AXIS2_PLACEMENT_3D('',#3984,#3176,#3177);
#2914=AXIS2_PLACEMENT_3D('',#4025,#3198,#3199);
#2915=AXIS2_PLACEMENT_3D('',#4042,#3208,#3209);
#2916=AXIS2_PLACEMENT_3D('',#4051,#3214,#3215);
#2917=AXIS2_PLACEMENT_3D('',#4059,#3219,#3220);
#2918=AXIS2_PLACEMENT_3D('',#4063,#3222,#3223);
#2919=AXIS2_PLACEMENT_3D('',#4067,#3225,#3226);
#2920=AXIS2_PLACEMENT_3D('',#4075,#3230,#3231);
#2921=AXIS2_PLACEMENT_3D('',#4079,#3233,#3234);
#2922=AXIS2_PLACEMENT_3D('',#4083,#3236,#3237);
#2923=AXIS2_PLACEMENT_3D('',#4084,#3238,#3239);
#2924=AXIS2_PLACEMENT_3D('',#4093,#3244,#3245);
#2925=AXIS2_PLACEMENT_3D('',#4102,#3250,#3251);
#2926=AXIS2_PLACEMENT_3D('',#4111,#3256,#3257);
#2927=AXIS2_PLACEMENT_3D('',#4120,#3262,#3263);
#2928=AXIS2_PLACEMENT_3D('',#4129,#3268,#3269);
#2929=AXIS2_PLACEMENT_3D('',#4174,#3292,#3293);
#2930=AXIS2_PLACEMENT_3D('',#4185,#3300,#3301);
#2931=AXIS2_PLACEMENT_3D('',#4199,#3309,#3310);
#2932=AXIS2_PLACEMENT_3D('',#4209,#3316,#3317);
#2933=AXIS2_PLACEMENT_3D('',#4216,#3322,#3323);
#2934=AXIS2_PLACEMENT_3D('',#4227,#3330,#3331);
#2935=AXIS2_PLACEMENT_3D('',#4246,#3343,#3344);
#2936=AXIS2_PLACEMENT_3D('',#4257,#3351,#3352);
#2937=AXIS2_PLACEMENT_3D('',#4268,#3359,#3360);
#2938=AXIS2_PLACEMENT_3D('',#4269,#3361,#3362);
#2939=AXIS2_PLACEMENT_3D('',#4270,#3363,#3364);
#2940=AXIS2_PLACEMENT_3D('',#4271,#3365,#3366);
#2941=AXIS2_PLACEMENT_3D('',#4272,#3367,#3368);
#2942=AXIS2_PLACEMENT_3D('',#4273,#3369,#3370);
#2943=AXIS2_PLACEMENT_3D('',#4274,#3371,#3372);
#2944=AXIS2_PLACEMENT_3D('',#4282,#3377,#3378);
#2945=AXIS2_PLACEMENT_3D('',#4295,#3385,#3386);
#2946=AXIS2_PLACEMENT_3D('',#4301,#3390,#3391);
#2947=AXIS2_PLACEMENT_3D('',#4302,#3392,#3393);
#2948=AXIS2_PLACEMENT_3D('',#4303,#3394,#3395);
#2949=AXIS2_PLACEMENT_3D('',#4304,#3396,#3397);
#2950=AXIS2_PLACEMENT_3D('',#4305,#3398,#3399);
#2951=AXIS2_PLACEMENT_3D('',#4307,#3400,#3401);
#2952=AXIS2_PLACEMENT_3D('',#4309,#3402,#3403);
#2953=AXIS2_PLACEMENT_3D('',#4318,#3408,#3409);
#2954=AXIS2_PLACEMENT_3D('',#4321,#3411,#3412);
#2955=AXIS2_PLACEMENT_3D('',#4326,#3415,#3416);
#2956=AXIS2_PLACEMENT_3D('',#4331,#3420,#3421);
#2957=AXIS2_PLACEMENT_3D('',#4332,#3422,#3423);
#2958=AXIS2_PLACEMENT_3D('',#4335,#3425,#3426);
#2959=AXIS2_PLACEMENT_3D('',#4351,#3437,#3438);
#2960=AXIS2_PLACEMENT_3D('',#4352,#3439,#3440);
#2961=AXIS2_PLACEMENT_3D('',#4355,#3442,#3443);
#2962=AXIS2_PLACEMENT_3D('',#4359,#3446,#3447);
#2963=AXIS2_PLACEMENT_3D('',#4360,#3448,#3449);
#2964=AXIS2_PLACEMENT_3D('',#4363,#3451,#3452);
#2965=AXIS2_PLACEMENT_3D('',#4367,#3455,#3456);
#2966=AXIS2_PLACEMENT_3D('',#4368,#3457,#3458);
#2967=AXIS2_PLACEMENT_3D('',#4371,#3460,#3461);
#2968=AXIS2_PLACEMENT_3D('',#4377,#3466,#3467);
#2969=AXIS2_PLACEMENT_3D('',#4381,#3470,#3471);
#2970=AXIS2_PLACEMENT_3D('',#4385,#3474,#3475);
#2971=AXIS2_PLACEMENT_3D('',#4391,#3479,#3480);
#2972=AXIS2_PLACEMENT_3D('',#4395,#3484,#3485);
#2973=AXIS2_PLACEMENT_3D('',#4396,#3486,#3487);
#2974=AXIS2_PLACEMENT_3D('',#4410,#3495,#3496);
#2975=AXIS2_PLACEMENT_3D('',#4416,#3500,#3501);
#2976=AXIS2_PLACEMENT_3D('',#4420,#3504,#3505);
#2977=AXIS2_PLACEMENT_3D('',#4424,#3508,#3509);
#2978=AXIS2_PLACEMENT_3D('',#4428,#3512,#3513);
#2979=AXIS2_PLACEMENT_3D('',#4432,#3516,#3517);
#2980=AXIS2_PLACEMENT_3D('',#4434,#3519,#3520);
#2981=AXIS2_PLACEMENT_3D('',#4435,#3521,#3522);
#2982=AXIS2_PLACEMENT_3D('',#4439,#3525,#3526);
#2983=AXIS2_PLACEMENT_3D('',#4445,#3530,#3531);
#2984=AXIS2_PLACEMENT_3D('',#4448,#3534,#3535);
#2985=AXIS2_PLACEMENT_3D('',#4449,#3536,#3537);
#2986=AXIS2_PLACEMENT_3D('',#4451,#3538,#3539);
#2987=AXIS2_PLACEMENT_3D('',#4452,#3540,#3541);
#2988=AXIS2_PLACEMENT_3D('',#4454,#3542,#3543);
#2989=AXIS2_PLACEMENT_3D('',#4455,#3544,#3545);
#2990=AXIS2_PLACEMENT_3D('',#4457,#3546,#3547);
#2991=AXIS2_PLACEMENT_3D('',#4458,#3548,#3549);
#2992=AXIS2_PLACEMENT_3D('',#4460,#3550,#3551);
#2993=AXIS2_PLACEMENT_3D('',#4461,#3552,#3553);
#2994=AXIS2_PLACEMENT_3D('',#4463,#3554,#3555);
#2995=AXIS2_PLACEMENT_3D('',#4466,#3557,#3558);
#2996=AXIS2_PLACEMENT_3D('',#4469,#3560,#3561);
#2997=AXIS2_PLACEMENT_3D('',#4471,#3563,#3564);
#2998=AXIS2_PLACEMENT_3D('',#4472,#3565,#3566);
#2999=AXIS2_PLACEMENT_3D('',#4474,#3567,#3568);
#3000=AXIS2_PLACEMENT_3D('',#4476,#3569,#3570);
#3001=AXIS2_PLACEMENT_3D('',#4478,#3572,#3573);
#3002=AXIS2_PLACEMENT_3D('',#4479,#3574,#3575);
#3003=AXIS2_PLACEMENT_3D('',#4480,#3576,#3577);
#3004=AXIS2_PLACEMENT_3D('',#4481,#3578,#3579);
#3005=AXIS2_PLACEMENT_3D('',#4483,#3580,#3581);
#3006=AXIS2_PLACEMENT_3D('',#4484,#3582,#3583);
#3007=AXIS2_PLACEMENT_3D('',#4485,#3584,#3585);
#3008=AXIS2_PLACEMENT_3D('',#4487,#3586,#3587);
#3009=AXIS2_PLACEMENT_3D('',#4488,#3588,#3589);
#3010=AXIS2_PLACEMENT_3D('',#4492,#3592,#3593);
#3011=AXIS2_PLACEMENT_3D('',#4494,#3595,#3596);
#3012=AXIS2_PLACEMENT_3D('',#4495,#3597,#3598);
#3013=AXIS2_PLACEMENT_3D('',#4497,#3599,#3600);
#3014=AXIS2_PLACEMENT_3D('',#4501,#3603,#3604);
#3015=AXIS2_PLACEMENT_3D('',#4503,#3606,#3607);
#3016=AXIS2_PLACEMENT_3D('',#4504,#3608,#3609);
#3017=AXIS2_PLACEMENT_3D('',#4506,#3610,#3611);
#3018=AXIS2_PLACEMENT_3D('',#4513,#3616,#3617);
#3019=AXIS2_PLACEMENT_3D('',#4514,#3618,#3619);
#3020=AXIS2_PLACEMENT_3D('',#4516,#3620,#3621);
#3021=AXIS2_PLACEMENT_3D('',#4522,#3625,#3626);
#3022=AXIS2_PLACEMENT_3D('',#4527,#3630,#3631);
#3023=AXIS2_PLACEMENT_3D('',#4532,#3635,#3636);
#3024=AXIS2_PLACEMENT_3D('',#4534,#3638,#3639);
#3025=AXIS2_PLACEMENT_3D('',#4535,#3640,#3641);
#3026=AXIS2_PLACEMENT_3D('',#4541,#3645,#3646);
#3027=AXIS2_PLACEMENT_3D('',#4546,#3650,#3651);
#3028=AXIS2_PLACEMENT_3D('',#4551,#3655,#3656);
#3029=AXIS2_PLACEMENT_3D('',#4553,#3658,#3659);
#3030=AXIS2_PLACEMENT_3D('',#4554,#3660,#3661);
#3031=AXIS2_PLACEMENT_3D('',#4556,#3663,#3664);
#3032=AXIS2_PLACEMENT_3D('',#4558,#3666,#3667);
#3033=AXIS2_PLACEMENT_3D('',#4560,#3669,#3670);
#3034=AXIS2_PLACEMENT_3D('',#4562,#3672,#3673);
#3035=AXIS2_PLACEMENT_3D('',#4563,#3674,#3675);
#3036=AXIS2_PLACEMENT_3D('',#4565,#3677,#3678);
#3037=AXIS2_PLACEMENT_3D('',#4567,#3680,#3681);
#3038=AXIS2_PLACEMENT_3D('',#4569,#3683,#3684);
#3039=AXIS2_PLACEMENT_3D('',#4571,#3686,#3687);
#3040=AXIS2_PLACEMENT_3D('',#4572,#3688,#3689);
#3041=AXIS2_PLACEMENT_3D('',#4579,#3694,#3695);
#3042=AXIS2_PLACEMENT_3D('',#4581,#3697,#3698);
#3043=AXIS2_PLACEMENT_3D('',#4583,#3700,#3701);
#3044=AXIS2_PLACEMENT_3D('',#4585,#3703,#3704);
#3045=AXIS2_PLACEMENT_3D('',#4586,#3705,#3706);
#3046=AXIS2_PLACEMENT_3D('',#4590,#3709,#3710);
#3047=AXIS2_PLACEMENT_3D('',#4594,#3713,#3714);
#3048=AXIS2_PLACEMENT_3D('',#4598,#3717,#3718);
#3049=AXIS2_PLACEMENT_3D('',#4602,#3721,#3722);
#3050=AXIS2_PLACEMENT_3D('',#4606,#3725,#3726);
#3051=AXIS2_PLACEMENT_3D('',#4610,#3729,#3730);
#3052=AXIS2_PLACEMENT_3D('',#4612,#3732,#3733);
#3053=AXIS2_PLACEMENT_3D('',#4614,#3735,#3736);
#3054=AXIS2_PLACEMENT_3D('',#4615,#3737,#3738);
#3055=AXIS2_PLACEMENT_3D('',#4616,#3739,#3740);
#3056=AXIS2_PLACEMENT_3D('',#4618,#3741,#3742);
#3057=AXIS2_PLACEMENT_3D('',#4619,#3743,#3744);
#3058=AXIS2_PLACEMENT_3D('',#4620,#3745,#3746);
#3059=AXIS2_PLACEMENT_3D('',#4622,#3747,#3748);
#3060=AXIS2_PLACEMENT_3D('',#4623,#3749,#3750);
#3061=AXIS2_PLACEMENT_3D('',#4624,#3751,#3752);
#3062=AXIS2_PLACEMENT_3D('',#4626,#3753,#3754);
#3063=AXIS2_PLACEMENT_3D('',#4627,#3755,#3756);
#3064=AXIS2_PLACEMENT_3D('',#4628,#3757,#3758);
#3065=AXIS2_PLACEMENT_3D('',#4630,#3759,#3760);
#3066=AXIS2_PLACEMENT_3D('',#4631,#3761,#3762);
#3067=AXIS2_PLACEMENT_3D('',#4632,#3763,#3764);
#3068=AXIS2_PLACEMENT_3D('',#4633,#3765,#3766);
#3069=AXIS2_PLACEMENT_3D('',#4634,#3767,#3768);
#3070=AXIS2_PLACEMENT_3D('',#4636,#3770,#3771);
#3071=AXIS2_PLACEMENT_3D('',#4638,#3773,#3774);
#3072=AXIS2_PLACEMENT_3D('',#4639,#3775,#3776);
#3073=AXIS2_PLACEMENT_3D('',#4641,#3778,#3779);
#3074=AXIS2_PLACEMENT_3D('',#4643,#3781,#3782);
#3075=AXIS2_PLACEMENT_3D('',#4644,#3783,#3784);
#3076=AXIS2_PLACEMENT_3D('',#4646,#3786,#3787);
#3077=AXIS2_PLACEMENT_3D('',#4648,#3789,#3790);
#3078=AXIS2_PLACEMENT_3D('',#4649,#3791,#3792);
#3079=AXIS2_PLACEMENT_3D('',#4655,#3796,#3797);
#3080=AXIS2_PLACEMENT_3D('',#4658,#3800,#3801);
#3081=AXIS2_PLACEMENT_3D('',#4659,#3802,#3803);
#3082=AXIS2_PLACEMENT_3D('',#4660,#3804,#3805);
#3083=AXIS2_PLACEMENT_3D('',#4666,#3809,#3810);
#3084=AXIS2_PLACEMENT_3D('',#4670,#3813,#3814);
#3085=AXIS2_PLACEMENT_3D('',#4674,#3817,#3818);
#3086=AXIS2_PLACEMENT_3D('',#4676,#3820,#3821);
#3087=AXIS2_PLACEMENT_3D('',#4679,#3824,#3825);
#3088=AXIS2_PLACEMENT_3D('',#4681,#3827,#3828);
#3089=AXIS2_PLACEMENT_3D('',#4683,#3830,#3831);
#3090=AXIS2_PLACEMENT_3D('',#4684,#3832,#3833);
#3091=AXIS2_PLACEMENT_3D('',#4685,#3834,#3835);
#3092=AXIS2_PLACEMENT_3D('',#4686,#3836,#3837);
#3093=AXIS2_PLACEMENT_3D('',#4687,#3838,#3839);
#3094=AXIS2_PLACEMENT_3D('',#4688,#3840,#3841);
#3095=AXIS2_PLACEMENT_3D('',#4689,#3842,#3843);
#3096=AXIS2_PLACEMENT_3D('',#4690,#3844,#3845);
#3097=AXIS2_PLACEMENT_3D('',#4691,#3846,#3847);
#3098=AXIS2_PLACEMENT_3D('',#4692,#3848,#3849);
#3099=AXIS2_PLACEMENT_3D('',#4693,#3850,#3851);
#3100=AXIS2_PLACEMENT_3D('',#4694,#3852,#3853);
#3101=AXIS2_PLACEMENT_3D('',#4695,#3854,#3855);
#3102=AXIS2_PLACEMENT_3D('',#4696,#3856,#3857);
#3103=AXIS2_PLACEMENT_3D('',#4697,#3858,#3859);
#3104=AXIS2_PLACEMENT_3D('',#4698,#3860,#3861);
#3105=AXIS2_PLACEMENT_3D('',#4699,#3862,#3863);
#3106=AXIS2_PLACEMENT_3D('',#4700,#3864,#3865);
#3107=AXIS2_PLACEMENT_3D('',#4701,#3866,#3867);
#3108=AXIS2_PLACEMENT_3D('',#4702,#3868,#3869);
#3109=AXIS2_PLACEMENT_3D('',#4703,#3870,#3871);
#3110=AXIS2_PLACEMENT_3D('',#4704,#3872,#3873);
#3111=AXIS2_PLACEMENT_3D('',#4705,#3874,#3875);
#3112=AXIS2_PLACEMENT_3D('',#4706,#3876,#3877);
#3113=AXIS2_PLACEMENT_3D('',#4707,#3878,#3879);
#3114=AXIS2_PLACEMENT_3D('',#4708,#3880,#3881);
#3115=AXIS2_PLACEMENT_3D('',#4709,#3882,#3883);
#3116=AXIS2_PLACEMENT_3D('',#4710,#3884,#3885);
#3117=AXIS2_PLACEMENT_3D('',#4711,#3886,#3887);
#3118=AXIS2_PLACEMENT_3D('',#4712,#3888,#3889);
#3119=AXIS2_PLACEMENT_3D('',#4713,#3890,#3891);
#3120=AXIS2_PLACEMENT_3D('',#4714,#3892,#3893);
#3121=AXIS2_PLACEMENT_3D('',#4715,#3894,#3895);
#3122=DIRECTION('',(0.,0.,1.));
#3123=DIRECTION('',(1.,0.,0.));
#3124=DIRECTION('',(0.,0.,1.));
#3125=DIRECTION('',(1.,0.,0.));
#3126=DIRECTION('',(1.,0.,0.));
#3127=DIRECTION('',(0.,-1.,0.));
#3128=DIRECTION('',(-1.,0.,0.));
#3129=DIRECTION('',(0.,1.,0.));
#3130=DIRECTION('',(0.,0.,1.));
#3131=DIRECTION('',(1.,0.,0.));
#3132=DIRECTION('',(0.,0.,1.));
#3133=DIRECTION('',(1.,0.,0.));
#3134=DIRECTION('',(6.19544098563146E-17,1.,0.));
#3135=DIRECTION('',(-1.,0.,0.));
#3136=DIRECTION('',(5.78241158658936E-16,-1.,0.));
#3137=DIRECTION('',(1.,2.09434488915778E-16,0.));
#3138=DIRECTION('',(0.,-1.,0.));
#3139=DIRECTION('',(-1.,0.,0.));
#3140=DIRECTION('',(-2.03930734947109E-16,1.,0.));
#3141=DIRECTION('',(1.,0.,0.));
#3142=DIRECTION('',(0.,-1.,0.));
#3143=DIRECTION('',(-1.,0.,0.));
#3144=DIRECTION('',(0.152067829363939,0.988370059882704,0.));
#3145=DIRECTION('',(-1.,0.,0.));
#3146=DIRECTION('',(5.78241158658935E-16,-1.,0.));
#3147=DIRECTION('',(1.,0.,0.));
#3148=DIRECTION('',(0.,-1.,0.));
#3149=DIRECTION('',(1.,0.,0.));
#3150=DIRECTION('',(0.,1.,0.));
#3151=DIRECTION('',(0.725597822175886,-0.688119030730594,0.));
#3152=DIRECTION('',(0.,0.,1.));
#3153=DIRECTION('',(1.,0.,0.));
#3154=DIRECTION('',(0.725597822175885,-0.688119030730594,0.));
#3155=DIRECTION('',(1.,0.,0.));
#3156=DIRECTION('',(1.35953823298073E-16,-1.,0.));
#3157=DIRECTION('',(1.,0.,0.));
#3158=DIRECTION('',(0.,1.,0.));
#3159=DIRECTION('',(-1.,0.,0.));
#3160=DIRECTION('',(0.,0.,1.));
#3161=DIRECTION('',(1.,0.,0.));
#3162=DIRECTION('',(-1.,0.,0.));
#3163=DIRECTION('',(0.,-1.,0.));
#3164=DIRECTION('',(1.,0.,0.));
#3165=DIRECTION('',(6.08674903851512E-17,-1.,0.));
#3166=DIRECTION('',(-1.,0.,0.));
#3167=DIRECTION('',(0.,0.,1.));
#3168=DIRECTION('',(1.,0.,0.));
#3169=DIRECTION('',(-2.03930734947109E-16,1.,0.));
#3170=DIRECTION('',(0.,0.,1.));
#3171=DIRECTION('',(1.,0.,0.));
#3172=DIRECTION('',(1.,2.09434488915778E-16,0.));
#3173=DIRECTION('',(0.,0.,1.));
#3174=DIRECTION('',(1.,0.,0.));
#3175=DIRECTION('',(1.35953823298073E-16,-1.,0.));
#3176=DIRECTION('',(0.,0.,1.));
#3177=DIRECTION('',(1.,0.,0.));
#3178=DIRECTION('',(0.,1.,0.));
#3179=DIRECTION('',(1.,0.,0.));
#3180=DIRECTION('',(0.,1.,0.));
#3181=DIRECTION('',(-1.,0.,0.));
#3182=DIRECTION('',(0.,-1.,0.));
#3183=DIRECTION('',(1.,0.,0.));
#3184=DIRECTION('',(0.,1.,0.));
#3185=DIRECTION('',(1.,0.,0.));
#3186=DIRECTION('',(0.,1.,0.));
#3187=DIRECTION('',(1.,0.,0.));
#3188=DIRECTION('',(0.,1.,0.));
#3189=DIRECTION('',(-1.,0.,0.));
#3190=DIRECTION('',(4.03424064180652E-16,-1.,0.));
#3191=DIRECTION('',(1.,0.,0.));
#3192=DIRECTION('',(0.,1.,0.));
#3193=DIRECTION('',(1.,0.,0.));
#3194=DIRECTION('',(1.,0.,0.));
#3195=DIRECTION('',(0.,1.,0.));
#3196=DIRECTION('',(1.,0.,0.));
#3197=DIRECTION('',(0.,1.,0.));
#3198=DIRECTION('',(0.,-1.,0.));
#3199=DIRECTION('',(0.,0.,-1.));
#3200=DIRECTION('',(0.,0.,1.));
#3201=DIRECTION('',(-1.,0.,-3.6498581934552E-15));
#3202=DIRECTION('',(0.,0.,1.));
#3203=DIRECTION('',(1.,0.,0.));
#3204=DIRECTION('',(1.,-8.104313205981E-31,3.6498581934552E-15));
#3205=DIRECTION('',(-3.6498581934552E-15,1.46210920700875E-46,1.));
#3206=DIRECTION('',(1.,-8.104313205981E-31,3.6498581934552E-15));
#3207=DIRECTION('',(-3.6498581934552E-15,1.46210920700875E-46,1.));
#3208=DIRECTION('',(0.,0.,1.));
#3209=DIRECTION('',(1.,0.,0.));
#3210=DIRECTION('',(1.35953823298073E-16,-1.,0.));
#3211=DIRECTION('',(-1.,-1.35953823298073E-16,0.));
#3212=DIRECTION('',(1.35953823298073E-16,-1.,0.));
#3213=DIRECTION('',(-1.,-1.35953823298073E-16,0.));
#3214=DIRECTION('',(0.,0.,1.));
#3215=DIRECTION('',(1.,0.,0.));
#3216=DIRECTION('',(1.35953823298073E-16,-1.,0.));
#3217=DIRECTION('',(-1.,-1.35953823298073E-16,0.));
#3218=DIRECTION('',(1.35953823298073E-16,-1.,0.));
#3219=DIRECTION('',(0.,0.,1.));
#3220=DIRECTION('',(1.,0.,0.));
#3221=DIRECTION('',(1.,2.09434488915778E-16,0.));
#3222=DIRECTION('',(0.,0.,1.));
#3223=DIRECTION('',(1.,0.,0.));
#3224=DIRECTION('',(-2.03930734947109E-16,1.,0.));
#3225=DIRECTION('',(0.,0.,1.));
#3226=DIRECTION('',(1.,0.,0.));
#3227=DIRECTION('',(-1.,0.,0.));
#3228=DIRECTION('',(0.,1.,0.));
#3229=DIRECTION('',(-1.,0.,0.));
#3230=DIRECTION('',(0.,0.,1.));
#3231=DIRECTION('',(1.,0.,0.));
#3232=DIRECTION('',(-2.03930734947109E-16,1.,0.));
#3233=DIRECTION('',(0.,0.,1.));
#3234=DIRECTION('',(1.,0.,0.));
#3235=DIRECTION('',(1.,2.09434488915778E-16,0.));
#3236=DIRECTION('',(0.,0.,1.));
#3237=DIRECTION('',(1.,0.,0.));
#3238=DIRECTION('',(0.,0.,1.));
#3239=DIRECTION('',(1.,0.,0.));
#3240=DIRECTION('',(-1.,0.,0.));
#3241=DIRECTION('',(0.,1.,0.));
#3242=DIRECTION('',(-1.,0.,0.));
#3243=DIRECTION('',(5.78241158658935E-16,-1.,0.));
#3244=DIRECTION('',(0.,0.,1.));
#3245=DIRECTION('',(1.,0.,0.));
#3246=DIRECTION('',(-1.,-1.35953823298073E-16,0.));
#3247=DIRECTION('',(1.35953823298073E-16,-1.,0.));
#3248=DIRECTION('',(1.,0.,0.));
#3249=DIRECTION('',(1.35953823298073E-16,-1.,0.));
#3250=DIRECTION('',(-1.,0.,0.));
#3251=DIRECTION('',(0.,0.,1.));
#3252=DIRECTION('',(0.,0.,1.));
#3253=DIRECTION('',(0.,-1.,0.));
#3254=DIRECTION('',(0.,0.,1.));
#3255=DIRECTION('',(0.,1.,2.22044604925018E-16));
#3256=DIRECTION('',(-1.,-6.08674903851512E-17,0.));
#3257=DIRECTION('',(6.08674903851512E-17,-1.,0.));
#3258=DIRECTION('',(0.,0.,1.));
#3259=DIRECTION('',(6.08674903851512E-17,-1.,0.));
#3260=DIRECTION('',(0.,0.,1.));
#3261=DIRECTION('',(-6.08674903851512E-17,1.,2.22044604925018E-16));
#3262=DIRECTION('',(0.,-1.,0.));
#3263=DIRECTION('',(0.,0.,-1.));
#3264=DIRECTION('',(0.,0.,1.));
#3265=DIRECTION('',(1.,0.,0.));
#3266=DIRECTION('',(0.,0.,1.));
#3267=DIRECTION('',(-1.,0.,-3.6498581934552E-15));
#3268=DIRECTION('',(0.,0.,1.));
#3269=DIRECTION('',(1.,0.,0.));
#3270=DIRECTION('',(-1.,0.,0.));
#3271=DIRECTION('',(0.,-1.,0.));
#3272=DIRECTION('',(-1.,0.,0.));
#3273=DIRECTION('',(0.,-1.,0.));
#3274=DIRECTION('',(-1.,0.,0.));
#3275=DIRECTION('',(0.,1.,0.));
#3276=DIRECTION('',(1.,0.,0.));
#3277=DIRECTION('',(0.,-1.,0.));
#3278=DIRECTION('',(-1.,0.,0.));
#3279=DIRECTION('',(0.,-1.,0.));
#3280=DIRECTION('',(-1.,0.,0.));
#3281=DIRECTION('',(0.,-1.,0.));
#3282=DIRECTION('',(-1.,0.,0.));
#3283=DIRECTION('',(-4.03424064180652E-16,1.,0.));
#3284=DIRECTION('',(1.,0.,0.));
#3285=DIRECTION('',(0.,-1.,0.));
#3286=DIRECTION('',(5.78241158658936E-16,-1.,0.));
#3287=DIRECTION('',(1.,0.,0.));
#3288=DIRECTION('',(7.2280144832367E-17,1.,0.));
#3289=DIRECTION('',(1.,0.,0.));
#3290=DIRECTION('',(0.,1.,0.));
#3291=DIRECTION('',(1.,0.,0.));
#3292=DIRECTION('',(0.,1.,0.));
#3293=DIRECTION('',(0.,0.,1.));
#3294=DIRECTION('',(0.,0.,1.));
#3295=DIRECTION('',(1.,0.,0.));
#3296=DIRECTION('',(0.,0.,1.));
#3297=DIRECTION('',(0.,0.,-1.));
#3298=DIRECTION('',(1.,0.,0.));
#3299=DIRECTION('',(0.,0.,-1.));
#3300=DIRECTION('',(-1.,0.,0.));
#3301=DIRECTION('',(0.,0.,1.));
#3302=DIRECTION('',(0.,1.,2.22044604925018E-16));
#3303=DIRECTION('',(0.,0.,1.));
#3304=DIRECTION('',(0.,-1.,0.));
#3305=DIRECTION('',(0.,0.,1.));
#3306=DIRECTION('',(0.,1.,0.));
#3307=DIRECTION('',(0.,0.,-1.));
#3308=DIRECTION('',(0.,-1.,0.));
#3309=DIRECTION('',(-1.,-6.08674903851512E-17,0.));
#3310=DIRECTION('',(6.08674903851512E-17,-1.,0.));
#3311=DIRECTION('',(6.08674903851512E-17,-1.,0.));
#3312=DIRECTION('',(0.,0.,1.));
#3313=DIRECTION('',(-6.08674903851512E-17,1.,2.22044604925018E-16));
#3314=DIRECTION('',(0.,-1.,0.));
#3315=DIRECTION('',(0.,0.,-1.));
#3316=DIRECTION('',(0.,-1.,0.));
#3317=DIRECTION('',(0.,0.,-1.));
#3318=DIRECTION('',(0.,0.,1.));
#3319=DIRECTION('',(1.,0.,0.));
#3320=DIRECTION('',(1.,0.,0.));
#3321=DIRECTION('',(0.,0.,-1.));
#3322=DIRECTION('',(0.,1.,0.));
#3323=DIRECTION('',(0.,0.,1.));
#3324=DIRECTION('',(0.,0.,-1.));
#3325=DIRECTION('',(-1.,0.,0.));
#3326=DIRECTION('',(0.,0.,-1.));
#3327=DIRECTION('',(0.,0.,-1.));
#3328=DIRECTION('',(-1.,0.,0.));
#3329=DIRECTION('',(0.,0.,1.));
#3330=DIRECTION('',(-1.,-1.35953823298073E-16,0.));
#3331=DIRECTION('',(1.35953823298073E-16,-1.,0.));
#3332=DIRECTION('',(1.17921144461985E-32,-8.67361737988404E-17,-1.));
#3333=DIRECTION('',(1.35953823298073E-16,-1.,0.));
#3334=DIRECTION('',(1.17921144461985E-32,-8.67361737988404E-17,-1.));
#3335=DIRECTION('',(0.,0.,-1.));
#3336=DIRECTION('',(1.35953823298073E-16,-1.,0.));
#3337=DIRECTION('',(0.,0.,-1.));
#3338=DIRECTION('',(0.,0.,1.));
#3339=DIRECTION('',(1.35953823298073E-16,-1.,0.));
#3340=DIRECTION('',(0.,0.,-1.));
#3341=DIRECTION('',(1.35953823298073E-16,-1.,0.));
#3342=DIRECTION('',(0.,0.,1.));
#3343=DIRECTION('',(2.09434488915778E-16,-1.,0.));
#3344=DIRECTION('',(1.,2.09434488915778E-16,0.));
#3345=DIRECTION('',(1.,2.09434488915778E-16,0.));
#3346=DIRECTION('',(0.,0.,1.));
#3347=DIRECTION('',(0.,0.,1.));
#3348=DIRECTION('',(1.,2.09434488915778E-16,0.));
#3349=DIRECTION('',(0.,0.,-1.));
#3350=DIRECTION('',(0.,0.,-1.));
#3351=DIRECTION('',(1.,2.03930734947109E-16,0.));
#3352=DIRECTION('',(-2.03930734947109E-16,1.,0.));
#3353=DIRECTION('',(-2.03930734947109E-16,1.,0.));
#3354=DIRECTION('',(0.,0.,1.));
#3355=DIRECTION('',(0.,0.,1.));
#3356=DIRECTION('',(-2.03930734947109E-16,1.,0.));
#3357=DIRECTION('',(0.,0.,-1.));
#3358=DIRECTION('',(0.,0.,-1.));
#3359=DIRECTION('',(0.,0.,1.));
#3360=DIRECTION('',(1.,0.,0.));
#3361=DIRECTION('',(0.,0.,1.));
#3362=DIRECTION('',(1.,0.,0.));
#3363=DIRECTION('',(0.,0.,1.));
#3364=DIRECTION('',(1.,0.,0.));
#3365=DIRECTION('',(0.,0.,1.));
#3366=DIRECTION('',(1.,0.,0.));
#3367=DIRECTION('',(0.,0.,1.));
#3368=DIRECTION('',(1.,0.,0.));
#3369=DIRECTION('',(0.,0.,1.));
#3370=DIRECTION('',(1.,0.,0.));
#3371=DIRECTION('',(0.,1.,0.));
#3372=DIRECTION('',(0.,0.,1.));
#3373=DIRECTION('',(0.,0.,-1.));
#3374=DIRECTION('',(1.,0.,0.));
#3375=DIRECTION('',(0.,0.,-1.));
#3376=DIRECTION('',(1.,0.,0.));
#3377=DIRECTION('',(-1.,-1.35953823298073E-16,0.));
#3378=DIRECTION('',(1.35953823298073E-16,-1.,0.));
#3379=DIRECTION('',(0.,0.,-1.));
#3380=DIRECTION('',(1.35953823298073E-16,-1.,0.));
#3381=DIRECTION('',(0.,0.,1.));
#3382=DIRECTION('',(1.35953823298073E-16,-1.,0.));
#3383=DIRECTION('',(0.,0.,1.));
#3384=DIRECTION('',(1.35953823298073E-16,-1.,0.));
#3385=DIRECTION('',(0.,1.,0.));
#3386=DIRECTION('',(0.,0.,1.));
#3387=DIRECTION('',(-1.,0.,0.));
#3388=DIRECTION('',(-1.,0.,0.));
#3389=DIRECTION('',(0.,0.,1.));
#3390=DIRECTION('',(0.,0.,1.));
#3391=DIRECTION('',(1.,0.,0.));
#3392=DIRECTION('',(0.,0.,1.));
#3393=DIRECTION('',(1.,0.,0.));
#3394=DIRECTION('',(0.,0.,1.));
#3395=DIRECTION('',(1.,0.,0.));
#3396=DIRECTION('',(1.,0.,0.));
#3397=DIRECTION('',(0.,0.,-1.));
#3398=DIRECTION('',(1.,0.,0.));
#3399=DIRECTION('',(0.,0.,-1.));
#3400=DIRECTION('',(1.,0.,0.));
#3401=DIRECTION('',(0.,0.,-1.));
#3402=DIRECTION('',(0.,0.,1.));
#3403=DIRECTION('',(1.,0.,0.));
#3404=DIRECTION('',(-1.,0.,0.));
#3405=DIRECTION('',(0.,1.,0.));
#3406=DIRECTION('',(-1.,0.,0.));
#3407=DIRECTION('',(-1.35953823298073E-16,1.,0.));
#3408=DIRECTION('',(0.,0.,1.));
#3409=DIRECTION('',(1.,0.,0.));
#3410=DIRECTION('',(-1.,0.,0.));
#3411=DIRECTION('',(0.,0.,1.));
#3412=DIRECTION('',(1.,0.,0.));
#3413=DIRECTION('',(1.35953823298073E-16,-1.,0.));
#3414=DIRECTION('',(1.,0.,0.));
#3415=DIRECTION('',(0.,1.,0.));
#3416=DIRECTION('',(0.,0.,1.));
#3417=DIRECTION('',(-1.,0.,0.));
#3418=DIRECTION('',(0.,0.,1.));
#3419=DIRECTION('',(-1.,0.,-3.6498581934552E-15));
#3420=DIRECTION('',(0.,0.,1.));
#3421=DIRECTION('',(1.,0.,0.));
#3422=DIRECTION('',(0.,0.,1.));
#3423=DIRECTION('',(1.,0.,0.));
#3424=DIRECTION('',(0.,0.,1.));
#3425=DIRECTION('',(-1.,-1.35953823298073E-16,0.));
#3426=DIRECTION('',(1.35953823298073E-16,-1.,0.));
#3427=DIRECTION('',(1.35953823298073E-16,-1.,0.));
#3428=DIRECTION('',(0.,0.,1.));
#3429=DIRECTION('',(0.,0.,-1.));
#3430=DIRECTION('',(1.35953823298073E-16,-1.,0.));
#3431=DIRECTION('',(0.,0.,-1.));
#3432=DIRECTION('',(1.17921144461985E-32,-8.67361737988404E-17,-1.));
#3433=DIRECTION('',(1.35953823298073E-16,-1.,0.));
#3434=DIRECTION('',(1.17921144461985E-32,-8.67361737988404E-17,-1.));
#3435=DIRECTION('',(0.,0.,1.));
#3436=DIRECTION('',(0.,0.,1.));
#3437=DIRECTION('',(0.,0.,1.));
#3438=DIRECTION('',(1.,0.,0.));
#3439=DIRECTION('',(0.,0.,1.));
#3440=DIRECTION('',(1.,0.,0.));
#3441=DIRECTION('',(0.,0.,1.));
#3442=DIRECTION('',(2.09434488915778E-16,-1.,0.));
#3443=DIRECTION('',(1.,2.09434488915778E-16,0.));
#3444=DIRECTION('',(1.,2.09434488915778E-16,0.));
#3445=DIRECTION('',(0.,0.,1.));
#3446=DIRECTION('',(0.,0.,1.));
#3447=DIRECTION('',(1.,0.,0.));
#3448=DIRECTION('',(0.,0.,1.));
#3449=DIRECTION('',(1.,0.,0.));
#3450=DIRECTION('',(0.,0.,1.));
#3451=DIRECTION('',(1.,2.03930734947109E-16,0.));
#3452=DIRECTION('',(-2.03930734947109E-16,1.,0.));
#3453=DIRECTION('',(-2.03930734947109E-16,1.,0.));
#3454=DIRECTION('',(0.,0.,1.));
#3455=DIRECTION('',(0.,0.,1.));
#3456=DIRECTION('',(1.,0.,0.));
#3457=DIRECTION('',(0.,0.,1.));
#3458=DIRECTION('',(1.,0.,0.));
#3459=DIRECTION('',(0.,0.,1.));
#3460=DIRECTION('',(0.,1.,0.));
#3461=DIRECTION('',(0.,0.,1.));
#3462=DIRECTION('',(-1.,0.,0.));
#3463=DIRECTION('',(-1.,0.,-3.6498581934552E-15));
#3464=DIRECTION('',(-1.,0.,0.));
#3465=DIRECTION('',(0.,0.,-1.));
#3466=DIRECTION('',(0.,-1.,0.));
#3467=DIRECTION('',(0.,0.,-1.));
#3468=DIRECTION('',(1.,0.,0.));
#3469=DIRECTION('',(0.,0.,-1.));
#3470=DIRECTION('',(0.,-1.,0.));
#3471=DIRECTION('',(0.,0.,-1.));
#3472=DIRECTION('',(0.,0.,-1.));
#3473=DIRECTION('',(1.,0.,0.));
#3474=DIRECTION('',(0.,1.,0.));
#3475=DIRECTION('',(0.,0.,1.));
#3476=DIRECTION('',(0.,0.,-1.));
#3477=DIRECTION('',(1.,0.,0.));
#3478=DIRECTION('',(0.,0.,-1.));
#3479=DIRECTION('',(0.,0.,1.));
#3480=DIRECTION('',(1.,0.,0.));
#3481=DIRECTION('',(0.,1.,0.));
#3482=DIRECTION('',(0.,1.,0.));
#3483=DIRECTION('',(1.,0.,0.));
#3484=DIRECTION('',(1.,0.,0.));
#3485=DIRECTION('',(0.,1.,0.));
#3486=DIRECTION('',(1.,0.,0.));
#3487=DIRECTION('',(0.,1.,0.));
#3488=DIRECTION('',(0.,0.5,-0.866025403784439));
#3489=DIRECTION('',(0.,-0.5,-0.866025403784439));
#3490=DIRECTION('',(0.,-1.,0.));
#3491=DIRECTION('',(0.,-0.5,0.866025403784439));
#3492=DIRECTION('',(0.,0.5,0.866025403784438));
#3493=DIRECTION('',(0.,1.,0.));
#3494=DIRECTION('',(0.,0.,-1.));
#3495=DIRECTION('',(0.,-0.866025403784438,-0.5));
#3496=DIRECTION('',(0.,0.5,-0.866025403784439));
#3497=DIRECTION('',(1.,0.,0.));
#3498=DIRECTION('',(0.,0.5,-0.866025403784439));
#3499=DIRECTION('',(1.,0.,0.));
#3500=DIRECTION('',(0.,0.,-1.));
#3501=DIRECTION('',(-1.,0.,0.));
#3502=DIRECTION('',(1.,0.,0.));
#3503=DIRECTION('',(0.,1.,0.));
#3504=DIRECTION('',(0.,0.866025403784439,-0.5));
#3505=DIRECTION('',(0.,0.5,0.866025403784439));
#3506=DIRECTION('',(1.,0.,0.));
#3507=DIRECTION('',(0.,0.5,0.866025403784438));
#3508=DIRECTION('',(0.,0.866025403784439,0.5));
#3509=DIRECTION('',(0.,-0.5,0.866025403784439));
#3510=DIRECTION('',(1.,0.,0.));
#3511=DIRECTION('',(0.,-0.5,0.866025403784439));
#3512=DIRECTION('',(0.,0.,1.));
#3513=DIRECTION('',(1.,0.,0.));
#3514=DIRECTION('',(1.,0.,0.));
#3515=DIRECTION('',(0.,-1.,0.));
#3516=DIRECTION('',(0.,-0.866025403784438,0.5));
#3517=DIRECTION('',(0.,-0.5,-0.866025403784439));
#3518=DIRECTION('',(0.,-0.5,-0.866025403784439));
#3519=DIRECTION('',(1.,0.,0.));
#3520=DIRECTION('',(0.,1.,0.));
#3521=DIRECTION('',(0.,1.,0.));
#3522=DIRECTION('',(0.,0.,1.));
#3523=DIRECTION('',(0.,0.,-1.));
#3524=DIRECTION('',(1.,0.,0.));
#3525=DIRECTION('',(1.,0.,0.));
#3526=DIRECTION('',(0.,0.,-1.));
#3527=DIRECTION('',(0.,0.,-1.));
#3528=DIRECTION('',(0.,0.,-1.));
#3529=DIRECTION('',(0.,-1.,0.));
#3530=DIRECTION('',(0.,1.,0.));
#3531=DIRECTION('',(0.,0.,1.));
#3532=DIRECTION('',(1.,0.,0.));
#3533=DIRECTION('',(1.,0.,0.));
#3534=DIRECTION('',(0.,0.,1.));
#3535=DIRECTION('',(1.,0.,0.));
#3536=DIRECTION('',(0.,0.,1.));
#3537=DIRECTION('',(1.,0.,0.));
#3538=DIRECTION('',(0.,0.,-1.));
#3539=DIRECTION('',(-1.,0.,0.));
#3540=DIRECTION('',(0.,0.,1.));
#3541=DIRECTION('',(1.,0.,0.));
#3542=DIRECTION('',(0.,0.,1.));
#3543=DIRECTION('',(1.,0.,0.));
#3544=DIRECTION('',(0.,0.,1.));
#3545=DIRECTION('',(1.,0.,0.));
#3546=DIRECTION('',(0.,0.,-1.));
#3547=DIRECTION('',(-1.,0.,0.));
#3548=DIRECTION('',(0.,0.,1.));
#3549=DIRECTION('',(1.,0.,0.));
#3550=DIRECTION('',(0.,0.,1.));
#3551=DIRECTION('',(1.,0.,0.));
#3552=DIRECTION('',(0.,0.,1.));
#3553=DIRECTION('',(1.,0.,0.));
#3554=DIRECTION('',(0.,0.,-1.));
#3555=DIRECTION('',(-1.,0.,0.));
#3556=DIRECTION('',(0.,0.,-1.));
#3557=DIRECTION('',(0.,0.,1.));
#3558=DIRECTION('',(1.,0.,0.));
#3559=DIRECTION('',(0.,0.,-1.));
#3560=DIRECTION('',(0.688119030730594,0.725597822175886,0.));
#3561=DIRECTION('',(-0.725597822175886,0.688119030730594,0.));
#3562=DIRECTION('',(0.725597822175886,-0.688119030730594,0.));
#3563=DIRECTION('',(0.,0.,-1.));
#3564=DIRECTION('',(-1.,0.,0.));
#3565=DIRECTION('',(0.,0.,1.));
#3566=DIRECTION('',(1.,0.,0.));
#3567=DIRECTION('',(0.,0.,1.));
#3568=DIRECTION('',(1.,0.,0.));
#3569=DIRECTION('',(0.688119030730594,0.725597822175885,0.));
#3570=DIRECTION('',(-0.725597822175885,0.688119030730594,0.));
#3571=DIRECTION('',(0.725597822175885,-0.688119030730594,0.));
#3572=DIRECTION('',(0.,0.,1.));
#3573=DIRECTION('',(1.,0.,0.));
#3574=DIRECTION('',(0.,0.,1.));
#3575=DIRECTION('',(1.,0.,0.));
#3576=DIRECTION('',(0.,0.,-1.));
#3577=DIRECTION('',(-1.,0.,0.));
#3578=DIRECTION('',(0.,0.,1.));
#3579=DIRECTION('',(1.,0.,0.));
#3580=DIRECTION('',(0.,0.,1.));
#3581=DIRECTION('',(1.,0.,0.));
#3582=DIRECTION('',(0.,0.,-1.));
#3583=DIRECTION('',(-1.,0.,0.));
#3584=DIRECTION('',(0.,0.,1.));
#3585=DIRECTION('',(1.,0.,0.));
#3586=DIRECTION('',(0.,0.,1.));
#3587=DIRECTION('',(1.,0.,0.));
#3588=DIRECTION('',(1.,0.,0.));
#3589=DIRECTION('',(0.,0.,-1.));
#3590=DIRECTION('',(0.,-1.,0.));
#3591=DIRECTION('',(0.,0.,-1.));
#3592=DIRECTION('',(0.,1.,0.));
#3593=DIRECTION('',(0.,0.,1.));
#3594=DIRECTION('',(1.,0.,0.));
#3595=DIRECTION('',(0.,0.,1.));
#3596=DIRECTION('',(1.,0.,0.));
#3597=DIRECTION('',(0.,0.,1.));
#3598=DIRECTION('',(1.,0.,0.));
#3599=DIRECTION('',(0.,-1.,0.));
#3600=DIRECTION('',(0.,0.,-1.));
#3601=DIRECTION('',(-1.,0.,0.));
#3602=DIRECTION('',(0.,0.,-1.));
#3603=DIRECTION('',(1.,0.,0.));
#3604=DIRECTION('',(0.,0.,-1.));
#3605=DIRECTION('',(0.,-1.,0.));
#3606=DIRECTION('',(0.,0.,1.));
#3607=DIRECTION('',(1.,0.,0.));
#3608=DIRECTION('',(0.,0.,1.));
#3609=DIRECTION('',(1.,0.,0.));
#3610=DIRECTION('',(1.,5.78241158658936E-16,0.));
#3611=DIRECTION('',(-5.78241158658936E-16,1.,0.));
#3612=DIRECTION('',(0.,0.,1.));
#3613=DIRECTION('',(5.78241158658936E-16,-1.,0.));
#3614=DIRECTION('',(0.,0.,-1.));
#3615=DIRECTION('',(5.78241158658936E-16,-1.,0.));
#3616=DIRECTION('',(0.,0.,1.));
#3617=DIRECTION('',(1.,0.,0.));
#3618=DIRECTION('',(0.,0.,1.));
#3619=DIRECTION('',(1.,0.,0.));
#3620=DIRECTION('',(0.,-1.,0.));
#3621=DIRECTION('',(0.,0.,-1.));
#3622=DIRECTION('',(-1.,0.,9.27981099592204E-18));
#3623=DIRECTION('',(0.,0.,-1.));
#3624=DIRECTION('',(0.,0.,-1.));
#3625=DIRECTION('',(1.,0.,0.));
#3626=DIRECTION('',(0.,0.,-1.));
#3627=DIRECTION('',(0.,-1.,2.07244203386424E-32));
#3628=DIRECTION('',(0.,0.,1.));
#3629=DIRECTION('',(0.,0.,-1.));
#3630=DIRECTION('',(1.,-3.46944695195362E-16,0.));
#3631=DIRECTION('',(3.46944695195362E-16,1.,0.));
#3632=DIRECTION('',(-3.46944695195362E-16,-1.,2.39440015360931E-32));
#3633=DIRECTION('',(0.,0.,-1.));
#3634=DIRECTION('',(0.,0.,1.));
#3635=DIRECTION('',(0.,-1.,0.));
#3636=DIRECTION('',(0.,0.,-1.));
#3637=DIRECTION('',(-1.,0.,9.27981099592204E-18));
#3638=DIRECTION('',(9.27981099592204E-18,2.07244203386424E-32,1.));
#3639=DIRECTION('',(1.,1.69227734503348E-16,-9.27981099592204E-18));
#3640=DIRECTION('',(0.,-1.,0.));
#3641=DIRECTION('',(0.,0.,-1.));
#3642=DIRECTION('',(-1.,0.,9.27981099592204E-18));
#3643=DIRECTION('',(0.,0.,-1.));
#3644=DIRECTION('',(0.,0.,-1.));
#3645=DIRECTION('',(1.,0.,0.));
#3646=DIRECTION('',(0.,0.,-1.));
#3647=DIRECTION('',(0.,-1.,2.07244203386424E-32));
#3648=DIRECTION('',(0.,0.,1.));
#3649=DIRECTION('',(0.,0.,-1.));
#3650=DIRECTION('',(1.,0.,0.));
#3651=DIRECTION('',(0.,0.,-1.));
#3652=DIRECTION('',(0.,-1.,2.07244203386424E-32));
#3653=DIRECTION('',(0.,0.,-1.));
#3654=DIRECTION('',(0.,0.,1.));
#3655=DIRECTION('',(0.,-1.,0.));
#3656=DIRECTION('',(0.,0.,-1.));
#3657=DIRECTION('',(-1.,0.,9.27981099592204E-18));
#3658=DIRECTION('',(9.27981099592204E-18,2.07244203386424E-32,1.));
#3659=DIRECTION('',(1.,1.69227734503348E-16,-9.27981099592204E-18));
#3660=DIRECTION('',(0.,1.,0.));
#3661=DIRECTION('',(0.,0.,1.));
#3662=DIRECTION('',(0.,0.,1.));
#3663=DIRECTION('',(1.,4.03424064180652E-16,0.));
#3664=DIRECTION('',(-4.03424064180652E-16,1.,0.));
#3665=DIRECTION('',(0.,0.,1.));
#3666=DIRECTION('',(0.,-1.,0.));
#3667=DIRECTION('',(0.,0.,-1.));
#3668=DIRECTION('',(0.,0.,1.));
#3669=DIRECTION('',(-1.,0.,0.));
#3670=DIRECTION('',(0.,0.,1.));
#3671=DIRECTION('',(0.,0.,1.));
#3672=DIRECTION('',(0.,1.,0.));
#3673=DIRECTION('',(0.,0.,1.));
#3674=DIRECTION('',(0.,1.,0.));
#3675=DIRECTION('',(0.,0.,1.));
#3676=DIRECTION('',(0.,0.,1.));
#3677=DIRECTION('',(1.,0.,0.));
#3678=DIRECTION('',(0.,0.,-1.));
#3679=DIRECTION('',(0.,0.,1.));
#3680=DIRECTION('',(0.,-1.,0.));
#3681=DIRECTION('',(0.,0.,-1.));
#3682=DIRECTION('',(0.,0.,1.));
#3683=DIRECTION('',(-1.,0.,0.));
#3684=DIRECTION('',(0.,0.,1.));
#3685=DIRECTION('',(0.,0.,1.));
#3686=DIRECTION('',(0.,1.,0.));
#3687=DIRECTION('',(0.,0.,1.));
#3688=DIRECTION('',(0.,-1.,0.));
#3689=DIRECTION('',(0.,0.,-1.));
#3690=DIRECTION('',(1.,0.,0.));
#3691=DIRECTION('',(0.,0.,1.));
#3692=DIRECTION('',(0.,0.,-1.));
#3693=DIRECTION('',(0.,0.,-1.));
#3694=DIRECTION('',(-0.988370059882704,0.152067829363939,0.));
#3695=DIRECTION('',(-0.152067829363939,-0.988370059882704,0.));
#3696=DIRECTION('',(-0.152067829363939,-0.988370059882704,0.));
#3697=DIRECTION('',(1.,5.78241158658935E-16,0.));
#3698=DIRECTION('',(-5.78241158658935E-16,1.,0.));
#3699=DIRECTION('',(0.,0.,-1.));
#3700=DIRECTION('',(0.,1.,0.));
#3701=DIRECTION('',(0.,0.,1.));
#3702=DIRECTION('',(1.,0.,0.));
#3703=DIRECTION('',(0.,0.,1.));
#3704=DIRECTION('',(1.,0.,0.));
#3705=DIRECTION('',(0.,1.,0.));
#3706=DIRECTION('',(0.,0.,1.));
#3707=DIRECTION('',(1.,0.,0.));
#3708=DIRECTION('',(0.,0.,-1.));
#3709=DIRECTION('',(-1.,0.,0.));
#3710=DIRECTION('',(0.,0.,1.));
#3711=DIRECTION('',(0.,0.,-1.));
#3712=DIRECTION('',(0.,1.,0.));
#3713=DIRECTION('',(0.,1.,0.));
#3714=DIRECTION('',(0.,0.,1.));
#3715=DIRECTION('',(0.,0.,-1.));
#3716=DIRECTION('',(1.,0.,0.));
#3717=DIRECTION('',(0.,-1.,0.));
#3718=DIRECTION('',(0.,0.,-1.));
#3719=DIRECTION('',(-1.,0.,0.));
#3720=DIRECTION('',(0.,0.,-1.));
#3721=DIRECTION('',(-1.,6.19544098563146E-17,0.));
#3722=DIRECTION('',(-6.19544098563146E-17,-1.,0.));
#3723=DIRECTION('',(0.,0.,-1.));
#3724=DIRECTION('',(6.19544098563146E-17,1.,0.));
#3725=DIRECTION('',(0.,-1.,0.));
#3726=DIRECTION('',(0.,0.,-1.));
#3727=DIRECTION('',(0.,0.,-1.));
#3728=DIRECTION('',(-1.,0.,0.));
#3729=DIRECTION('',(-1.,0.,0.));
#3730=DIRECTION('',(0.,0.,1.));
#3731=DIRECTION('',(0.,1.,0.));
#3732=DIRECTION('',(-1.,7.2280144832367E-17,0.));
#3733=DIRECTION('',(-7.2280144832367E-17,-1.,0.));
#3734=DIRECTION('',(7.2280144832367E-17,1.,0.));
#3735=DIRECTION('',(0.,0.,1.));
#3736=DIRECTION('',(1.,0.,0.));
#3737=DIRECTION('',(0.,0.,1.));
#3738=DIRECTION('',(1.,0.,0.));
#3739=DIRECTION('',(0.,0.,1.));
#3740=DIRECTION('',(1.,0.,0.));
#3741=DIRECTION('',(0.,0.,1.));
#3742=DIRECTION('',(1.,0.,0.));
#3743=DIRECTION('',(0.,0.,1.));
#3744=DIRECTION('',(1.,0.,0.));
#3745=DIRECTION('',(0.,0.,1.));
#3746=DIRECTION('',(1.,0.,0.));
#3747=DIRECTION('',(0.,0.,1.));
#3748=DIRECTION('',(1.,0.,0.));
#3749=DIRECTION('',(0.,0.,1.));
#3750=DIRECTION('',(1.,0.,0.));
#3751=DIRECTION('',(0.,0.,1.));
#3752=DIRECTION('',(1.,0.,0.));
#3753=DIRECTION('',(0.,0.,1.));
#3754=DIRECTION('',(1.,0.,0.));
#3755=DIRECTION('',(0.,0.,1.));
#3756=DIRECTION('',(1.,0.,0.));
#3757=DIRECTION('',(0.,0.,1.));
#3758=DIRECTION('',(1.,0.,0.));
#3759=DIRECTION('',(0.,0.,1.));
#3760=DIRECTION('',(1.,0.,0.));
#3761=DIRECTION('',(-3.6498581934552E-15,-2.22044604925018E-16,1.));
#3762=DIRECTION('',(-3.6498581934552E-15,-1.,-2.22044604925031E-16));
#3763=DIRECTION('',(-3.6498581934552E-15,-2.22044604925018E-16,1.));
#3764=DIRECTION('',(1.,0.,3.6498581934552E-15));
#3765=DIRECTION('',(-3.6498581934552E-15,-2.22044604925018E-16,1.));
#3766=DIRECTION('',(1.,0.,3.6498581934552E-15));
#3767=DIRECTION('',(1.,0.,0.));
#3768=DIRECTION('',(0.,0.,-1.));
#3769=DIRECTION('',(0.,1.,0.));
#3770=DIRECTION('',(1.,0.,0.));
#3771=DIRECTION('',(0.,0.,-1.));
#3772=DIRECTION('',(0.,1.,0.));
#3773=DIRECTION('',(0.,0.,-1.));
#3774=DIRECTION('',(-1.,0.,0.));
#3775=DIRECTION('',(-1.35953823298073E-16,1.,0.));
#3776=DIRECTION('',(-1.,-1.35953823298073E-16,0.));
#3777=DIRECTION('',(-1.,-1.35953823298073E-16,0.));
#3778=DIRECTION('',(-1.35953823298073E-16,1.,0.));
#3779=DIRECTION('',(-1.,-1.35953823298073E-16,0.));
#3780=DIRECTION('',(-1.,-1.35953823298073E-16,0.));
#3781=DIRECTION('',(0.,0.,-1.));
#3782=DIRECTION('',(-1.,0.,0.));
#3783=DIRECTION('',(-1.35953823298073E-16,1.,-8.67361737988404E-17));
#3784=DIRECTION('',(-1.,-1.35953823298073E-16,0.));
#3785=DIRECTION('',(-1.,-1.35953823298073E-16,0.));
#3786=DIRECTION('',(-1.35953823298073E-16,1.,-8.67361737988404E-17));
#3787=DIRECTION('',(-1.,-1.35953823298073E-16,0.));
#3788=DIRECTION('',(-1.,-1.35953823298073E-16,0.));
#3789=DIRECTION('',(0.,0.,-1.));
#3790=DIRECTION('',(-1.,0.,0.));
#3791=DIRECTION('',(2.58083947896146E-15,-0.707106781186547,-0.707106781186548));
#3792=DIRECTION('',(0.,0.707106781186548,-0.707106781186547));
#3793=DIRECTION('',(2.58083947896145E-15,0.707106781186548,-0.707106781186547));
#3794=DIRECTION('',(2.58083947896145E-15,0.707106781186548,-0.707106781186547));
#3795=DIRECTION('',(1.,-8.104313205981E-31,3.6498581934552E-15));
#3796=DIRECTION('',(-2.58083947896145E-15,-0.707106781186549,0.707106781186546));
#3797=DIRECTION('',(0.,-0.707106781186546,-0.707106781186549));
#3798=DIRECTION('',(2.58083947896146E-15,-0.707106781186546,-0.707106781186549));
#3799=DIRECTION('',(2.58083947896146E-15,-0.707106781186546,-0.707106781186549));
#3800=DIRECTION('',(1.,-8.104313205981E-31,3.6498581934552E-15));
#3801=DIRECTION('',(8.104313205981E-31,1.,2.95795939571769E-45));
#3802=DIRECTION('',(1.,-8.104313205981E-31,3.6498581934552E-15));
#3803=DIRECTION('',(8.104313205981E-31,1.,2.95795939571769E-45));
#3804=DIRECTION('',(0.,1.,0.));
#3805=DIRECTION('',(0.,0.,1.));
#3806=DIRECTION('',(0.,0.,-1.));
#3807=DIRECTION('',(1.,0.,0.));
#3808=DIRECTION('',(0.,0.,-1.));
#3809=DIRECTION('',(-1.,0.,0.));
#3810=DIRECTION('',(0.,0.,1.));
#3811=DIRECTION('',(0.,0.,-1.));
#3812=DIRECTION('',(0.,-1.,0.));
#3813=DIRECTION('',(0.,1.,0.));
#3814=DIRECTION('',(0.,0.,1.));
#3815=DIRECTION('',(0.,0.,-1.));
#3816=DIRECTION('',(-1.,0.,0.));
#3817=DIRECTION('',(-1.,0.,0.));
#3818=DIRECTION('',(0.,0.,1.));
#3819=DIRECTION('',(0.,1.,0.));
#3820=DIRECTION('',(0.707106781186548,0.,0.707106781186548));
#3821=DIRECTION('',(0.,-1.,0.));
#3822=DIRECTION('',(0.577350269189626,-0.577350269189626,-0.577350269189626));
#3823=DIRECTION('',(-0.577350269189626,-0.577350269189626,0.577350269189626));
#3824=DIRECTION('',(0.,-0.707106781186548,-0.707106781186548));
#3825=DIRECTION('',(1.,0.,0.));
#3826=DIRECTION('',(-0.577350269189626,0.577350269189626,-0.577350269189626));
#3827=DIRECTION('',(0.,-0.707106781186548,0.707106781186548));
#3828=DIRECTION('',(-1.,0.,0.));
#3829=DIRECTION('',(-0.577350269189626,-0.577350269189626,-0.577350269189626));
#3830=DIRECTION('',(0.707106781186548,0.,-0.707106781186548));
#3831=DIRECTION('',(0.,1.,0.));
#3832=DIRECTION('',(0.,0.,1.));
#3833=DIRECTION('',(1.,0.,0.));
#3834=DIRECTION('',(0.,0.,1.));
#3835=DIRECTION('',(1.,0.,0.));
#3836=DIRECTION('',(0.,0.,-1.));
#3837=DIRECTION('',(-1.,0.,0.));
#3838=DIRECTION('',(0.,0.,-1.));
#3839=DIRECTION('',(-1.,0.,0.));
#3840=DIRECTION('',(2.03930734947109E-16,-1.,0.));
#3841=DIRECTION('',(1.,2.03930734947109E-16,0.));
#3842=DIRECTION('',(0.,-1.,0.));
#3843=DIRECTION('',(0.,0.,-1.));
#3844=DIRECTION('',(0.,1.,-3.46944695195362E-15));
#3845=DIRECTION('',(0.,3.46944695195362E-15,1.));
#3846=DIRECTION('',(0.,0.,1.));
#3847=DIRECTION('',(1.,0.,0.));
#3848=DIRECTION('',(-1.,0.,0.));
#3849=DIRECTION('',(0.,0.,1.));
#3850=DIRECTION('',(0.,0.,1.));
#3851=DIRECTION('',(1.,0.,0.));
#3852=DIRECTION('',(-1.,-3.46944695195361E-15,0.));
#3853=DIRECTION('',(3.46944695195361E-15,-1.,0.));
#3854=DIRECTION('',(1.,0.,0.));
#3855=DIRECTION('',(0.,0.,-1.));
#3856=DIRECTION('',(0.707106781186548,-0.707106781186548,0.));
#3857=DIRECTION('',(-0.707106781186548,-0.707106781186548,0.));
#3858=DIRECTION('',(-1.,-2.09434488915778E-16,0.));
#3859=DIRECTION('',(2.09434488915778E-16,-1.,0.));
#3860=DIRECTION('',(-1.,0.,0.));
#3861=DIRECTION('',(0.,0.,1.));
#3862=DIRECTION('',(6.08674903851512E-17,-1.,0.));
#3863=DIRECTION('',(1.,6.08674903851512E-17,0.));
#3864=DIRECTION('',(0.,1.,0.));
#3865=DIRECTION('',(0.,0.,1.));
#3866=DIRECTION('',(0.,0.,1.));
#3867=DIRECTION('',(1.,0.,0.));
#3868=DIRECTION('',(-3.46944695195361E-15,1.,0.));
#3869=DIRECTION('',(-1.,-3.46944695195361E-15,0.));
#3870=DIRECTION('',(0.,0.,1.));
#3871=DIRECTION('',(1.,0.,0.));
#3872=DIRECTION('',(-1.,1.35525271560688E-17,0.));
#3873=DIRECTION('',(-1.35525271560688E-17,-1.,0.));
#3874=DIRECTION('',(-1.35953823298073E-16,1.,0.));
#3875=DIRECTION('',(-1.,-1.35953823298073E-16,0.));
#3876=DIRECTION('',(0.,1.,0.));
#3877=DIRECTION('',(0.,0.,1.));
#3878=DIRECTION('',(1.,0.,0.));
#3879=DIRECTION('',(0.,0.,-1.));
#3880=DIRECTION('',(-1.,0.,0.));
#3881=DIRECTION('',(0.,0.,1.));
#3882=DIRECTION('',(0.,0.,1.));
#3883=DIRECTION('',(1.,0.,0.));
#3884=DIRECTION('',(1.,0.,0.));
#3885=DIRECTION('',(0.,0.,-1.));
#3886=DIRECTION('',(0.,0.,1.));
#3887=DIRECTION('',(1.,0.,0.));
#3888=DIRECTION('',(0.,-1.,0.));
#3889=DIRECTION('',(0.,0.,-1.));
#3890=DIRECTION('',(1.,0.,0.));
#3891=DIRECTION('',(0.,0.,-1.));
#3892=DIRECTION('',(0.707106781186548,0.707106781186548,0.));
#3893=DIRECTION('',(-0.707106781186548,0.707106781186548,0.));
#3894=DIRECTION('',(0.,1.,0.));
#3895=DIRECTION('',(0.,0.,1.));
#3896=CARTESIAN_POINT('',(0.,0.,0.));
#3897=CARTESIAN_POINT('',(-3.85001270039945E-5,0.0248602526670182,-0.025));
#3898=CARTESIAN_POINT('',(-0.0264085001270041,0.0278233977606733,-0.025));
#3899=CARTESIAN_POINT('',(-0.0282085001270041,0.0278233977606733,-0.025));
#3900=CARTESIAN_POINT('',(-0.0254085001270041,0.0278233977606733,-0.025));
#3901=CARTESIAN_POINT('',(-0.0254085001270041,0.0248602526670182,-0.025));
#3902=CARTESIAN_POINT('',(-0.0254085001270041,0.0245233977606733,-0.025));
#3903=CARTESIAN_POINT('',(-3.85001270039945E-5,0.0245233977606733,-0.025));
#3904=CARTESIAN_POINT('',(-0.0282085001270041,0.0245233977606733,-0.025));
#3905=CARTESIAN_POINT('',(-0.0282085001270041,0.0268233977606733,-0.025));
#3906=CARTESIAN_POINT('',(-0.00490774178635619,0.00107342300507456,-0.025));
#3907=CARTESIAN_POINT('',(-0.00240774178635619,0.00107342300507456,-0.025));
#3908=CARTESIAN_POINT('',(-0.0252477417863563,0.00107342300507455,-0.025));
#3909=CARTESIAN_POINT('',(-0.0227477417863563,0.00107342300507455,-0.025));
#3910=CARTESIAN_POINT('',(-0.00169902844805798,-0.0279663284861517,-0.025));
#3911=CARTESIAN_POINT('',(-0.00169902844805798,-0.0349663284861517,-0.025));
#3912=CARTESIAN_POINT('',(-0.00169902844805798,-0.0209663284861517,-0.025));
#3913=CARTESIAN_POINT('',(-0.014199028448058,-0.0349663284861517,-0.025));
#3914=CARTESIAN_POINT('',(-0.0251573723647455,-0.0349663284861517,-0.025));
#3915=CARTESIAN_POINT('',(-0.0251573723647455,-0.0384156553847817,-0.025));
#3916=CARTESIAN_POINT('',(-0.0251573723647455,-0.0444156553847817,-0.025));
#3917=CARTESIAN_POINT('',(-3.85001270039806E-5,-0.0444156553847817,-0.025));
#3918=CARTESIAN_POINT('',(0.0250803721107375,-0.0444156553847817,-0.025));
#3919=CARTESIAN_POINT('',(0.0250803721107375,-0.0384156553847817,-0.025));
#3920=CARTESIAN_POINT('',(0.0250803721107375,-0.0324156553847817,-0.025));
#3921=CARTESIAN_POINT('',(0.0310803721107375,-0.0324156553847817,-0.025));
#3922=CARTESIAN_POINT('',(0.0370803721107375,-0.0324156553847817,-0.025));
#3923=CARTESIAN_POINT('',(0.0370803721107375,0.0106102526670183,-0.025));
#3924=CARTESIAN_POINT('',(0.0370803721107375,0.0536361607188183,-0.025));
#3925=CARTESIAN_POINT('',(0.0310803721107375,0.0536361607188183,-0.025));
#3926=CARTESIAN_POINT('',(0.0250803721107375,0.0536361607188183,-0.025));
#3927=CARTESIAN_POINT('',(0.0250803721107375,0.0596361607188183,-0.025));
#3928=CARTESIAN_POINT('',(0.0250803721107375,0.0656361607188183,-0.025));
#3929=CARTESIAN_POINT('',(0.0162772860045667,0.0656361607188183,-0.025));
#3930=CARTESIAN_POINT('',(1.16822784085313E-17,0.0656361607188183,-0.025));
#3931=CARTESIAN_POINT('',(-0.000269250063501989,0.0638861607188183,-0.025));
#3932=CARTESIAN_POINT('',(-0.000538500127003997,0.0621361607188183,-0.025));
#3933=CARTESIAN_POINT('',(-0.005538500127004,0.0621361607188183,-0.025));
#3934=CARTESIAN_POINT('',(-0.010538500127004,0.0621361607188183,-0.025));
#3935=CARTESIAN_POINT('',(-0.010538500127004,0.0636361607188183,-0.025));
#3936=CARTESIAN_POINT('',(-0.010538500127004,0.0651361607188183,-0.025));
#3937=CARTESIAN_POINT('',(-0.0258479362458747,0.0651361607188182,-0.025));
#3938=CARTESIAN_POINT('',(-0.0221573723647455,0.0651361607188182,-0.025));
#3939=CARTESIAN_POINT('',(-0.0221573723647455,0.0606361607188182,-0.025));
#3940=CARTESIAN_POINT('',(-0.0221573723647455,0.0561361607188183,-0.025));
#3941=CARTESIAN_POINT('',(-0.0301573723647455,0.0561361607188183,-0.025));
#3942=CARTESIAN_POINT('',(-0.0181573723647455,0.0561361607188183,-0.025));
#3943=CARTESIAN_POINT('',(-0.0181573723647455,0.0551361607188182,-0.025));
#3944=CARTESIAN_POINT('',(-0.0181573723647455,0.0381361607188183,-0.025));
#3945=CARTESIAN_POINT('',(-0.015963888034292,0.0360559748840975,-0.025));
#3946=CARTESIAN_POINT('',(-0.0137704037038383,0.0339757890493768,-0.025));
#3947=CARTESIAN_POINT('',(-0.0165228798267608,0.0310733977606733,-0.025));
#3948=CARTESIAN_POINT('',(-0.0192753559496831,0.0281710064719697,-0.025));
#3949=CARTESIAN_POINT('',(-0.0245293119487513,0.033153583595394,-0.025));
#3950=CARTESIAN_POINT('',(-0.0297832679478196,0.0381361607188183,-0.025));
#3951=CARTESIAN_POINT('',(-0.0301573723647455,0.0381361607188183,-0.025));
#3952=CARTESIAN_POINT('',(-0.0371573723647455,0.0381361607188183,-0.025));
#3953=CARTESIAN_POINT('',(-0.0371573723647455,0.0106102526670183,-0.025));
#3954=CARTESIAN_POINT('',(-0.0371573723647455,-0.0324156553847817,-0.025));
#3955=CARTESIAN_POINT('',(-0.0311573723647455,-0.0324156553847817,-0.025));
#3956=CARTESIAN_POINT('',(-0.026699028448058,-0.0324156553847817,-0.025));
#3957=CARTESIAN_POINT('',(-0.026699028448058,-0.0279663284861517,-0.025));
#3958=CARTESIAN_POINT('',(-0.026699028448058,-0.0209663284861517,-0.025));
#3959=CARTESIAN_POINT('',(-0.014199028448058,-0.0209663284861517,-0.025));
#3960=CARTESIAN_POINT('',(-3.85001270039945E-5,0.0248602526670182,-0.0275));
#3961=CARTESIAN_POINT('',(-0.032038500127004,0.0661361607188182,-0.0275));
#3962=CARTESIAN_POINT('',(-0.0331700723901455,0.0661361607188182,-0.0275));
#3963=CARTESIAN_POINT('',(-0.030038500127004,0.0661361607188182,-0.0275));
#3964=CARTESIAN_POINT('',(-0.030038500127004,0.0946361607188183,-0.0275));
#3965=CARTESIAN_POINT('',(-0.030038500127004,0.0946361607188183,-0.0275));
#3966=CARTESIAN_POINT('',(-3.85001270039945E-5,0.0946361607188183,-0.0275));
#3967=CARTESIAN_POINT('',(-3.85001270039997E-5,0.0946361607188183,-0.0275));
#3968=CARTESIAN_POINT('',(-3.85001270039954E-5,0.0248602526670182,-0.0275));
#3969=CARTESIAN_POINT('',(-3.85001270039979E-5,0.0661361607188183,-0.0275));
#3970=CARTESIAN_POINT('',(0.0330930721361375,0.0661361607188183,-0.0275));
#3971=CARTESIAN_POINT('',(0.0330930721361375,0.0661361607188183,-0.0275));
#3972=CARTESIAN_POINT('',(0.0330930721361375,0.0616488607442183,-0.0275));
#3973=CARTESIAN_POINT('',(0.0375803721107375,0.0616488607442183,-0.0275));
#3974=CARTESIAN_POINT('',(0.0375803721107375,-0.0404283554101817,-0.0275));
#3975=CARTESIAN_POINT('',(0.0375803721107375,-0.0404283554101817,-0.0275));
#3976=CARTESIAN_POINT('',(0.0330930721361375,-0.0404283554101817,-0.0275));
#3977=CARTESIAN_POINT('',(0.0330930721361375,-0.0449156553847817,-0.0275));
#3978=CARTESIAN_POINT('',(-0.0331700723901455,-0.0449156553847817,-0.0275));
#3979=CARTESIAN_POINT('',(-0.0331700723901455,-0.0449156553847817,-0.0275));
#3980=CARTESIAN_POINT('',(-0.0331700723901455,-0.0404283554101817,-0.0275));
#3981=CARTESIAN_POINT('',(-0.0376573723647455,-0.0404283554101817,-0.0275));
#3982=CARTESIAN_POINT('',(-0.0376573723647455,0.0616488607442183,-0.0275));
#3983=CARTESIAN_POINT('',(-0.0376573723647455,0.0616488607442183,-0.0275));
#3984=CARTESIAN_POINT('',(-0.0331700723901455,0.0616488607442183,-0.0275));
#3985=CARTESIAN_POINT('',(-0.0225410401320815,-0.0299663284861517,-0.0275));
#3986=CARTESIAN_POINT('',(-0.0225410401320815,-0.0324663284861517,-0.0275));
#3987=CARTESIAN_POINT('',(-0.0225410401320815,-0.0244663284861517,-0.0275));
#3988=CARTESIAN_POINT('',(-0.0228410401320815,-0.0244663284861517,-0.0275));
#3989=CARTESIAN_POINT('',(-0.0231410401320815,-0.0244663284861517,-0.0275));
#3990=CARTESIAN_POINT('',(-0.0231410401320815,-0.0287663284861517,-0.0275));
#3991=CARTESIAN_POINT('',(-0.0231410401320815,-0.0330663284861517,-0.0275));
#3992=CARTESIAN_POINT('',(-0.0200410401320815,-0.0330663284861517,-0.0275));
#3993=CARTESIAN_POINT('',(-0.0169410401320815,-0.0330663284861517,-0.0275));
#3994=CARTESIAN_POINT('',(-0.0169410401320815,-0.0287663284861517,-0.0275));
#3995=CARTESIAN_POINT('',(-0.0169410401320815,-0.0244663284861517,-0.0275));
#3996=CARTESIAN_POINT('',(-0.0172410401320815,-0.0244663284861517,-0.0275));
#3997=CARTESIAN_POINT('',(-0.0175410401320815,-0.0244663284861517,-0.0275));
#3998=CARTESIAN_POINT('',(-0.0175410401320815,-0.0259663284861517,-0.0275));
#3999=CARTESIAN_POINT('',(-0.0175410401320815,-0.0324663284861517,-0.0275));
#4000=CARTESIAN_POINT('',(-0.0200410401320815,-0.0324663284861517,-0.0275));
#4001=CARTESIAN_POINT('',(-0.0108570167640345,-0.0299663284861517,-0.0275));
#4002=CARTESIAN_POINT('',(-0.0108570167640345,-0.0324663284861517,-0.0275));
#4003=CARTESIAN_POINT('',(-0.0108570167640345,-0.0244663284861517,-0.0275));
#4004=CARTESIAN_POINT('',(-0.0111570167640345,-0.0244663284861517,-0.0275));
#4005=CARTESIAN_POINT('',(-0.0114570167640345,-0.0244663284861517,-0.0275));
#4006=CARTESIAN_POINT('',(-0.0114570167640345,-0.0287663284861517,-0.0275));
#4007=CARTESIAN_POINT('',(-0.0114570167640345,-0.0330663284861517,-0.0275));
#4008=CARTESIAN_POINT('',(-0.00835701676403448,-0.0330663284861517,-0.0275));
#4009=CARTESIAN_POINT('',(-0.00525701676403448,-0.0330663284861517,-0.0275));
#4010=CARTESIAN_POINT('',(-0.00525701676403448,-0.0287663284861517,-0.0275));
#4011=CARTESIAN_POINT('',(-0.00525701676403448,-0.0244663284861517,-0.0275));
#4012=CARTESIAN_POINT('',(-0.00555701676403448,-0.0244663284861517,-0.0275));
#4013=CARTESIAN_POINT('',(-0.00585701676403448,-0.0244663284861517,-0.0275));
#4014=CARTESIAN_POINT('',(-0.00585701676403448,-0.0259663284861517,-0.0275));
#4015=CARTESIAN_POINT('',(-0.00585701676403448,-0.0324663284861517,-0.0275));
#4016=CARTESIAN_POINT('',(-0.00835701676403448,-0.0324663284861517,-0.0275));
#4017=CARTESIAN_POINT('',(-0.0268085001270041,0.0255233977606733,-0.0275));
#4018=CARTESIAN_POINT('',(-0.0272085001270041,0.0255233977606733,-0.0275));
#4019=CARTESIAN_POINT('',(-0.0264085001270041,0.0255233977606733,-0.0275));
#4020=CARTESIAN_POINT('',(-0.0264085001270041,0.0261733977606733,-0.0275));
#4021=CARTESIAN_POINT('',(-0.0264085001270041,0.0268233977606733,-0.0275));
#4022=CARTESIAN_POINT('',(-0.0268085001270041,0.0268233977606733,-0.0275));
#4023=CARTESIAN_POINT('',(-0.0272085001270041,0.0268233977606733,-0.0275));
#4024=CARTESIAN_POINT('',(-0.0272085001270041,0.0261733977606733,-0.0275));
#4025=CARTESIAN_POINT('',(-0.015038500127004,0.0941361607188183,-0.025));
#4026=CARTESIAN_POINT('',(-0.000538500127004,0.0941361607188182,-0.025));
#4027=CARTESIAN_POINT('',(-0.000538500127004,0.0941361607188182,-0.0233));
#4028=CARTESIAN_POINT('',(-0.000538500127004,0.0941361607188182,-0.0124200508001017));
#4029=CARTESIAN_POINT('',(-0.0150385001270049,0.0941361607188183,-0.0124200508001017));
#4030=CARTESIAN_POINT('',(-0.029538500127004,0.0941361607188183,-0.0124200508001018));
#4031=CARTESIAN_POINT('',(-0.029538500127004,0.0941361607188183,-0.025));
#4032=CARTESIAN_POINT('',(-0.029538500127004,0.0941361607188183,-0.0233));
#4033=CARTESIAN_POINT('',(-0.015038500127004,0.0941361607188183,-0.0233));
#4034=CARTESIAN_POINT('',(-0.018288500127004,0.0941361607188183,-0.0149000508001018));
#4035=CARTESIAN_POINT('',(-0.018288500127004,0.0941361607188183,-0.0149000508001018));
#4036=CARTESIAN_POINT('',(-0.011788500127004,0.0941361607188183,-0.0149000508001017));
#4037=CARTESIAN_POINT('',(-0.018288500127004,0.0941361607188183,-0.0141500508001018));
#4038=CARTESIAN_POINT('',(-0.018288500127004,0.0941361607188183,-0.0134000508001018));
#4039=CARTESIAN_POINT('',(-0.018288500127004,0.0941361607188183,-0.0134000508001018));
#4040=CARTESIAN_POINT('',(-0.011788500127004,0.0941361607188183,-0.0134000508001017));
#4041=CARTESIAN_POINT('',(-0.011788500127004,0.0941361607188183,-0.0141500508001017));
#4042=CARTESIAN_POINT('',(-3.85001270039945E-5,0.0248602526670182,0.));
#4043=CARTESIAN_POINT('',(-0.0371573723647455,0.0106102526670183,0.));
#4044=CARTESIAN_POINT('',(-0.0371573723647455,-0.00299026806826573,0.));
#4045=CARTESIAN_POINT('',(-0.0371573723647455,-0.00799026806826573,0.));
#4046=CARTESIAN_POINT('',(-0.0296573723647455,-0.00299026806826573,0.));
#4047=CARTESIAN_POINT('',(-0.0396573723647455,-0.00299026806826573,0.));
#4048=CARTESIAN_POINT('',(-0.0396573723647455,0.0248602526670182,0.));
#4049=CARTESIAN_POINT('',(-0.0396573723647455,-0.00799026806826573,0.));
#4050=CARTESIAN_POINT('',(-0.0296573723647455,-0.00799026806826573,0.));
#4051=CARTESIAN_POINT('',(-3.85001270039945E-5,0.0248602526670182,0.));
#4052=CARTESIAN_POINT('',(-0.0371573723647455,0.0106102526670183,0.));
#4053=CARTESIAN_POINT('',(-0.0371573723647455,-0.0174902680682658,0.));
#4054=CARTESIAN_POINT('',(-0.0371573723647455,-0.0404283554101817,0.));
#4055=CARTESIAN_POINT('',(-0.0296573723647455,-0.0174902680682658,0.));
#4056=CARTESIAN_POINT('',(-0.0396573723647455,-0.0174902680682658,0.));
#4057=CARTESIAN_POINT('',(-0.0396573723647455,0.0248602526670182,0.));
#4058=CARTESIAN_POINT('',(-0.0396573723647455,-0.0404283554101817,0.));
#4059=CARTESIAN_POINT('',(-0.0331700723901455,-0.0404283554101817,0.));
#4060=CARTESIAN_POINT('',(-0.0331700723901455,-0.0469156553847817,0.));
#4061=CARTESIAN_POINT('',(-3.85001270039795E-5,-0.0469156553847817,0.));
#4062=CARTESIAN_POINT('',(0.0330930721361375,-0.0469156553847817,0.));
#4063=CARTESIAN_POINT('',(0.0330930721361375,-0.0404283554101817,0.));
#4064=CARTESIAN_POINT('',(0.0395803721107375,-0.0404283554101817,0.));
#4065=CARTESIAN_POINT('',(0.0395803721107375,0.0248602526670183,0.));
#4066=CARTESIAN_POINT('',(0.0395803721107375,0.0616488607442183,0.));
#4067=CARTESIAN_POINT('',(0.0330930721361375,0.0616488607442183,0.));
#4068=CARTESIAN_POINT('',(0.0330930721361375,0.0681361607188183,0.));
#4069=CARTESIAN_POINT('',(-3.85001270039945E-5,0.0681361607188183,0.));
#4070=CARTESIAN_POINT('',(0.0125930721361375,0.0681361607188183,0.));
#4071=CARTESIAN_POINT('',(0.0125930721361375,0.0581361607188183,0.));
#4072=CARTESIAN_POINT('',(0.0125930721361375,0.0656361607188183,0.));
#4073=CARTESIAN_POINT('',(0.0162772860045667,0.0656361607188183,0.));
#4074=CARTESIAN_POINT('',(0.0330930721361375,0.0656361607188183,0.));
#4075=CARTESIAN_POINT('',(0.0330930721361375,0.0616488607442183,0.));
#4076=CARTESIAN_POINT('',(0.0370803721107375,0.0616488607442183,0.));
#4077=CARTESIAN_POINT('',(0.0370803721107375,0.0106102526670183,0.));
#4078=CARTESIAN_POINT('',(0.0370803721107375,-0.0404283554101817,0.));
#4079=CARTESIAN_POINT('',(0.0330930721361375,-0.0404283554101817,0.));
#4080=CARTESIAN_POINT('',(0.0330930721361375,-0.0444156553847817,0.));
#4081=CARTESIAN_POINT('',(-3.85001270039806E-5,-0.0444156553847817,0.));
#4082=CARTESIAN_POINT('',(-0.0331700723901455,-0.0444156553847817,0.));
#4083=CARTESIAN_POINT('',(-0.0331700723901455,-0.0404283554101817,0.));
#4084=CARTESIAN_POINT('',(-3.85001270039945E-5,0.0248602526670182,-0.0066));
#4085=CARTESIAN_POINT('',(-0.005538500127004,0.0621361607188183,-0.0066));
#4086=CARTESIAN_POINT('',(-0.0054069278638625,0.0621361607188183,-0.0066));
#4087=CARTESIAN_POINT('',(-0.010538500127004,0.0621361607188183,-0.0066));
#4088=CARTESIAN_POINT('',(-0.0054069278638625,0.0248602526670182,-0.0066));
#4089=CARTESIAN_POINT('',(-0.0054069278638625,0.0651361607188183,-0.0066));
#4090=CARTESIAN_POINT('',(-0.005538500127004,0.0651361607188183,-0.0066));
#4091=CARTESIAN_POINT('',(-0.010538500127004,0.0651361607188183,-0.0066));
#4092=CARTESIAN_POINT('',(-0.010538500127004,0.0636361607188183,-0.0066));
#4093=CARTESIAN_POINT('',(-3.85001270039945E-5,0.0248602526670182,0.));
#4094=CARTESIAN_POINT('',(-0.0296573723647455,0.00350973193173428,0.));
#4095=CARTESIAN_POINT('',(-0.0371573723647455,0.00350973193173427,0.));
#4096=CARTESIAN_POINT('',(-0.0396573723647455,0.00350973193173427,0.));
#4097=CARTESIAN_POINT('',(-0.0371573723647455,0.0106102526670183,0.));
#4098=CARTESIAN_POINT('',(-0.0371573723647455,0.0401361607188183,0.));
#4099=CARTESIAN_POINT('',(-0.0384073723647455,0.0401361607188183,0.));
#4100=CARTESIAN_POINT('',(-0.0396573723647455,0.0401361607188183,0.));
#4101=CARTESIAN_POINT('',(-0.0396573723647455,0.0248602526670182,0.));
#4102=CARTESIAN_POINT('',(-0.032038500127004,0.0798861607188182,-0.025));
#4103=CARTESIAN_POINT('',(-0.032038500127004,0.0946361607188183,-0.0275));
#4104=CARTESIAN_POINT('',(-0.032038500127004,0.0946361607188183,-0.0124200508001018));
#4105=CARTESIAN_POINT('',(-0.032038500127004,0.0946361607188183,-0.0255));
#4106=CARTESIAN_POINT('',(-0.032038500127004,0.0681361607188182,-0.0255));
#4107=CARTESIAN_POINT('',(-0.032038500127004,0.0681361607188182,-0.0255));
#4108=CARTESIAN_POINT('',(-0.032038500127004,0.0681361607188182,-0.025));
#4109=CARTESIAN_POINT('',(-0.032038500127004,0.0681361607188182,-0.0124200508001018));
#4110=CARTESIAN_POINT('',(-0.032038500127004,0.0248602526670182,-0.0124200508001018));
#4111=CARTESIAN_POINT('',(0.001961499872996,0.0798861607188182,-0.025));
#4112=CARTESIAN_POINT('',(0.001961499872996,0.0681361607188183,-0.025));
#4113=CARTESIAN_POINT('',(0.001961499872996,0.0681361607188183,-0.0255));
#4114=CARTESIAN_POINT('',(0.001961499872996,0.0681361607188183,-0.0124200508001017));
#4115=CARTESIAN_POINT('',(0.001961499872996,0.0798861607188182,-0.0255));
#4116=CARTESIAN_POINT('',(0.001961499872996,0.0946361607188183,-0.0255));
#4117=CARTESIAN_POINT('',(0.001961499872996,0.0946361607188183,-0.025));
#4118=CARTESIAN_POINT('',(0.001961499872996,0.0946361607188183,-0.0124200508001017));
#4119=CARTESIAN_POINT('',(0.00196149987299601,0.0248602526670182,-0.0124200508001017));
#4120=CARTESIAN_POINT('',(-0.015038500127004,0.0966361607188183,-0.025));
#4121=CARTESIAN_POINT('',(-3.85001270039997E-5,0.0966361607188183,-0.025));
#4122=CARTESIAN_POINT('',(-3.85001270039997E-5,0.0966361607188183,-0.0124200508001017));
#4123=CARTESIAN_POINT('',(-3.85001270039997E-5,0.0966361607188183,-0.0255));
#4124=CARTESIAN_POINT('',(-0.015038500127004,0.0966361607188183,-0.0255));
#4125=CARTESIAN_POINT('',(-0.030038500127004,0.0966361607188183,-0.0255));
#4126=CARTESIAN_POINT('',(-0.030038500127004,0.0966361607188183,-0.0124200508001018));
#4127=CARTESIAN_POINT('',(-0.030038500127004,0.0966361607188183,-0.0124200508001018));
#4128=CARTESIAN_POINT('',(-3.85001270049378E-5,0.0966361607188183,-0.0124200508001017));
#4129=CARTESIAN_POINT('',(-3.85001270039945E-5,0.0248602526670182,-0.025));
#4130=CARTESIAN_POINT('',(-0.0228410401320815,-0.0244663284861517,-0.025));
#4131=CARTESIAN_POINT('',(-0.0225410401320815,-0.0244663284861517,-0.025));
#4132=CARTESIAN_POINT('',(-0.0231410401320815,-0.0244663284861517,-0.025));
#4133=CARTESIAN_POINT('',(-0.0225410401320815,-0.0299663284861517,-0.025));
#4134=CARTESIAN_POINT('',(-0.0225410401320815,-0.0274663284861517,-0.025));
#4135=CARTESIAN_POINT('',(-0.0200410401320815,-0.0274663284861517,-0.025));
#4136=CARTESIAN_POINT('',(-0.0175410401320815,-0.0274663284861517,-0.025));
#4137=CARTESIAN_POINT('',(-0.0175410401320815,-0.0259663284861517,-0.025));
#4138=CARTESIAN_POINT('',(-0.0175410401320815,-0.0244663284861517,-0.025));
#4139=CARTESIAN_POINT('',(-0.0172410401320815,-0.0244663284861517,-0.025));
#4140=CARTESIAN_POINT('',(-0.0169410401320815,-0.0244663284861517,-0.025));
#4141=CARTESIAN_POINT('',(-0.0169410401320815,-0.0287663284861517,-0.025));
#4142=CARTESIAN_POINT('',(-0.0169410401320815,-0.0330663284861517,-0.025));
#4143=CARTESIAN_POINT('',(-0.0200410401320815,-0.0330663284861517,-0.025));
#4144=CARTESIAN_POINT('',(-0.0231410401320815,-0.0330663284861517,-0.025));
#4145=CARTESIAN_POINT('',(-0.0231410401320815,-0.0287663284861517,-0.025));
#4146=CARTESIAN_POINT('',(-0.0111570167640345,-0.0244663284861517,-0.025));
#4147=CARTESIAN_POINT('',(-0.0108570167640345,-0.0244663284861517,-0.025));
#4148=CARTESIAN_POINT('',(-0.0114570167640345,-0.0244663284861517,-0.025));
#4149=CARTESIAN_POINT('',(-0.0108570167640345,-0.0299663284861517,-0.025));
#4150=CARTESIAN_POINT('',(-0.0108570167640345,-0.0274663284861517,-0.025));
#4151=CARTESIAN_POINT('',(-0.00835701676403448,-0.0274663284861517,-0.025));
#4152=CARTESIAN_POINT('',(-0.00585701676403448,-0.0274663284861517,-0.025));
#4153=CARTESIAN_POINT('',(-0.00585701676403448,-0.0259663284861517,-0.025));
#4154=CARTESIAN_POINT('',(-0.00585701676403448,-0.0244663284861517,-0.025));
#4155=CARTESIAN_POINT('',(-0.00555701676403448,-0.0244663284861517,-0.025));
#4156=CARTESIAN_POINT('',(-0.00525701676403448,-0.0244663284861517,-0.025));
#4157=CARTESIAN_POINT('',(-0.00525701676403448,-0.0287663284861517,-0.025));
#4158=CARTESIAN_POINT('',(-0.00525701676403448,-0.0330663284861517,-0.025));
#4159=CARTESIAN_POINT('',(-0.00835701676403448,-0.0330663284861517,-0.025));
#4160=CARTESIAN_POINT('',(-0.0114570167640345,-0.0330663284861517,-0.025));
#4161=CARTESIAN_POINT('',(-0.0114570167640345,-0.0287663284861517,-0.025));
#4162=CARTESIAN_POINT('',(-0.0251573723647455,-0.0384156553847817,-0.025));
#4163=CARTESIAN_POINT('',(-0.0251573723647455,-0.0324156553847817,-0.025));
#4164=CARTESIAN_POINT('',(-0.0251573723647455,-0.0339663284861517,-0.025));
#4165=CARTESIAN_POINT('',(-0.014199028448058,-0.0339663284861517,-0.025));
#4166=CARTESIAN_POINT('',(-0.00269902844805798,-0.0339663284861517,-0.025));
#4167=CARTESIAN_POINT('',(-0.00269902844805798,-0.0279663284861517,-0.025));
#4168=CARTESIAN_POINT('',(-0.00269902844805798,-0.0219663284861517,-0.025));
#4169=CARTESIAN_POINT('',(-0.014199028448058,-0.0219663284861517,-0.025));
#4170=CARTESIAN_POINT('',(-0.025699028448058,-0.0219663284861517,-0.025));
#4171=CARTESIAN_POINT('',(-0.025699028448058,-0.0279663284861517,-0.025));
#4172=CARTESIAN_POINT('',(-0.025699028448058,-0.0324156553847817,-0.025));
#4173=CARTESIAN_POINT('',(-0.0311573723647455,-0.0324156553847817,-0.025));
#4174=CARTESIAN_POINT('',(-0.0311573723647455,-0.0324156553847817,-0.006598));
#4175=CARTESIAN_POINT('',(-0.025699028448058,-0.0324156553847817,-0.006598));
#4176=CARTESIAN_POINT('',(-0.025699028448058,-0.0324156553847817,-0.01));
#4177=CARTESIAN_POINT('',(-0.0311573723647455,-0.0324156553847817,-0.01));
#4178=CARTESIAN_POINT('',(-0.026699028448058,-0.0324156553847817,-0.01));
#4179=CARTESIAN_POINT('',(-0.026699028448058,-0.0324156553847817,-0.006598));
#4180=CARTESIAN_POINT('',(-0.0371573723647455,-0.0324156553847817,-0.006598));
#4181=CARTESIAN_POINT('',(-0.0371573723647455,-0.0324156553847817,-0.0066));
#4182=CARTESIAN_POINT('',(-0.0311573723647455,-0.0324156553847817,-0.0066));
#4183=CARTESIAN_POINT('',(-0.0251573723647455,-0.0324156553847817,-0.0066));
#4184=CARTESIAN_POINT('',(-0.0251573723647455,-0.0324156553847817,-0.006598));
#4185=CARTESIAN_POINT('',(-0.029538500127004,0.0798861607188182,-0.025));
#4186=CARTESIAN_POINT('',(-0.029538500127004,0.0798861607188182,-0.0124200508001018));
#4187=CARTESIAN_POINT('',(-0.029538500127004,0.0681361607188183,-0.0124200508001018));
#4188=CARTESIAN_POINT('',(-0.029538500127004,0.0681361607188183,-0.270881712836447));
#4189=CARTESIAN_POINT('',(-0.029538500127004,0.0681361607188183,0.));
#4190=CARTESIAN_POINT('',(-0.029538500127004,0.0798861607188182,0.));
#4191=CARTESIAN_POINT('',(-0.029538500127004,0.0656361607188182,0.));
#4192=CARTESIAN_POINT('',(-0.029538500127004,0.0656361607188182,-0.025));
#4193=CARTESIAN_POINT('',(-0.029538500127004,0.0656361607188182,-0.0066));
#4194=CARTESIAN_POINT('',(-0.029538500127004,0.0653861607188182,-0.0066));
#4195=CARTESIAN_POINT('',(-0.029538500127004,0.0651361607188182,-0.0066));
#4196=CARTESIAN_POINT('',(-0.029538500127004,0.0651361607188182,-0.0066));
#4197=CARTESIAN_POINT('',(-0.029538500127004,0.0651361607188182,-0.0233));
#4198=CARTESIAN_POINT('',(-0.029538500127004,0.0798861607188182,-0.0233));
#4199=CARTESIAN_POINT('',(-0.000538500127003999,0.0798861607188182,-0.025));
#4200=CARTESIAN_POINT('',(-0.000538500127003999,0.0798861607188182,-0.01));
#4201=CARTESIAN_POINT('',(-0.000538500127003998,0.0681361607188183,-0.01));
#4202=CARTESIAN_POINT('',(-0.000538500127003998,0.0651361607188183,-0.01));
#4203=CARTESIAN_POINT('',(-0.000538500127003998,0.0681361607188183,-0.270881712836447));
#4204=CARTESIAN_POINT('',(-0.000538500127003998,0.0681361607188183,-0.0124200508001017));
#4205=CARTESIAN_POINT('',(-0.000538500127003999,0.0798861607188182,-0.0124200508001017));
#4206=CARTESIAN_POINT('',(-0.000538500127003998,0.0653861607188183,-0.0233));
#4207=CARTESIAN_POINT('',(-0.000538500127003998,0.0651361607188183,-0.0233));
#4208=CARTESIAN_POINT('',(-0.000538500127003998,0.0651361607188183,-0.006598));
#4209=CARTESIAN_POINT('',(-0.005538500127004,0.0651361607188183,-0.006598));
#4210=CARTESIAN_POINT('',(-0.0054069278638625,0.0651361607188183,-0.006598));
#4211=CARTESIAN_POINT('',(-0.0054069278638625,0.0651361607188183,-0.01));
#4212=CARTESIAN_POINT('',(-0.005538500127004,0.0651361607188183,-0.01));
#4213=CARTESIAN_POINT('',(-0.0258479362458747,0.0651361607188182,-0.0233));
#4214=CARTESIAN_POINT('',(-0.010538500127004,0.0651361607188183,-0.0233));
#4215=CARTESIAN_POINT('',(-0.010538500127004,0.0651361607188183,-0.006598));
#4216=CARTESIAN_POINT('',(0.0162772860045667,0.0656361607188183,-0.025));
#4217=CARTESIAN_POINT('',(0.0125930721361375,0.0656361607188183,-0.025));
#4218=CARTESIAN_POINT('',(0.0125930721361375,0.0656361607188183,-0.01));
#4219=CARTESIAN_POINT('',(0.0162772860045667,0.0656361607188183,-0.01));
#4220=CARTESIAN_POINT('',(9.54097911787244E-18,0.0656361607188183,-0.01));
#4221=CARTESIAN_POINT('',(1.16822784085313E-17,0.0656361607188183,-0.006598));
#4222=CARTESIAN_POINT('',(0.0250803721107375,0.0656361607188183,-0.006598));
#4223=CARTESIAN_POINT('',(0.0250803721107375,0.0656361607188183,-0.0066));
#4224=CARTESIAN_POINT('',(0.0162772860045667,0.0656361607188183,-0.0066));
#4225=CARTESIAN_POINT('',(0.0330930721361375,0.0656361607188183,-0.0066));
#4226=CARTESIAN_POINT('',(0.0330930721361375,0.0656361607188183,-0.025));
#4227=CARTESIAN_POINT('',(-0.0371573723647455,0.0106102526670183,-0.025));
#4228=CARTESIAN_POINT('',(-0.0371573723647455,0.00350973193173427,-0.025));
#4229=CARTESIAN_POINT('',(-0.0371573723647455,0.00350973193173427,-0.01));
#4230=CARTESIAN_POINT('',(-0.0371573723647455,0.0106102526670183,-0.01));
#4231=CARTESIAN_POINT('',(-0.0371573723647455,-0.00299026806826573,-0.01));
#4232=CARTESIAN_POINT('',(-0.0371573723647455,-0.00299026806826573,-0.025));
#4233=CARTESIAN_POINT('',(-0.0371573723647455,-0.00799026806826573,-0.025));
#4234=CARTESIAN_POINT('',(-0.0371573723647455,-0.00799026806826573,-0.01));
#4235=CARTESIAN_POINT('',(-0.0371573723647455,0.0106102526670183,-0.01));
#4236=CARTESIAN_POINT('',(-0.0371573723647455,-0.0174902680682658,-0.01));
#4237=CARTESIAN_POINT('',(-0.0371573723647455,-0.0174902680682658,-0.025));
#4238=CARTESIAN_POINT('',(-0.0371573723647455,-0.0404283554101817,-0.025));
#4239=CARTESIAN_POINT('',(-0.0371573723647455,-0.0404283554101817,-0.0066));
#4240=CARTESIAN_POINT('',(-0.0371573723647455,0.0106102526670183,-0.0066));
#4241=CARTESIAN_POINT('',(-0.0371573723647455,0.0381361607188183,-0.01));
#4242=CARTESIAN_POINT('',(-0.0371573723647455,0.0381361607188183,-0.01));
#4243=CARTESIAN_POINT('',(-0.0371573723647455,0.0106102526670183,-0.01));
#4244=CARTESIAN_POINT('',(-0.0371573723647455,0.0401361607188183,-0.01));
#4245=CARTESIAN_POINT('',(-0.0371573723647455,0.0401361607188183,-0.025002));
#4246=CARTESIAN_POINT('',(-3.85001270039806E-5,-0.0444156553847817,-0.025));
#4247=CARTESIAN_POINT('',(-3.85001270039806E-5,-0.0444156553847817,-0.0066));
#4248=CARTESIAN_POINT('',(-0.0331700723901455,-0.0444156553847817,-0.0066));
#4249=CARTESIAN_POINT('',(-0.0251573723647455,-0.0444156553847817,-0.0066));
#4250=CARTESIAN_POINT('',(-0.0331700723901455,-0.0444156553847817,-0.025));
#4251=CARTESIAN_POINT('',(0.0330930721361375,-0.0444156553847817,-0.025));
#4252=CARTESIAN_POINT('',(0.0330930721361375,-0.0444156553847817,-0.0066));
#4253=CARTESIAN_POINT('',(-3.85001270039806E-5,-0.0444156553847817,-0.0066));
#4254=CARTESIAN_POINT('',(0.0250803721107375,-0.0444156553847817,-0.0066));
#4255=CARTESIAN_POINT('',(0.0250803721107375,-0.0444156553847817,-0.006598));
#4256=CARTESIAN_POINT('',(-0.0251573723647455,-0.0444156553847817,-0.006598));
#4257=CARTESIAN_POINT('',(0.0370803721107375,0.0106102526670183,-0.025));
#4258=CARTESIAN_POINT('',(0.0370803721107375,0.0106102526670183,-0.0066));
#4259=CARTESIAN_POINT('',(0.0370803721107375,-0.0404283554101817,-0.0066));
#4260=CARTESIAN_POINT('',(0.0370803721107375,-0.0324156553847817,-0.0066));
#4261=CARTESIAN_POINT('',(0.0370803721107375,-0.0404283554101817,-0.025));
#4262=CARTESIAN_POINT('',(0.0370803721107375,0.0616488607442183,-0.025));
#4263=CARTESIAN_POINT('',(0.0370803721107375,0.0616488607442183,-0.0066));
#4264=CARTESIAN_POINT('',(0.0370803721107375,0.0106102526670183,-0.0066));
#4265=CARTESIAN_POINT('',(0.0370803721107375,0.0536361607188183,-0.0066));
#4266=CARTESIAN_POINT('',(0.0370803721107375,0.0536361607188183,-0.006598));
#4267=CARTESIAN_POINT('',(0.0370803721107375,-0.0324156553847817,-0.006598));
#4268=CARTESIAN_POINT('',(-0.0331700723901455,-0.0404283554101817,-0.025));
#4269=CARTESIAN_POINT('',(-0.0331700723901455,-0.0404283554101817,-0.0066));
#4270=CARTESIAN_POINT('',(0.0330930721361375,-0.0404283554101817,-0.025));
#4271=CARTESIAN_POINT('',(0.0330930721361375,-0.0404283554101817,-0.0066));
#4272=CARTESIAN_POINT('',(0.0330930721361375,0.0616488607442183,-0.025));
#4273=CARTESIAN_POINT('',(0.0330930721361375,0.0616488607442183,-0.0066));
#4274=CARTESIAN_POINT('',(-0.0301573723647455,0.0381361607188183,-0.01));
#4275=CARTESIAN_POINT('',(-0.0297832679478196,0.0381361607188183,-0.01962));
#4276=CARTESIAN_POINT('',(-0.0297832679478196,0.0381361607188183,-0.01962));
#4277=CARTESIAN_POINT('',(-0.0301573723647455,0.0381361607188183,-0.01962));
#4278=CARTESIAN_POINT('',(-0.0181573723647455,0.0381361607188183,-0.01962));
#4279=CARTESIAN_POINT('',(-0.0181573723647455,0.0381361607188183,-0.0175));
#4280=CARTESIAN_POINT('',(-0.0181573723647455,0.0381361607188183,-0.01));
#4281=CARTESIAN_POINT('',(-0.0301573723647455,0.0381361607188183,-0.01));
#4282=CARTESIAN_POINT('',(-0.0371573723647455,0.0106102526670183,-0.025));
#4283=CARTESIAN_POINT('',(-0.0371573723647455,0.0561361607188183,-0.0066));
#4284=CARTESIAN_POINT('',(-0.0371573723647455,0.0561361607188183,-0.0066));
#4285=CARTESIAN_POINT('',(-0.0371573723647455,0.0561361607188183,-0.01));
#4286=CARTESIAN_POINT('',(-0.0371573723647455,0.0106102526670183,-0.0066));
#4287=CARTESIAN_POINT('',(-0.0371573723647455,0.0616488607442183,-0.0066));
#4288=CARTESIAN_POINT('',(-0.0371573723647455,0.0616488607442183,-0.025));
#4289=CARTESIAN_POINT('',(-0.0371573723647455,0.0616488607442183,0.));
#4290=CARTESIAN_POINT('',(-0.0371573723647455,0.0106102526670183,0.));
#4291=CARTESIAN_POINT('',(-0.0371573723647455,0.0541361607188182,0.));
#4292=CARTESIAN_POINT('',(-0.0371573723647455,0.0541361607188182,-0.025002));
#4293=CARTESIAN_POINT('',(-0.0371573723647455,0.0541361607188182,-0.01));
#4294=CARTESIAN_POINT('',(-0.0371573723647455,0.0106102526670183,-0.01));
#4295=CARTESIAN_POINT('',(-0.0313542862585747,0.0656361607188182,-0.025));
#4296=CARTESIAN_POINT('',(-0.0313542862585747,0.0656361607188182,-0.0066));
#4297=CARTESIAN_POINT('',(-0.0331700723901455,0.0656361607188182,-0.0066));
#4298=CARTESIAN_POINT('',(-0.0313542862585747,0.0656361607188182,0.));
#4299=CARTESIAN_POINT('',(-0.0331700723901455,0.0656361607188182,0.));
#4300=CARTESIAN_POINT('',(-0.0331700723901455,0.0656361607188182,-0.025));
#4301=CARTESIAN_POINT('',(-0.0331700723901455,0.0616488607442183,-0.025));
#4302=CARTESIAN_POINT('',(-0.0331700723901455,0.0616488607442183,-0.0066));
#4303=CARTESIAN_POINT('',(-0.0331700723901455,0.0616488607442183,0.));
#4304=CARTESIAN_POINT('',(-0.0231593723647455,0.0471361607188182,-0.0175));
#4305=CARTESIAN_POINT('',(-0.0231573723647455,0.0471361607188182,-0.0175));
#4306=CARTESIAN_POINT('',(-0.0231573723647455,0.0471361607188182,-0.021));
#4307=CARTESIAN_POINT('',(-0.0211573723647455,0.0471361607188182,-0.0175));
#4308=CARTESIAN_POINT('',(-0.0211573723647455,0.0471361607188182,-0.021));
#4309=CARTESIAN_POINT('',(-3.85001270039945E-5,0.0248602526670182,-0.025));
#4310=CARTESIAN_POINT('',(-0.0384073723647455,0.0401361607188183,-0.025));
#4311=CARTESIAN_POINT('',(-0.0231573723647455,0.0401361607188183,-0.025));
#4312=CARTESIAN_POINT('',(-0.0396573723647455,0.0401361607188183,-0.025));
#4313=CARTESIAN_POINT('',(-0.0231573723647455,0.0551361607188182,-0.025));
#4314=CARTESIAN_POINT('',(-0.0231573723647455,0.0541361607188182,-0.025));
#4315=CARTESIAN_POINT('',(-0.0384073723647455,0.0541361607188182,-0.025));
#4316=CARTESIAN_POINT('',(-0.0396573723647455,0.0541361607188182,-0.025));
#4317=CARTESIAN_POINT('',(-0.0396573723647455,0.0248602526670182,-0.025));
#4318=CARTESIAN_POINT('',(-3.85001270039945E-5,0.0248602526670182,0.));
#4319=CARTESIAN_POINT('',(-3.85001270039945E-5,0.0681361607188182,0.));
#4320=CARTESIAN_POINT('',(-0.0331700723901455,0.0681361607188182,0.));
#4321=CARTESIAN_POINT('',(-0.0331700723901455,0.0616488607442183,0.));
#4322=CARTESIAN_POINT('',(-0.0396573723647453,0.0616488607442183,0.));
#4323=CARTESIAN_POINT('',(-0.0396573723647455,0.0248602526670182,0.));
#4324=CARTESIAN_POINT('',(-0.0396573723647455,0.0541361607188182,0.));
#4325=CARTESIAN_POINT('',(-0.0384073723647455,0.0541361607188182,0.));
#4326=CARTESIAN_POINT('',(-0.0313542862585747,0.0681361607188182,-0.025));
#4327=CARTESIAN_POINT('',(-0.0331700723901455,0.0681361607188182,-0.0255));
#4328=CARTESIAN_POINT('',(-0.0331700723901455,0.0681361607188182,-0.0255));
#4329=CARTESIAN_POINT('',(-0.0331700723901455,0.0681361607188182,-0.025));
#4330=CARTESIAN_POINT('',(-0.0150385001270049,0.0681361607188183,-0.0124200508001018));
#4331=CARTESIAN_POINT('',(-0.0331700723901455,0.0616488607442183,-0.025));
#4332=CARTESIAN_POINT('',(-0.0331700723901455,0.0616488607442183,-0.0255));
#4333=CARTESIAN_POINT('',(-0.0396573723647453,0.0616488607442183,-0.0255));
#4334=CARTESIAN_POINT('',(-0.0396573723647453,0.0616488607442183,-0.025));
#4335=CARTESIAN_POINT('',(-0.0396573723647455,0.0106102526670183,-0.025));
#4336=CARTESIAN_POINT('',(-0.0396573723647455,-0.0404283554101817,-0.0255));
#4337=CARTESIAN_POINT('',(-0.0396573723647455,-0.0404283554101817,-0.0255));
#4338=CARTESIAN_POINT('',(-0.0396573723647455,-0.0404283554101817,-0.025));
#4339=CARTESIAN_POINT('',(-0.0396573723647455,-0.0174902680682658,-0.005));
#4340=CARTESIAN_POINT('',(-0.0396573723647455,-0.0174902680682658,-0.01));
#4341=CARTESIAN_POINT('',(-0.0396573723647455,-0.0127402680682657,-0.01));
#4342=CARTESIAN_POINT('',(-0.0396573723647455,-0.00799026806826573,-0.01));
#4343=CARTESIAN_POINT('',(-0.0396573723647455,-0.00799026806826573,-0.005));
#4344=CARTESIAN_POINT('',(-0.0396573723647455,-0.00299026806826573,-0.005));
#4345=CARTESIAN_POINT('',(-0.0396573723647455,-0.00299026806826573,-0.01));
#4346=CARTESIAN_POINT('',(-0.0396573723647455,0.00025973193173427,-0.01));
#4347=CARTESIAN_POINT('',(-0.0396573723647455,0.00350973193173428,-0.01));
#4348=CARTESIAN_POINT('',(-0.0396573723647455,0.00350973193173427,-0.005));
#4349=CARTESIAN_POINT('',(-0.0396573723647455,0.0401361607188183,-0.025002));
#4350=CARTESIAN_POINT('',(-0.0396573723647455,0.0541361607188182,-0.025002));
#4351=CARTESIAN_POINT('',(-0.0331700723901455,-0.0404283554101817,-0.025));
#4352=CARTESIAN_POINT('',(-0.0331700723901455,-0.0404283554101817,-0.0255));
#4353=CARTESIAN_POINT('',(-0.0331700723901455,-0.0469156553847817,-0.0255));
#4354=CARTESIAN_POINT('',(-0.0331700723901455,-0.0469156553847817,-0.025));
#4355=CARTESIAN_POINT('',(-3.85001270039801E-5,-0.0469156553847817,-0.025));
#4356=CARTESIAN_POINT('',(0.0330930721361375,-0.0469156553847817,-0.0255));
#4357=CARTESIAN_POINT('',(0.0330930721361375,-0.0469156553847817,-0.0255));
#4358=CARTESIAN_POINT('',(0.0330930721361375,-0.0469156553847817,-0.025));
#4359=CARTESIAN_POINT('',(0.0330930721361375,-0.0404283554101817,-0.025));
#4360=CARTESIAN_POINT('',(0.0330930721361375,-0.0404283554101817,-0.0255));
#4361=CARTESIAN_POINT('',(0.0395803721107375,-0.0404283554101817,-0.0255));
#4362=CARTESIAN_POINT('',(0.0395803721107375,-0.0404283554101817,-0.025));
#4363=CARTESIAN_POINT('',(0.0395803721107375,0.0106102526670183,-0.025));
#4364=CARTESIAN_POINT('',(0.0395803721107375,0.0616488607442183,-0.0255));
#4365=CARTESIAN_POINT('',(0.0395803721107375,0.0616488607442183,-0.0255));
#4366=CARTESIAN_POINT('',(0.0395803721107375,0.0616488607442183,-0.025));
#4367=CARTESIAN_POINT('',(0.0330930721361375,0.0616488607442183,-0.025));
#4368=CARTESIAN_POINT('',(0.0330930721361375,0.0616488607442183,-0.0255));
#4369=CARTESIAN_POINT('',(0.0330930721361375,0.0681361607188183,-0.0255));
#4370=CARTESIAN_POINT('',(0.0330930721361375,0.0681361607188183,-0.025));
#4371=CARTESIAN_POINT('',(0.0162772860045667,0.0681361607188183,-0.025));
#4372=CARTESIAN_POINT('',(0.001961499872996,0.0681361607188183,-0.0255));
#4373=CARTESIAN_POINT('',(-0.0150385001270049,0.0681361607188183,-0.0124200508001018));
#4374=CARTESIAN_POINT('',(0.00359307213613751,0.0681361607188183,-0.01));
#4375=CARTESIAN_POINT('',(0.0125930721361375,0.0681361607188183,-0.01));
#4376=CARTESIAN_POINT('',(0.0125930721361375,0.0681361607188183,-0.005));
#4377=CARTESIAN_POINT('',(-0.0384073723647455,0.0401361607188183,-0.025002));
#4378=CARTESIAN_POINT('',(-0.0301573723647455,0.0401361607188183,-0.01));
#4379=CARTESIAN_POINT('',(-0.0231573723647455,0.0401361607188183,-0.01));
#4380=CARTESIAN_POINT('',(-0.0231573723647455,0.0401361607188183,-0.01));
#4381=CARTESIAN_POINT('',(-0.0384073723647455,0.0541361607188182,-0.025002));
#4382=CARTESIAN_POINT('',(-0.0231573723647455,0.0541361607188182,-0.01));
#4383=CARTESIAN_POINT('',(-0.0231573723647455,0.0541361607188182,-0.01));
#4384=CARTESIAN_POINT('',(-0.0301573723647455,0.0541361607188182,-0.01));
#4385=CARTESIAN_POINT('',(-0.0301573723647455,0.0561361607188183,-0.01));
#4386=CARTESIAN_POINT('',(-0.0221573723647455,0.0561361607188183,-0.0066));
#4387=CARTESIAN_POINT('',(-0.0221573723647455,0.0561361607188183,-0.01));
#4388=CARTESIAN_POINT('',(-0.0301573723647455,0.0561361607188183,-0.01));
#4389=CARTESIAN_POINT('',(-0.0181573723647455,0.0561361607188183,-0.01));
#4390=CARTESIAN_POINT('',(-0.0181573723647455,0.0561361607188183,-0.01));
#4391=CARTESIAN_POINT('',(-0.001288500127004,0.0248602526670182,-0.01));
#4392=CARTESIAN_POINT('',(-0.0231573723647455,0.0551361607188182,-0.01));
#4393=CARTESIAN_POINT('',(-0.0181573723647455,0.0551361607188182,-0.01));
#4394=CARTESIAN_POINT('',(-0.0301573723647455,0.0561361607188183,-0.01));
#4395=CARTESIAN_POINT('',(-0.0231573723647455,0.0471361607188182,-0.0175));
#4396=CARTESIAN_POINT('',(-0.0181573723647455,0.0471361607188182,-0.0175));
#4397=CARTESIAN_POINT('',(-0.0181573723647455,0.0434122514825451,-0.01965));
#4398=CARTESIAN_POINT('',(-0.0181573723647455,0.0421709484037874,-0.0175));
#4399=CARTESIAN_POINT('',(-0.0181573723647455,0.0446535545613028,-0.0218));
#4400=CARTESIAN_POINT('',(-0.0181573723647455,0.0434122514825451,-0.01535));
#4401=CARTESIAN_POINT('',(-0.0181573723647455,0.0446535545613028,-0.0132));
#4402=CARTESIAN_POINT('',(-0.0181573723647455,0.0471361607188182,-0.0132));
#4403=CARTESIAN_POINT('',(-0.0181573723647455,0.0496187668763336,-0.0132));
#4404=CARTESIAN_POINT('',(-0.0181573723647455,0.0508600699550913,-0.01535));
#4405=CARTESIAN_POINT('',(-0.0181573723647455,0.052101373033849,-0.0175));
#4406=CARTESIAN_POINT('',(-0.0181573723647455,0.0508600699550913,-0.01965));
#4407=CARTESIAN_POINT('',(-0.0181573723647455,0.0496187668763336,-0.0218));
#4408=CARTESIAN_POINT('',(-0.0181573723647455,0.0471361607188183,-0.0218));
#4409=CARTESIAN_POINT('',(-0.0181573723647455,0.0381361607188183,-0.01962));
#4410=CARTESIAN_POINT('',(-0.0211573723647455,0.0434122514825451,-0.01965));
#4411=CARTESIAN_POINT('',(-0.0211573723647455,0.0446535545613028,-0.0218));
#4412=CARTESIAN_POINT('',(-0.0211573723647455,0.0446535545613028,-0.0218));
#4413=CARTESIAN_POINT('',(-0.0211573723647455,0.0434122514825451,-0.01965));
#4414=CARTESIAN_POINT('',(-0.0211573723647455,0.0421709484037874,-0.0175));
#4415=CARTESIAN_POINT('',(-0.0211573723647455,0.0421709484037874,-0.0175));
#4416=CARTESIAN_POINT('',(-0.0211573723647455,0.0471361607188183,-0.0218));
#4417=CARTESIAN_POINT('',(-0.0211573723647455,0.0496187668763336,-0.0218));
#4418=CARTESIAN_POINT('',(-0.0211573723647455,0.0496187668763336,-0.0218));
#4419=CARTESIAN_POINT('',(-0.0211573723647455,0.0471361607188183,-0.0218));
#4420=CARTESIAN_POINT('',(-0.0211573723647455,0.0508600699550913,-0.01965));
#4421=CARTESIAN_POINT('',(-0.0211573723647455,0.052101373033849,-0.0175));
#4422=CARTESIAN_POINT('',(-0.0211573723647455,0.052101373033849,-0.0175));
#4423=CARTESIAN_POINT('',(-0.0211573723647455,0.0508600699550913,-0.01965));
#4424=CARTESIAN_POINT('',(-0.0211573723647455,0.0508600699550913,-0.01535));
#4425=CARTESIAN_POINT('',(-0.0211573723647455,0.0496187668763336,-0.0132));
#4426=CARTESIAN_POINT('',(-0.0211573723647455,0.0496187668763336,-0.0132));
#4427=CARTESIAN_POINT('',(-0.0211573723647455,0.0508600699550913,-0.01535));
#4428=CARTESIAN_POINT('',(-0.0211573723647455,0.0471361607188182,-0.0132));
#4429=CARTESIAN_POINT('',(-0.0211573723647455,0.0446535545613028,-0.0132));
#4430=CARTESIAN_POINT('',(-0.0211573723647455,0.0446535545613028,-0.0132));
#4431=CARTESIAN_POINT('',(-0.0211573723647455,0.0471361607188182,-0.0132));
#4432=CARTESIAN_POINT('',(-0.0211573723647455,0.0434122514825451,-0.01535));
#4433=CARTESIAN_POINT('',(-0.0211573723647455,0.0434122514825451,-0.01535));
#4434=CARTESIAN_POINT('',(-0.0211573723647455,0.0471361607188182,-0.0175));
#4435=CARTESIAN_POINT('',(-0.0301573723647455,0.0561361607188183,-0.0066));
#4436=CARTESIAN_POINT('',(-0.0221573723647455,0.0561361607188183,-0.0066));
#4437=CARTESIAN_POINT('',(-0.0221573723647455,0.0561361607188183,-0.0066));
#4438=CARTESIAN_POINT('',(-0.0301573723647455,0.0561361607188183,-0.0066));
#4439=CARTESIAN_POINT('',(-0.0221573723647455,0.0606361607188182,-0.0066));
#4440=CARTESIAN_POINT('',(-0.0221573723647455,0.0651361607188182,-0.0066));
#4441=CARTESIAN_POINT('',(-0.0221573723647455,0.0651361607188182,-0.0233));
#4442=CARTESIAN_POINT('',(-0.0221573723647455,0.0651361607188182,-0.0066));
#4443=CARTESIAN_POINT('',(-0.0221573723647455,0.0651361607188182,-0.0066));
#4444=CARTESIAN_POINT('',(-0.0221573723647455,0.0606361607188182,-0.0066));
#4445=CARTESIAN_POINT('',(-0.0258479362458747,0.0651361607188182,-0.0066));
#4446=CARTESIAN_POINT('',(-0.0258479362458747,0.0651361607188182,-0.0233));
#4447=CARTESIAN_POINT('',(-0.0258479362458747,0.0651361607188182,-0.0066));
#4448=CARTESIAN_POINT('',(-3.85001270039945E-5,0.0248602526670182,-0.0066));
#4449=CARTESIAN_POINT('',(-0.0305820612141235,0.0590608495681963,-0.0066));
#4450=CARTESIAN_POINT('',(-0.0285820612141235,0.0590608495681963,-0.0066));
#4451=CARTESIAN_POINT('',(-0.00490774178635619,0.00107342300507456,-0.01962));
#4452=CARTESIAN_POINT('',(-0.00490774178635619,0.00107342300507456,-0.01962));
#4453=CARTESIAN_POINT('',(-0.00240774178635619,0.00107342300507456,-0.01962));
#4454=CARTESIAN_POINT('',(-3.85001270039945E-5,0.0248602526670182,-0.01962));
#4455=CARTESIAN_POINT('',(-0.00490774178635619,0.00107342300507456,-0.01962));
#4456=CARTESIAN_POINT('',(-0.00340774178635619,0.00107342300507456,-0.01962));
#4457=CARTESIAN_POINT('',(-0.0252477417863563,0.00107342300507455,-0.01962));
#4458=CARTESIAN_POINT('',(-0.0252477417863563,0.00107342300507455,-0.01962));
#4459=CARTESIAN_POINT('',(-0.0227477417863563,0.00107342300507455,-0.01962));
#4460=CARTESIAN_POINT('',(-3.85001270039945E-5,0.0248602526670182,-0.01962));
#4461=CARTESIAN_POINT('',(-0.0252477417863563,0.00107342300507455,-0.01962));
#4462=CARTESIAN_POINT('',(-0.0237477417863563,0.00107342300507455,-0.01962));
#4463=CARTESIAN_POINT('',(-0.0165228798267608,0.0310733977606733,-0.01962));
#4464=CARTESIAN_POINT('',(-0.0137704037038383,0.0339757890493768,-0.01962));
#4465=CARTESIAN_POINT('',(-0.0137704037038383,0.0339757890493768,-0.01962));
#4466=CARTESIAN_POINT('',(-0.0165228798267608,0.0310733977606733,-0.01962));
#4467=CARTESIAN_POINT('',(-0.0192753559496831,0.0281710064719697,-0.01962));
#4468=CARTESIAN_POINT('',(-0.0192753559496831,0.0281710064719697,-0.01962));
#4469=CARTESIAN_POINT('',(-0.015963888034292,0.0360559748840975,-0.01962));
#4470=CARTESIAN_POINT('',(-0.015963888034292,0.0360559748840975,-0.01962));
#4471=CARTESIAN_POINT('',(-0.0165228798267608,0.0310733977606733,-0.01962));
#4472=CARTESIAN_POINT('',(-0.0165228798267608,0.0310733977606733,-0.01962));
#4473=CARTESIAN_POINT('',(-0.0144228798267608,0.0310733977606733,-0.01962));
#4474=CARTESIAN_POINT('',(-0.0165228798267608,0.0310733977606733,-0.025));
#4475=CARTESIAN_POINT('',(-0.0144228798267608,0.0310733977606733,-0.025));
#4476=CARTESIAN_POINT('',(-0.0245293119487513,0.033153583595394,-0.01962));
#4477=CARTESIAN_POINT('',(-0.0245293119487513,0.033153583595394,-0.01962));
#4478=CARTESIAN_POINT('',(-3.85001270039945E-5,0.0248602526670182,-0.01962));
#4479=CARTESIAN_POINT('',(-3.85001270039945E-5,0.0248602526670182,-0.025));
#4480=CARTESIAN_POINT('',(-0.0252477417863563,0.00107342300507455,-0.01662));
#4481=CARTESIAN_POINT('',(-0.0252477417863563,0.00107342300507455,-0.01662));
#4482=CARTESIAN_POINT('',(-0.0237477417863563,0.00107342300507455,-0.01662));
#4483=CARTESIAN_POINT('',(-0.0155777417863563,0.00107342300507455,-0.01662));
#4484=CARTESIAN_POINT('',(-0.00490774178635619,0.00107342300507456,-0.01662));
#4485=CARTESIAN_POINT('',(-0.00490774178635619,0.00107342300507456,-0.01662));
#4486=CARTESIAN_POINT('',(-0.00340774178635619,0.00107342300507456,-0.01662));
#4487=CARTESIAN_POINT('',(-0.0155777417863563,0.00107342300507455,-0.01662));
#4488=CARTESIAN_POINT('',(0.0250803721107375,0.0596361607188183,-0.006598));
#4489=CARTESIAN_POINT('',(0.0250803721107375,0.0596361607188183,-0.0066));
#4490=CARTESIAN_POINT('',(0.0250803721107375,0.0536361607188183,-0.0066));
#4491=CARTESIAN_POINT('',(0.0250803721107375,0.0536361607188183,-0.006598));
#4492=CARTESIAN_POINT('',(0.0310803721107375,0.0536361607188183,-0.006598));
#4493=CARTESIAN_POINT('',(0.0310803721107375,0.0536361607188183,-0.0066));
#4494=CARTESIAN_POINT('',(-3.85001270039945E-5,0.0248602526670182,-0.0066));
#4495=CARTESIAN_POINT('',(0.0305050609601175,0.0590608495681963,-0.0066));
#4496=CARTESIAN_POINT('',(0.0325050609601175,0.0590608495681963,-0.0066));
#4497=CARTESIAN_POINT('',(0.0310803721107375,-0.0324156553847817,-0.006598));
#4498=CARTESIAN_POINT('',(0.0310803721107375,-0.0324156553847817,-0.0066));
#4499=CARTESIAN_POINT('',(0.0250803721107375,-0.0324156553847817,-0.0066));
#4500=CARTESIAN_POINT('',(0.0250803721107375,-0.0324156553847817,-0.006598));
#4501=CARTESIAN_POINT('',(0.0250803721107375,-0.0384156553847817,-0.006598));
#4502=CARTESIAN_POINT('',(0.0250803721107375,-0.0384156553847817,-0.0066));
#4503=CARTESIAN_POINT('',(-3.85001270039945E-5,0.0248602526670182,-0.0066));
#4504=CARTESIAN_POINT('',(0.0305050609601175,-0.0378403442341817,-0.0066));
#4505=CARTESIAN_POINT('',(0.0325050609601175,-0.0378403442341817,-0.0066));
#4506=CARTESIAN_POINT('',(-0.0251573723647455,-0.0384156553847817,-0.006598));
#4507=CARTESIAN_POINT('',(-0.0251573723647455,-0.0339663284861517,-0.006598));
#4508=CARTESIAN_POINT('',(-0.0251573723647455,-0.0339663284861517,-0.01));
#4509=CARTESIAN_POINT('',(-0.0251573723647455,-0.0384156553847817,-0.0066));
#4510=CARTESIAN_POINT('',(-0.0251573723647455,-0.0349663284861517,-0.006598));
#4511=CARTESIAN_POINT('',(-0.0251573723647455,-0.0349663284861517,-0.01));
#4512=CARTESIAN_POINT('',(-0.0251573723647455,-0.0384156553847817,-0.01));
#4513=CARTESIAN_POINT('',(-3.85001270039945E-5,0.0248602526670182,-0.0066));
#4514=CARTESIAN_POINT('',(-0.0305820612141235,-0.0378403442341817,-0.0066));
#4515=CARTESIAN_POINT('',(-0.0285820612141235,-0.0378403442341817,-0.0066));
#4516=CARTESIAN_POINT('',(-0.00835701676403448,-0.0274663284861517,-0.00814805077775));
#4517=CARTESIAN_POINT('',(-0.00835701676403448,-0.0274663284861517,-0.00815005077775));
#4518=CARTESIAN_POINT('',(-0.00585701676403448,-0.0274663284861517,-0.00815005077775));
#4519=CARTESIAN_POINT('',(-0.0108570167640345,-0.0274663284861517,-0.00815005077775));
#4520=CARTESIAN_POINT('',(-0.00585701676403448,-0.0274663284861517,-0.00814805077775));
#4521=CARTESIAN_POINT('',(-0.0108570167640345,-0.0274663284861517,-0.00814805077775));
#4522=CARTESIAN_POINT('',(-0.0108570167640345,-0.0299663284861517,-0.00814805077775));
#4523=CARTESIAN_POINT('',(-0.0108570167640345,-0.0299663284861517,-0.00815005077775));
#4524=CARTESIAN_POINT('',(-0.0108570167640345,-0.0324663284861517,-0.00815005077775));
#4525=CARTESIAN_POINT('',(-0.0108570167640345,-0.0244663284861517,-0.027502));
#4526=CARTESIAN_POINT('',(-0.0108570167640345,-0.0324663284861517,-0.00814805077775));
#4527=CARTESIAN_POINT('',(-0.00585701676403448,-0.0299663284861517,-0.00814805077775));
#4528=CARTESIAN_POINT('',(-0.00585701676403448,-0.0299663284861517,-0.00815005077775));
#4529=CARTESIAN_POINT('',(-0.00585701676403448,-0.0324663284861517,-0.00815005077775));
#4530=CARTESIAN_POINT('',(-0.00585701676403448,-0.0324663284861517,-0.00814805077775));
#4531=CARTESIAN_POINT('',(-0.00585701676403448,-0.0244663284861517,-0.027502));
#4532=CARTESIAN_POINT('',(-0.00835701676403448,-0.0324663284861517,-0.00814805077775));
#4533=CARTESIAN_POINT('',(-0.00835701676403448,-0.0324663284861517,-0.00815005077775));
#4534=CARTESIAN_POINT('',(-0.0200410401320815,-0.0299663284861517,-0.00815005077775));
#4535=CARTESIAN_POINT('',(-0.0200410401320815,-0.0274663284861517,-0.00814805077775));
#4536=CARTESIAN_POINT('',(-0.0200410401320815,-0.0274663284861517,-0.00815005077775));
#4537=CARTESIAN_POINT('',(-0.0175410401320815,-0.0274663284861517,-0.00815005077775));
#4538=CARTESIAN_POINT('',(-0.0225410401320815,-0.0274663284861517,-0.00815005077775));
#4539=CARTESIAN_POINT('',(-0.0175410401320815,-0.0274663284861517,-0.00814805077775));
#4540=CARTESIAN_POINT('',(-0.0225410401320815,-0.0274663284861517,-0.00814805077775));
#4541=CARTESIAN_POINT('',(-0.0225410401320815,-0.0299663284861517,-0.00814805077775));
#4542=CARTESIAN_POINT('',(-0.0225410401320815,-0.0299663284861517,-0.00815005077775));
#4543=CARTESIAN_POINT('',(-0.0225410401320815,-0.0324663284861517,-0.00815005077775));
#4544=CARTESIAN_POINT('',(-0.0225410401320815,-0.0244663284861517,-0.027502));
#4545=CARTESIAN_POINT('',(-0.0225410401320815,-0.0324663284861517,-0.00814805077775));
#4546=CARTESIAN_POINT('',(-0.0175410401320815,-0.0299663284861517,-0.00814805077775));
#4547=CARTESIAN_POINT('',(-0.0175410401320815,-0.0299663284861517,-0.00815005077775));
#4548=CARTESIAN_POINT('',(-0.0175410401320815,-0.0324663284861517,-0.00815005077775));
#4549=CARTESIAN_POINT('',(-0.0175410401320815,-0.0324663284861517,-0.00814805077775));
#4550=CARTESIAN_POINT('',(-0.0175410401320815,-0.0244663284861517,-0.027502));
#4551=CARTESIAN_POINT('',(-0.0200410401320815,-0.0324663284861517,-0.00814805077775));
#4552=CARTESIAN_POINT('',(-0.0200410401320815,-0.0324663284861517,-0.00815005077775));
#4553=CARTESIAN_POINT('',(-0.0200410401320815,-0.0299663284861517,-0.00815005077775));
#4554=CARTESIAN_POINT('',(-0.00555701676403448,-0.0244663284861517,-0.027502));
#4555=CARTESIAN_POINT('',(-0.00525701676403448,-0.0244663284861517,-0.027502));
#4556=CARTESIAN_POINT('',(-0.00525701676403448,-0.0287663284861517,-0.027502));
#4557=CARTESIAN_POINT('',(-0.00525701676403448,-0.0330663284861517,-0.027502));
#4558=CARTESIAN_POINT('',(-0.00835701676403448,-0.0330663284861517,-0.027502));
#4559=CARTESIAN_POINT('',(-0.0114570167640345,-0.0330663284861517,-0.027502));
#4560=CARTESIAN_POINT('',(-0.0114570167640345,-0.0287663284861517,-0.027502));
#4561=CARTESIAN_POINT('',(-0.0114570167640345,-0.0244663284861517,-0.027502));
#4562=CARTESIAN_POINT('',(-0.0111570167640345,-0.0244663284861517,-0.027502));
#4563=CARTESIAN_POINT('',(-0.0172410401320815,-0.0244663284861517,-0.027502));
#4564=CARTESIAN_POINT('',(-0.0169410401320815,-0.0244663284861517,-0.027502));
#4565=CARTESIAN_POINT('',(-0.0169410401320815,-0.0287663284861517,-0.027502));
#4566=CARTESIAN_POINT('',(-0.0169410401320815,-0.0330663284861517,-0.027502));
#4567=CARTESIAN_POINT('',(-0.0200410401320815,-0.0330663284861517,-0.027502));
#4568=CARTESIAN_POINT('',(-0.0231410401320815,-0.0330663284861517,-0.027502));
#4569=CARTESIAN_POINT('',(-0.0231410401320815,-0.0287663284861517,-0.027502));
#4570=CARTESIAN_POINT('',(-0.0231410401320815,-0.0244663284861517,-0.027502));
#4571=CARTESIAN_POINT('',(-0.0228410401320815,-0.0244663284861517,-0.027502));
#4572=CARTESIAN_POINT('',(-0.005538500127004,0.0621361607188183,-0.006598));
#4573=CARTESIAN_POINT('',(-0.005538500127004,0.0621361607188183,-0.01));
#4574=CARTESIAN_POINT('',(-0.0054069278638625,0.0621361607188183,-0.01));
#4575=CARTESIAN_POINT('',(-0.000538500127003997,0.0621361607188183,-0.01));
#4576=CARTESIAN_POINT('',(-0.0054069278638625,0.0621361607188183,-0.006598));
#4577=CARTESIAN_POINT('',(-0.010538500127004,0.0621361607188183,-0.006598));
#4578=CARTESIAN_POINT('',(-0.000538500127003997,0.0621361607188183,-0.006598));
#4579=CARTESIAN_POINT('',(-0.000269250063501989,0.0638861607188183,-0.006598));
#4580=CARTESIAN_POINT('',(-0.000269250063501989,0.0638861607188183,-0.01));
#4581=CARTESIAN_POINT('',(-0.010538500127004,0.0636361607188183,-0.006598));
#4582=CARTESIAN_POINT('',(-0.010538500127004,0.0651361607188183,-0.006598));
#4583=CARTESIAN_POINT('',(-0.0258479362458747,0.0651361607188182,-0.0233));
#4584=CARTESIAN_POINT('',(-0.0258479362458747,0.0651361607188182,-0.0233));
#4585=CARTESIAN_POINT('',(-3.85001270039945E-5,0.0248602526670182,-0.0233));
#4586=CARTESIAN_POINT('',(-0.014199028448058,-0.0339663284861517,-0.01));
#4587=CARTESIAN_POINT('',(-0.014199028448058,-0.0339663284861517,-0.01));
#4588=CARTESIAN_POINT('',(-0.00269902844805798,-0.0339663284861517,-0.01));
#4589=CARTESIAN_POINT('',(-0.00269902844805798,-0.0339663284861517,-0.01));
#4590=CARTESIAN_POINT('',(-0.025699028448058,-0.0279663284861517,-0.01));
#4591=CARTESIAN_POINT('',(-0.025699028448058,-0.0219663284861517,-0.01));
#4592=CARTESIAN_POINT('',(-0.025699028448058,-0.0219663284861517,-0.01));
#4593=CARTESIAN_POINT('',(-0.025699028448058,-0.0279663284861517,-0.01));
#4594=CARTESIAN_POINT('',(-0.014199028448058,-0.0219663284861517,-0.01));
#4595=CARTESIAN_POINT('',(-0.00269902844805798,-0.0219663284861517,-0.01));
#4596=CARTESIAN_POINT('',(-0.00269902844805798,-0.0219663284861517,-0.01));
#4597=CARTESIAN_POINT('',(-0.014199028448058,-0.0219663284861517,-0.01));
#4598=CARTESIAN_POINT('',(-0.014199028448058,-0.0349663284861517,-0.01));
#4599=CARTESIAN_POINT('',(-0.014199028448058,-0.0349663284861517,-0.01));
#4600=CARTESIAN_POINT('',(-0.00169902844805798,-0.0349663284861517,-0.01));
#4601=CARTESIAN_POINT('',(-0.00169902844805798,-0.0349663284861517,-0.01));
#4602=CARTESIAN_POINT('',(-0.00169902844805798,-0.0279663284861517,-0.01));
#4603=CARTESIAN_POINT('',(-0.00169902844805798,-0.0209663284861517,-0.01));
#4604=CARTESIAN_POINT('',(-0.00169902844805798,-0.0209663284861517,-0.01));
#4605=CARTESIAN_POINT('',(-0.00169902844805798,-0.0279663284861517,-0.01));
#4606=CARTESIAN_POINT('',(-0.014199028448058,-0.0209663284861517,-0.01));
#4607=CARTESIAN_POINT('',(-0.026699028448058,-0.0209663284861517,-0.01));
#4608=CARTESIAN_POINT('',(-0.026699028448058,-0.0209663284861517,-0.01));
#4609=CARTESIAN_POINT('',(-0.014199028448058,-0.0209663284861517,-0.01));
#4610=CARTESIAN_POINT('',(-0.026699028448058,-0.0279663284861517,-0.01));
#4611=CARTESIAN_POINT('',(-0.026699028448058,-0.0279663284861517,-0.01));
#4612=CARTESIAN_POINT('',(-0.00269902844805798,-0.0279663284861517,-0.01));
#4613=CARTESIAN_POINT('',(-0.00269902844805798,-0.0279663284861517,-0.01));
#4614=CARTESIAN_POINT('',(-3.85001270039945E-5,0.0248602526670182,-0.01));
#4615=CARTESIAN_POINT('',(-0.0305820612141235,-0.0378403442341817,-0.0166));
#4616=CARTESIAN_POINT('',(-0.0305820612141235,-0.0378403442341817,-0.0166));
#4617=CARTESIAN_POINT('',(-0.0285820612141235,-0.0378403442341817,-0.0166));
#4618=CARTESIAN_POINT('',(-0.002326155702314,0.0128979082423183,-0.0166));
#4619=CARTESIAN_POINT('',(0.0305050609601175,-0.0378403442341817,-0.0166));
#4620=CARTESIAN_POINT('',(0.0305050609601175,-0.0378403442341817,-0.0166));
#4621=CARTESIAN_POINT('',(0.0325050609601175,-0.0378403442341817,-0.0166));
#4622=CARTESIAN_POINT('',(-0.002326155702314,0.0128979082423183,-0.0166));
#4623=CARTESIAN_POINT('',(0.0305050609601175,0.0590608495681963,-0.0166));
#4624=CARTESIAN_POINT('',(0.0305050609601175,0.0590608495681963,-0.0166));
#4625=CARTESIAN_POINT('',(0.0325050609601175,0.0590608495681963,-0.0166));
#4626=CARTESIAN_POINT('',(-0.002326155702314,0.0128979082423183,-0.0166));
#4627=CARTESIAN_POINT('',(-0.0305820612141235,0.0590608495681963,-0.0166));
#4628=CARTESIAN_POINT('',(-0.0305820612141235,0.0590608495681963,-0.0166));
#4629=CARTESIAN_POINT('',(-0.0285820612141235,0.0590608495681963,-0.0166));
#4630=CARTESIAN_POINT('',(-0.002326155702314,0.0128979082423183,-0.0166));
#4631=CARTESIAN_POINT('',(-0.0233685001270039,0.0866661607188183,-0.0124200508001018));
#4632=CARTESIAN_POINT('',(-3.85001270039997E-5,0.0946361607188183,-0.0124200508001017));
#4633=CARTESIAN_POINT('',(-0.030038500127004,0.0946361607188183,-0.0124200508001018));
#4634=CARTESIAN_POINT('',(0.0125930721361375,0.0581361607188183,-0.005));
#4635=CARTESIAN_POINT('',(0.0125930721361375,0.0581361607188183,-0.01));
#4636=CARTESIAN_POINT('',(-0.0054069278638625,0.0581361607188183,-0.005));
#4637=CARTESIAN_POINT('',(-0.0054069278638625,0.0581361607188183,-0.01));
#4638=CARTESIAN_POINT('',(0.00359307213613751,0.0581361607188183,-0.01));
#4639=CARTESIAN_POINT('',(-0.0296573723647455,-0.00799026806826573,-0.005));
#4640=CARTESIAN_POINT('',(-0.0296573723647455,-0.00799026806826573,-0.01));
#4641=CARTESIAN_POINT('',(-0.0296573723647455,-0.0174902680682658,-0.005));
#4642=CARTESIAN_POINT('',(-0.0296573723647455,-0.0174902680682658,-0.01));
#4643=CARTESIAN_POINT('',(-0.0296573723647455,-0.0127402680682657,-0.01));
#4644=CARTESIAN_POINT('',(-0.0296573723647455,0.00350973193173427,-0.005));
#4645=CARTESIAN_POINT('',(-0.0296573723647455,0.00350973193173427,-0.01));
#4646=CARTESIAN_POINT('',(-0.0296573723647455,-0.00299026806826573,-0.005));
#4647=CARTESIAN_POINT('',(-0.0296573723647455,-0.00299026806826573,-0.01));
#4648=CARTESIAN_POINT('',(-0.0296573723647455,0.000259731931734272,-0.01));
#4649=CARTESIAN_POINT('',(-0.018288500127004,0.0945111607188183,-0.0137750508001018));
#4650=CARTESIAN_POINT('',(-0.011788500127004,0.0945111607188183,-0.0137750508001017));
#4651=CARTESIAN_POINT('',(-0.011788500127004,0.0948861607188183,-0.0141500508001017));
#4652=CARTESIAN_POINT('',(-0.018288500127004,0.0945111607188183,-0.0137750508001018));
#4653=CARTESIAN_POINT('',(-0.018288500127004,0.0948861607188183,-0.0141500508001018));
#4654=CARTESIAN_POINT('',(-0.018288500127004,0.0948861607188183,-0.0141500508001018));
#4655=CARTESIAN_POINT('',(-0.018288500127004,0.0945111607188183,-0.0145250508001018));
#4656=CARTESIAN_POINT('',(-0.011788500127004,0.0945111607188183,-0.0145250508001017));
#4657=CARTESIAN_POINT('',(-0.018288500127004,0.0945111607188183,-0.0145250508001018));
#4658=CARTESIAN_POINT('',(-0.018288500127004,0.0945111607188183,-0.0141500508001018));
#4659=CARTESIAN_POINT('',(-0.011788500127004,0.0945111607188183,-0.0141500508001017));
#4660=CARTESIAN_POINT('',(-0.0268085001270041,0.0255233977606733,-0.024998));
#4661=CARTESIAN_POINT('',(-0.0272085001270041,0.0255233977606733,-0.024998));
#4662=CARTESIAN_POINT('',(-0.0272085001270041,0.0255233977606733,-0.026));
#4663=CARTESIAN_POINT('',(-0.0268085001270041,0.0255233977606733,-0.026));
#4664=CARTESIAN_POINT('',(-0.0264085001270041,0.0255233977606733,-0.026));
#4665=CARTESIAN_POINT('',(-0.0264085001270041,0.0255233977606733,-0.024998));
#4666=CARTESIAN_POINT('',(-0.0272085001270041,0.0261733977606733,-0.024998));
#4667=CARTESIAN_POINT('',(-0.0272085001270041,0.0268233977606733,-0.024998));
#4668=CARTESIAN_POINT('',(-0.0272085001270041,0.0268233977606733,-0.026));
#4669=CARTESIAN_POINT('',(-0.0272085001270041,0.0255233977606733,-0.026));
#4670=CARTESIAN_POINT('',(-0.0268085001270041,0.0268233977606733,-0.024998));
#4671=CARTESIAN_POINT('',(-0.0264085001270041,0.0268233977606733,-0.024998));
#4672=CARTESIAN_POINT('',(-0.0264085001270041,0.0268233977606733,-0.026));
#4673=CARTESIAN_POINT('',(-0.0272085001270041,0.0268233977606733,-0.026));
#4674=CARTESIAN_POINT('',(-0.0264085001270041,0.0261733977606733,-0.024998));
#4675=CARTESIAN_POINT('',(-0.0264085001270041,0.0261733977606733,-0.026));
#4676=CARTESIAN_POINT('',(-0.0282085001270041,0.0248602526670182,-0.025));
#4677=CARTESIAN_POINT('',(-0.0272207850957858,0.026835682729455,-0.0259877150312184));
#4678=CARTESIAN_POINT('',(-0.0270751667936708,0.0256567310940066,-0.0261333333333333));
#4679=CARTESIAN_POINT('',(-0.0268085001270041,0.0255233977606733,-0.026));
#4680=CARTESIAN_POINT('',(-0.0266251667936708,0.02574006442734,-0.0262166666666667));
#4681=CARTESIAN_POINT('',(-3.85001270039945E-5,0.0278233977606733,-0.025));
#4682=CARTESIAN_POINT('',(-0.0266251667936708,0.0266067310940067,-0.0262166666666667));
#4683=CARTESIAN_POINT('',(-0.0264085001270041,0.0261733977606733,-0.026));
#4684=CARTESIAN_POINT('',(-3.85001270039997E-5,0.0946361607188183,-0.025));
#4685=CARTESIAN_POINT('',(-3.85001270039997E-5,0.0946361607188183,-0.0255));
#4686=CARTESIAN_POINT('',(-0.030038500127004,0.0946361607188183,-0.025));
#4687=CARTESIAN_POINT('',(-0.030038500127004,0.0946361607188183,-0.0255));
#4688=CARTESIAN_POINT('',(0.0375803721107375,0.0106102526670183,-0.0255));
#4689=CARTESIAN_POINT('',(0.0375803721107375,-0.0404283554101817,-0.0255));
#4690=CARTESIAN_POINT('',(0.0375803721107375,0.0616488607442183,-0.0255));
#4691=CARTESIAN_POINT('',(0.0330930721361375,0.0616488607442183,-0.0255));
#4692=CARTESIAN_POINT('',(0.0330930721361375,0.0661361607188183,-0.0255));
#4693=CARTESIAN_POINT('',(0.0330930721361375,-0.0404283554101817,-0.0255));
#4694=CARTESIAN_POINT('',(0.0330930721361375,-0.0449156553847817,-0.0255));
#4695=CARTESIAN_POINT('',(0.0162772860045667,0.0661361607188183,-0.0255));
#4696=CARTESIAN_POINT('',(-3.85001270039979E-5,0.0661361607188183,-0.0255));
#4697=CARTESIAN_POINT('',(-3.85001270039805E-5,-0.0449156553847817,-0.0255));
#4698=CARTESIAN_POINT('',(-0.0331700723901455,-0.0449156553847817,-0.0255));
#4699=CARTESIAN_POINT('',(-3.85001270039954E-5,0.0248602526670182,-0.0255));
#4700=CARTESIAN_POINT('',(-3.85001270039997E-5,0.0946361607188183,-0.0255));
#4701=CARTESIAN_POINT('',(-0.0331700723901455,-0.0404283554101817,-0.0255));
#4702=CARTESIAN_POINT('',(-0.0376573723647455,-0.0404283554101817,-0.0255));
#4703=CARTESIAN_POINT('',(-3.85001270039997E-5,0.0946361607188183,-0.0255));
#4704=CARTESIAN_POINT('',(-3.85001270039997E-5,0.0946361607188183,-0.0255));
#4705=CARTESIAN_POINT('',(-0.0376573723647455,0.0106102526670183,-0.0255));
#4706=CARTESIAN_POINT('',(-0.0376573723647455,0.0616488607442183,-0.0255));
#4707=CARTESIAN_POINT('',(-3.85001270039945E-5,0.0946361607188183,-0.0255));
#4708=CARTESIAN_POINT('',(-0.030038500127004,0.0946361607188183,-0.0255));
#4709=CARTESIAN_POINT('',(-0.0331700723901455,0.0616488607442183,-0.0255));
#4710=CARTESIAN_POINT('',(-0.0331700723901455,0.0661361607188182,-0.0255));
#4711=CARTESIAN_POINT('',(-0.030038500127004,0.0946361607188183,-0.0255));
#4712=CARTESIAN_POINT('',(-0.030038500127004,0.0946361607188183,-0.0255));
#4713=CARTESIAN_POINT('',(-0.0313542862585747,0.0661361607188182,-0.0255));
#4714=CARTESIAN_POINT('',(-0.030038500127004,0.0661361607188182,-0.0255));
#4715=CARTESIAN_POINT('',(-0.030038500127004,0.0798861607188182,-0.0255));
#4716=MECHANICAL_DESIGN_GEOMETRIC_PRESENTATION_REPRESENTATION('',(#2893),
#4717);
#4717=(
GEOMETRIC_REPRESENTATION_CONTEXT(3)
GLOBAL_UNCERTAINTY_ASSIGNED_CONTEXT((#4718))
GLOBAL_UNIT_ASSIGNED_CONTEXT((#4721,#4720,#4719))
REPRESENTATION_CONTEXT('boite_bas','TOP_LEVEL_ASSEMBLY_PART')
);
#4718=UNCERTAINTY_MEASURE_WITH_UNIT(LENGTH_MEASURE(1.E-8),#4721,
'DISTANCE_ACCURACY_VALUE','Maximum Tolerance applied to model');
#4719=(
NAMED_UNIT(*)
SI_UNIT($,.STERADIAN.)
SOLID_ANGLE_UNIT()
);
#4720=(
NAMED_UNIT(*)
PLANE_ANGLE_UNIT()
SI_UNIT($,.RADIAN.)
);
#4721=(
LENGTH_UNIT()
NAMED_UNIT(*)
SI_UNIT($,.METRE.)
);
#4722=PRODUCT_DEFINITION_SHAPE('','',#4723);
#4723=PRODUCT_DEFINITION('','',#4725,#4724);
#4724=PRODUCT_DEFINITION_CONTEXT('',#4731,'design');
#4725=PRODUCT_DEFINITION_FORMATION_WITH_SPECIFIED_SOURCE('','',#4727,
 .NOT_KNOWN.);
#4726=PRODUCT_RELATED_PRODUCT_CATEGORY('','',(#4727));
#4727=PRODUCT('boite_bas','boite_bas','boite_bas',(#4729));
#4728=PRODUCT_CATEGORY('','');
#4729=PRODUCT_CONTEXT('',#4731,'mechanical');
#4730=APPLICATION_PROTOCOL_DEFINITION('international standard',
'ap242_managed_model_based_3d_engineering',2011,#4731);
#4731=APPLICATION_CONTEXT('managed model based 3d engineering');
ENDSEC;
END-ISO-10303-21;
