ISO-10303-21;
HEADER;
/* Generated by software containing ST-Developer
 * from STEP Tools, Inc. (www.steptools.com) 
 */
/* OPTION: using custom renumber hook */

FILE_DESCRIPTION(
/* description */ ('STEP AP242',
'CAx-IF Rec.Pracs.---Representation and Presentation of Product Manufa
cturing Information (PMI)---4.0---2014-10-13',
'CAx-IF Rec.Pracs.---3D Tessellated Geometry---0.4---2014-09-14','2;1'),

/* implementation_level */ '2;1');

FILE_NAME(
/* name */ '68c5863b1478f4facb390c3d',
/* time_stamp */ '2025-09-13T14:57:00Z',
/* author */ (''),
/* organization */ (''),
/* preprocessor_version */ 'ST-DEVELOPER v20',
/* originating_system */ 'ONSHAPE BY PTC INC, 1.203',
/* authorisation */ '  ');

FILE_SCHEMA (('AP242_MANAGED_MODEL_BASED_3D_ENGINEERING_MIM_LF { 1 0 10303 442 1 1 4 }'));
ENDSEC;

DATA;
#10=SHAPE_REPRESENTATION_RELATIONSHIP('','',#1633,#11);
#11=ADVANCED_BREP_SHAPE_REPRESENTATION('',(#1631),#2671);
#12=TOROIDAL_SURFACE('',#1747,0.0054872999746,0.001);
#13=TOROIDAL_SURFACE('',#1754,0.00548729997459998,0.001);
#14=TOROIDAL_SURFACE('',#1756,0.0054872999746,0.001);
#15=TOROIDAL_SURFACE('',#1762,0.00548729997459988,0.001);
#16=CIRCLE('',#1648,0.00648729997459988);
#17=CIRCLE('',#1649,0.00648729997459988);
#18=CIRCLE('',#1652,0.0064872999746);
#19=CIRCLE('',#1653,0.0064872999746);
#20=CIRCLE('',#1656,0.0064872999746);
#21=CIRCLE('',#1657,0.0064872999746);
#22=CIRCLE('',#1660,0.00648729997459998);
#23=CIRCLE('',#1661,0.00648729997459998);
#24=CIRCLE('',#1664,0.00548729997459988);
#25=CIRCLE('',#1665,0.0054872999746);
#26=CIRCLE('',#1666,0.0054872999746);
#27=CIRCLE('',#1667,0.00548729997459998);
#28=CIRCLE('',#1668,0.00325);
#29=CIRCLE('',#1669,0.00325);
#30=CIRCLE('',#1670,0.00325);
#31=CIRCLE('',#1671,0.00325);
#32=CIRCLE('',#1673,0.0034872999746);
#33=CIRCLE('',#1674,0.0034872999746);
#34=CIRCLE('',#1675,0.00348729997459999);
#35=CIRCLE('',#1676,0.00348729997459988);
#36=CIRCLE('',#1678,0.0016);
#37=CIRCLE('',#1679,0.0016);
#38=CIRCLE('',#1680,0.0016);
#39=CIRCLE('',#1681,0.0016);
#40=CIRCLE('',#1682,0.00348729997459988);
#41=CIRCLE('',#1683,0.00348729997459999);
#42=CIRCLE('',#1684,0.0034872999746);
#43=CIRCLE('',#1685,0.0034872999746);
#44=CIRCLE('',#1704,0.0016);
#45=CIRCLE('',#1706,0.00325);
#46=CIRCLE('',#1709,0.0016);
#47=CIRCLE('',#1711,0.00325);
#48=CIRCLE('',#1714,0.0016);
#49=CIRCLE('',#1716,0.00325);
#50=CIRCLE('',#1719,0.0016);
#51=CIRCLE('',#1721,0.00325);
#52=CIRCLE('',#1748,0.001);
#53=CIRCLE('',#1749,0.001);
#54=CIRCLE('',#1751,0.001);
#55=CIRCLE('',#1753,0.001);
#56=CIRCLE('',#1755,0.001);
#57=CIRCLE('',#1757,0.001);
#58=CIRCLE('',#1759,0.001);
#59=CIRCLE('',#1761,0.001);
#60=CYLINDRICAL_SURFACE('',#1647,0.00648729997459988);
#61=CYLINDRICAL_SURFACE('',#1651,0.0064872999746);
#62=CYLINDRICAL_SURFACE('',#1655,0.0064872999746);
#63=CYLINDRICAL_SURFACE('',#1659,0.00648729997459998);
#64=CYLINDRICAL_SURFACE('',#1686,0.0034872999746);
#65=CYLINDRICAL_SURFACE('',#1689,0.0034872999746);
#66=CYLINDRICAL_SURFACE('',#1691,0.00348729997459999);
#67=CYLINDRICAL_SURFACE('',#1693,0.00348729997459988);
#68=CYLINDRICAL_SURFACE('',#1703,0.0016);
#69=CYLINDRICAL_SURFACE('',#1707,0.00325);
#70=CYLINDRICAL_SURFACE('',#1708,0.0016);
#71=CYLINDRICAL_SURFACE('',#1712,0.00325);
#72=CYLINDRICAL_SURFACE('',#1713,0.0016);
#73=CYLINDRICAL_SURFACE('',#1717,0.00325);
#74=CYLINDRICAL_SURFACE('',#1718,0.0016);
#75=CYLINDRICAL_SURFACE('',#1722,0.00325);
#76=CYLINDRICAL_SURFACE('',#1750,0.001);
#77=CYLINDRICAL_SURFACE('',#1752,0.001);
#78=CYLINDRICAL_SURFACE('',#1758,0.001);
#79=CYLINDRICAL_SURFACE('',#1760,0.001);
#80=ORIENTED_EDGE('',*,*,#524,.F.);
#81=ORIENTED_EDGE('',*,*,#525,.T.);
#82=ORIENTED_EDGE('',*,*,#526,.F.);
#83=ORIENTED_EDGE('',*,*,#527,.F.);
#84=ORIENTED_EDGE('',*,*,#528,.T.);
#85=ORIENTED_EDGE('',*,*,#529,.T.);
#86=ORIENTED_EDGE('',*,*,#530,.F.);
#87=ORIENTED_EDGE('',*,*,#531,.F.);
#88=ORIENTED_EDGE('',*,*,#532,.T.);
#89=ORIENTED_EDGE('',*,*,#533,.T.);
#90=ORIENTED_EDGE('',*,*,#534,.T.);
#91=ORIENTED_EDGE('',*,*,#535,.T.);
#92=ORIENTED_EDGE('',*,*,#536,.F.);
#93=ORIENTED_EDGE('',*,*,#537,.T.);
#94=ORIENTED_EDGE('',*,*,#538,.T.);
#95=ORIENTED_EDGE('',*,*,#539,.T.);
#96=ORIENTED_EDGE('',*,*,#540,.F.);
#97=ORIENTED_EDGE('',*,*,#541,.T.);
#98=ORIENTED_EDGE('',*,*,#542,.T.);
#99=ORIENTED_EDGE('',*,*,#543,.T.);
#100=ORIENTED_EDGE('',*,*,#544,.F.);
#101=ORIENTED_EDGE('',*,*,#545,.F.);
#102=ORIENTED_EDGE('',*,*,#546,.T.);
#103=ORIENTED_EDGE('',*,*,#547,.T.);
#104=ORIENTED_EDGE('',*,*,#541,.F.);
#105=ORIENTED_EDGE('',*,*,#548,.T.);
#106=ORIENTED_EDGE('',*,*,#528,.F.);
#107=ORIENTED_EDGE('',*,*,#549,.F.);
#108=ORIENTED_EDGE('',*,*,#544,.T.);
#109=ORIENTED_EDGE('',*,*,#550,.T.);
#110=ORIENTED_EDGE('',*,*,#533,.F.);
#111=ORIENTED_EDGE('',*,*,#551,.T.);
#112=ORIENTED_EDGE('',*,*,#552,.T.);
#113=ORIENTED_EDGE('',*,*,#553,.T.);
#114=ORIENTED_EDGE('',*,*,#554,.T.);
#115=ORIENTED_EDGE('',*,*,#555,.F.);
#116=ORIENTED_EDGE('',*,*,#556,.F.);
#117=ORIENTED_EDGE('',*,*,#557,.T.);
#118=ORIENTED_EDGE('',*,*,#558,.T.);
#119=ORIENTED_EDGE('',*,*,#559,.T.);
#120=ORIENTED_EDGE('',*,*,#560,.F.);
#121=ORIENTED_EDGE('',*,*,#561,.F.);
#122=ORIENTED_EDGE('',*,*,#562,.T.);
#123=ORIENTED_EDGE('',*,*,#563,.F.);
#124=ORIENTED_EDGE('',*,*,#564,.F.);
#125=ORIENTED_EDGE('',*,*,#565,.T.);
#126=ORIENTED_EDGE('',*,*,#566,.F.);
#127=ORIENTED_EDGE('',*,*,#567,.F.);
#128=ORIENTED_EDGE('',*,*,#568,.F.);
#129=ORIENTED_EDGE('',*,*,#569,.T.);
#130=ORIENTED_EDGE('',*,*,#570,.F.);
#131=ORIENTED_EDGE('',*,*,#571,.F.);
#132=ORIENTED_EDGE('',*,*,#572,.F.);
#133=ORIENTED_EDGE('',*,*,#573,.T.);
#134=ORIENTED_EDGE('',*,*,#574,.F.);
#135=ORIENTED_EDGE('',*,*,#575,.F.);
#136=ORIENTED_EDGE('',*,*,#576,.F.);
#137=ORIENTED_EDGE('',*,*,#577,.T.);
#138=ORIENTED_EDGE('',*,*,#578,.T.);
#139=ORIENTED_EDGE('',*,*,#579,.T.);
#140=ORIENTED_EDGE('',*,*,#580,.F.);
#141=ORIENTED_EDGE('',*,*,#581,.T.);
#142=ORIENTED_EDGE('',*,*,#576,.T.);
#143=ORIENTED_EDGE('',*,*,#582,.T.);
#144=ORIENTED_EDGE('',*,*,#583,.F.);
#145=ORIENTED_EDGE('',*,*,#584,.T.);
#146=ORIENTED_EDGE('',*,*,#585,.T.);
#147=ORIENTED_EDGE('',*,*,#586,.T.);
#148=ORIENTED_EDGE('',*,*,#546,.F.);
#149=ORIENTED_EDGE('',*,*,#587,.T.);
#150=ORIENTED_EDGE('',*,*,#531,.T.);
#151=ORIENTED_EDGE('',*,*,#588,.T.);
#152=ORIENTED_EDGE('',*,*,#589,.F.);
#153=ORIENTED_EDGE('',*,*,#590,.T.);
#154=ORIENTED_EDGE('',*,*,#591,.T.);
#155=ORIENTED_EDGE('',*,*,#592,.T.);
#156=ORIENTED_EDGE('',*,*,#593,.F.);
#157=ORIENTED_EDGE('',*,*,#594,.T.);
#158=ORIENTED_EDGE('',*,*,#580,.T.);
#159=ORIENTED_EDGE('',*,*,#595,.T.);
#160=ORIENTED_EDGE('',*,*,#596,.F.);
#161=ORIENTED_EDGE('',*,*,#597,.T.);
#162=ORIENTED_EDGE('',*,*,#593,.T.);
#163=ORIENTED_EDGE('',*,*,#598,.T.);
#164=ORIENTED_EDGE('',*,*,#599,.F.);
#165=ORIENTED_EDGE('',*,*,#600,.T.);
#166=ORIENTED_EDGE('',*,*,#596,.T.);
#167=ORIENTED_EDGE('',*,*,#601,.T.);
#168=ORIENTED_EDGE('',*,*,#602,.F.);
#169=ORIENTED_EDGE('',*,*,#603,.T.);
#170=ORIENTED_EDGE('',*,*,#599,.T.);
#171=ORIENTED_EDGE('',*,*,#604,.T.);
#172=ORIENTED_EDGE('',*,*,#605,.F.);
#173=ORIENTED_EDGE('',*,*,#606,.T.);
#174=ORIENTED_EDGE('',*,*,#602,.T.);
#175=ORIENTED_EDGE('',*,*,#607,.T.);
#176=ORIENTED_EDGE('',*,*,#578,.F.);
#177=ORIENTED_EDGE('',*,*,#608,.T.);
#178=ORIENTED_EDGE('',*,*,#605,.T.);
#179=ORIENTED_EDGE('',*,*,#609,.T.);
#180=ORIENTED_EDGE('',*,*,#610,.F.);
#181=ORIENTED_EDGE('',*,*,#611,.T.);
#182=ORIENTED_EDGE('',*,*,#612,.F.);
#183=ORIENTED_EDGE('',*,*,#613,.T.);
#184=ORIENTED_EDGE('',*,*,#614,.T.);
#185=ORIENTED_EDGE('',*,*,#615,.T.);
#186=ORIENTED_EDGE('',*,*,#616,.T.);
#187=ORIENTED_EDGE('',*,*,#617,.T.);
#188=ORIENTED_EDGE('',*,*,#618,.T.);
#189=ORIENTED_EDGE('',*,*,#619,.T.);
#190=ORIENTED_EDGE('',*,*,#620,.T.);
#191=ORIENTED_EDGE('',*,*,#621,.T.);
#192=ORIENTED_EDGE('',*,*,#622,.T.);
#193=ORIENTED_EDGE('',*,*,#623,.T.);
#194=ORIENTED_EDGE('',*,*,#624,.T.);
#195=ORIENTED_EDGE('',*,*,#625,.T.);
#196=ORIENTED_EDGE('',*,*,#626,.T.);
#197=ORIENTED_EDGE('',*,*,#627,.T.);
#198=ORIENTED_EDGE('',*,*,#628,.T.);
#199=ORIENTED_EDGE('',*,*,#629,.T.);
#200=ORIENTED_EDGE('',*,*,#630,.T.);
#201=ORIENTED_EDGE('',*,*,#631,.T.);
#202=ORIENTED_EDGE('',*,*,#632,.F.);
#203=ORIENTED_EDGE('',*,*,#633,.T.);
#204=ORIENTED_EDGE('',*,*,#582,.F.);
#205=ORIENTED_EDGE('',*,*,#579,.F.);
#206=ORIENTED_EDGE('',*,*,#615,.F.);
#207=ORIENTED_EDGE('',*,*,#634,.T.);
#208=ORIENTED_EDGE('',*,*,#635,.T.);
#209=ORIENTED_EDGE('',*,*,#636,.T.);
#210=ORIENTED_EDGE('',*,*,#609,.F.);
#211=ORIENTED_EDGE('',*,*,#607,.F.);
#212=ORIENTED_EDGE('',*,*,#604,.F.);
#213=ORIENTED_EDGE('',*,*,#601,.F.);
#214=ORIENTED_EDGE('',*,*,#598,.F.);
#215=ORIENTED_EDGE('',*,*,#595,.F.);
#216=ORIENTED_EDGE('',*,*,#592,.F.);
#217=ORIENTED_EDGE('',*,*,#637,.T.);
#218=ORIENTED_EDGE('',*,*,#559,.F.);
#219=ORIENTED_EDGE('',*,*,#638,.F.);
#220=ORIENTED_EDGE('',*,*,#639,.F.);
#221=ORIENTED_EDGE('',*,*,#640,.F.);
#222=ORIENTED_EDGE('',*,*,#641,.F.);
#223=ORIENTED_EDGE('',*,*,#642,.F.);
#224=ORIENTED_EDGE('',*,*,#643,.F.);
#225=ORIENTED_EDGE('',*,*,#644,.F.);
#226=ORIENTED_EDGE('',*,*,#645,.F.);
#227=ORIENTED_EDGE('',*,*,#646,.F.);
#228=ORIENTED_EDGE('',*,*,#647,.F.);
#229=ORIENTED_EDGE('',*,*,#648,.F.);
#230=ORIENTED_EDGE('',*,*,#537,.F.);
#231=ORIENTED_EDGE('',*,*,#649,.T.);
#232=ORIENTED_EDGE('',*,*,#524,.T.);
#233=ORIENTED_EDGE('',*,*,#650,.T.);
#234=ORIENTED_EDGE('',*,*,#651,.F.);
#235=ORIENTED_EDGE('',*,*,#564,.T.);
#236=ORIENTED_EDGE('',*,*,#652,.T.);
#237=ORIENTED_EDGE('',*,*,#653,.F.);
#238=ORIENTED_EDGE('',*,*,#568,.T.);
#239=ORIENTED_EDGE('',*,*,#654,.T.);
#240=ORIENTED_EDGE('',*,*,#655,.F.);
#241=ORIENTED_EDGE('',*,*,#572,.T.);
#242=ORIENTED_EDGE('',*,*,#656,.T.);
#243=ORIENTED_EDGE('',*,*,#657,.F.);
#244=ORIENTED_EDGE('',*,*,#561,.T.);
#245=ORIENTED_EDGE('',*,*,#658,.F.);
#246=ORIENTED_EDGE('',*,*,#552,.F.);
#247=ORIENTED_EDGE('',*,*,#659,.F.);
#248=ORIENTED_EDGE('',*,*,#660,.F.);
#249=ORIENTED_EDGE('',*,*,#661,.F.);
#250=ORIENTED_EDGE('',*,*,#662,.F.);
#251=ORIENTED_EDGE('',*,*,#663,.F.);
#252=ORIENTED_EDGE('',*,*,#664,.F.);
#253=ORIENTED_EDGE('',*,*,#665,.F.);
#254=ORIENTED_EDGE('',*,*,#666,.F.);
#255=ORIENTED_EDGE('',*,*,#667,.F.);
#256=ORIENTED_EDGE('',*,*,#557,.F.);
#257=ORIENTED_EDGE('',*,*,#668,.F.);
#258=ORIENTED_EDGE('',*,*,#558,.F.);
#259=ORIENTED_EDGE('',*,*,#667,.T.);
#260=ORIENTED_EDGE('',*,*,#669,.T.);
#261=ORIENTED_EDGE('',*,*,#638,.T.);
#262=ORIENTED_EDGE('',*,*,#660,.T.);
#263=ORIENTED_EDGE('',*,*,#670,.T.);
#264=ORIENTED_EDGE('',*,*,#632,.T.);
#265=ORIENTED_EDGE('',*,*,#671,.F.);
#266=ORIENTED_EDGE('',*,*,#669,.F.);
#267=ORIENTED_EDGE('',*,*,#666,.T.);
#268=ORIENTED_EDGE('',*,*,#672,.T.);
#269=ORIENTED_EDGE('',*,*,#639,.T.);
#270=ORIENTED_EDGE('',*,*,#672,.F.);
#271=ORIENTED_EDGE('',*,*,#665,.T.);
#272=ORIENTED_EDGE('',*,*,#673,.T.);
#273=ORIENTED_EDGE('',*,*,#640,.T.);
#274=ORIENTED_EDGE('',*,*,#673,.F.);
#275=ORIENTED_EDGE('',*,*,#664,.T.);
#276=ORIENTED_EDGE('',*,*,#674,.T.);
#277=ORIENTED_EDGE('',*,*,#641,.T.);
#278=ORIENTED_EDGE('',*,*,#674,.F.);
#279=ORIENTED_EDGE('',*,*,#663,.T.);
#280=ORIENTED_EDGE('',*,*,#675,.T.);
#281=ORIENTED_EDGE('',*,*,#642,.T.);
#282=ORIENTED_EDGE('',*,*,#675,.F.);
#283=ORIENTED_EDGE('',*,*,#662,.T.);
#284=ORIENTED_EDGE('',*,*,#676,.T.);
#285=ORIENTED_EDGE('',*,*,#643,.T.);
#286=ORIENTED_EDGE('',*,*,#676,.F.);
#287=ORIENTED_EDGE('',*,*,#661,.T.);
#288=ORIENTED_EDGE('',*,*,#671,.T.);
#289=ORIENTED_EDGE('',*,*,#644,.T.);
#290=ORIENTED_EDGE('',*,*,#677,.F.);
#291=ORIENTED_EDGE('',*,*,#678,.T.);
#292=ORIENTED_EDGE('',*,*,#679,.T.);
#293=ORIENTED_EDGE('',*,*,#680,.F.);
#294=ORIENTED_EDGE('',*,*,#681,.F.);
#295=ORIENTED_EDGE('',*,*,#682,.T.);
#296=ORIENTED_EDGE('',*,*,#526,.T.);
#297=ORIENTED_EDGE('',*,*,#683,.F.);
#298=ORIENTED_EDGE('',*,*,#539,.F.);
#299=ORIENTED_EDGE('',*,*,#684,.F.);
#300=ORIENTED_EDGE('',*,*,#588,.F.);
#301=ORIENTED_EDGE('',*,*,#530,.T.);
#302=ORIENTED_EDGE('',*,*,#685,.T.);
#303=ORIENTED_EDGE('',*,*,#547,.F.);
#304=ORIENTED_EDGE('',*,*,#586,.F.);
#305=ORIENTED_EDGE('',*,*,#686,.F.);
#306=ORIENTED_EDGE('',*,*,#554,.F.);
#307=ORIENTED_EDGE('',*,*,#687,.T.);
#308=ORIENTED_EDGE('',*,*,#563,.T.);
#309=ORIENTED_EDGE('',*,*,#688,.F.);
#310=ORIENTED_EDGE('',*,*,#689,.T.);
#311=ORIENTED_EDGE('',*,*,#574,.T.);
#312=ORIENTED_EDGE('',*,*,#690,.F.);
#313=ORIENTED_EDGE('',*,*,#691,.T.);
#314=ORIENTED_EDGE('',*,*,#570,.T.);
#315=ORIENTED_EDGE('',*,*,#692,.F.);
#316=ORIENTED_EDGE('',*,*,#693,.T.);
#317=ORIENTED_EDGE('',*,*,#566,.T.);
#318=ORIENTED_EDGE('',*,*,#656,.F.);
#319=ORIENTED_EDGE('',*,*,#575,.T.);
#320=ORIENTED_EDGE('',*,*,#689,.F.);
#321=ORIENTED_EDGE('',*,*,#694,.F.);
#322=ORIENTED_EDGE('',*,*,#562,.F.);
#323=ORIENTED_EDGE('',*,*,#657,.T.);
#324=ORIENTED_EDGE('',*,*,#694,.T.);
#325=ORIENTED_EDGE('',*,*,#688,.T.);
#326=ORIENTED_EDGE('',*,*,#654,.F.);
#327=ORIENTED_EDGE('',*,*,#571,.T.);
#328=ORIENTED_EDGE('',*,*,#691,.F.);
#329=ORIENTED_EDGE('',*,*,#695,.F.);
#330=ORIENTED_EDGE('',*,*,#573,.F.);
#331=ORIENTED_EDGE('',*,*,#655,.T.);
#332=ORIENTED_EDGE('',*,*,#695,.T.);
#333=ORIENTED_EDGE('',*,*,#690,.T.);
#334=ORIENTED_EDGE('',*,*,#652,.F.);
#335=ORIENTED_EDGE('',*,*,#567,.T.);
#336=ORIENTED_EDGE('',*,*,#693,.F.);
#337=ORIENTED_EDGE('',*,*,#696,.F.);
#338=ORIENTED_EDGE('',*,*,#569,.F.);
#339=ORIENTED_EDGE('',*,*,#653,.T.);
#340=ORIENTED_EDGE('',*,*,#696,.T.);
#341=ORIENTED_EDGE('',*,*,#692,.T.);
#342=ORIENTED_EDGE('',*,*,#650,.F.);
#343=ORIENTED_EDGE('',*,*,#527,.T.);
#344=ORIENTED_EDGE('',*,*,#682,.F.);
#345=ORIENTED_EDGE('',*,*,#697,.F.);
#346=ORIENTED_EDGE('',*,*,#565,.F.);
#347=ORIENTED_EDGE('',*,*,#651,.T.);
#348=ORIENTED_EDGE('',*,*,#697,.T.);
#349=ORIENTED_EDGE('',*,*,#681,.T.);
#350=ORIENTED_EDGE('',*,*,#648,.T.);
#351=ORIENTED_EDGE('',*,*,#698,.F.);
#352=ORIENTED_EDGE('',*,*,#698,.T.);
#353=ORIENTED_EDGE('',*,*,#699,.F.);
#354=ORIENTED_EDGE('',*,*,#699,.T.);
#355=ORIENTED_EDGE('',*,*,#631,.F.);
#356=ORIENTED_EDGE('',*,*,#647,.T.);
#357=ORIENTED_EDGE('',*,*,#700,.F.);
#358=ORIENTED_EDGE('',*,*,#700,.T.);
#359=ORIENTED_EDGE('',*,*,#701,.F.);
#360=ORIENTED_EDGE('',*,*,#701,.T.);
#361=ORIENTED_EDGE('',*,*,#630,.F.);
#362=ORIENTED_EDGE('',*,*,#646,.T.);
#363=ORIENTED_EDGE('',*,*,#702,.F.);
#364=ORIENTED_EDGE('',*,*,#702,.T.);
#365=ORIENTED_EDGE('',*,*,#703,.F.);
#366=ORIENTED_EDGE('',*,*,#703,.T.);
#367=ORIENTED_EDGE('',*,*,#629,.F.);
#368=ORIENTED_EDGE('',*,*,#645,.T.);
#369=ORIENTED_EDGE('',*,*,#704,.F.);
#370=ORIENTED_EDGE('',*,*,#704,.T.);
#371=ORIENTED_EDGE('',*,*,#705,.F.);
#372=ORIENTED_EDGE('',*,*,#705,.T.);
#373=ORIENTED_EDGE('',*,*,#628,.F.);
#374=ORIENTED_EDGE('',*,*,#706,.T.);
#375=ORIENTED_EDGE('',*,*,#707,.T.);
#376=ORIENTED_EDGE('',*,*,#708,.F.);
#377=ORIENTED_EDGE('',*,*,#678,.F.);
#378=ORIENTED_EDGE('',*,*,#709,.T.);
#379=ORIENTED_EDGE('',*,*,#710,.T.);
#380=ORIENTED_EDGE('',*,*,#706,.F.);
#381=ORIENTED_EDGE('',*,*,#677,.T.);
#382=ORIENTED_EDGE('',*,*,#708,.T.);
#383=ORIENTED_EDGE('',*,*,#711,.T.);
#384=ORIENTED_EDGE('',*,*,#712,.F.);
#385=ORIENTED_EDGE('',*,*,#679,.F.);
#386=ORIENTED_EDGE('',*,*,#712,.T.);
#387=ORIENTED_EDGE('',*,*,#713,.T.);
#388=ORIENTED_EDGE('',*,*,#709,.F.);
#389=ORIENTED_EDGE('',*,*,#680,.T.);
#390=ORIENTED_EDGE('',*,*,#612,.T.);
#391=ORIENTED_EDGE('',*,*,#714,.T.);
#392=ORIENTED_EDGE('',*,*,#715,.F.);
#393=ORIENTED_EDGE('',*,*,#716,.F.);
#394=ORIENTED_EDGE('',*,*,#614,.F.);
#395=ORIENTED_EDGE('',*,*,#717,.T.);
#396=ORIENTED_EDGE('',*,*,#718,.T.);
#397=ORIENTED_EDGE('',*,*,#634,.F.);
#398=ORIENTED_EDGE('',*,*,#718,.F.);
#399=ORIENTED_EDGE('',*,*,#719,.T.);
#400=ORIENTED_EDGE('',*,*,#715,.T.);
#401=ORIENTED_EDGE('',*,*,#720,.T.);
#402=ORIENTED_EDGE('',*,*,#721,.T.);
#403=ORIENTED_EDGE('',*,*,#635,.F.);
#404=ORIENTED_EDGE('',*,*,#717,.F.);
#405=ORIENTED_EDGE('',*,*,#613,.F.);
#406=ORIENTED_EDGE('',*,*,#716,.T.);
#407=ORIENTED_EDGE('',*,*,#719,.F.);
#408=ORIENTED_EDGE('',*,*,#636,.F.);
#409=ORIENTED_EDGE('',*,*,#721,.F.);
#410=ORIENTED_EDGE('',*,*,#722,.T.);
#411=ORIENTED_EDGE('',*,*,#610,.T.);
#412=ORIENTED_EDGE('',*,*,#722,.F.);
#413=ORIENTED_EDGE('',*,*,#720,.F.);
#414=ORIENTED_EDGE('',*,*,#714,.F.);
#415=ORIENTED_EDGE('',*,*,#611,.F.);
#416=ORIENTED_EDGE('',*,*,#684,.T.);
#417=ORIENTED_EDGE('',*,*,#538,.F.);
#418=ORIENTED_EDGE('',*,*,#723,.F.);
#419=ORIENTED_EDGE('',*,*,#724,.F.);
#420=ORIENTED_EDGE('',*,*,#589,.T.);
#421=ORIENTED_EDGE('',*,*,#723,.T.);
#422=ORIENTED_EDGE('',*,*,#668,.T.);
#423=ORIENTED_EDGE('',*,*,#725,.F.);
#424=ORIENTED_EDGE('',*,*,#726,.T.);
#425=ORIENTED_EDGE('',*,*,#637,.F.);
#426=ORIENTED_EDGE('',*,*,#591,.F.);
#427=ORIENTED_EDGE('',*,*,#727,.T.);
#428=ORIENTED_EDGE('',*,*,#725,.T.);
#429=ORIENTED_EDGE('',*,*,#556,.T.);
#430=ORIENTED_EDGE('',*,*,#590,.F.);
#431=ORIENTED_EDGE('',*,*,#724,.T.);
#432=ORIENTED_EDGE('',*,*,#726,.F.);
#433=ORIENTED_EDGE('',*,*,#727,.F.);
#434=ORIENTED_EDGE('',*,*,#633,.F.);
#435=ORIENTED_EDGE('',*,*,#670,.F.);
#436=ORIENTED_EDGE('',*,*,#728,.F.);
#437=ORIENTED_EDGE('',*,*,#729,.T.);
#438=ORIENTED_EDGE('',*,*,#583,.T.);
#439=ORIENTED_EDGE('',*,*,#728,.T.);
#440=ORIENTED_EDGE('',*,*,#659,.T.);
#441=ORIENTED_EDGE('',*,*,#730,.F.);
#442=ORIENTED_EDGE('',*,*,#731,.T.);
#443=ORIENTED_EDGE('',*,*,#686,.T.);
#444=ORIENTED_EDGE('',*,*,#585,.F.);
#445=ORIENTED_EDGE('',*,*,#732,.F.);
#446=ORIENTED_EDGE('',*,*,#730,.T.);
#447=ORIENTED_EDGE('',*,*,#555,.T.);
#448=ORIENTED_EDGE('',*,*,#729,.F.);
#449=ORIENTED_EDGE('',*,*,#731,.F.);
#450=ORIENTED_EDGE('',*,*,#732,.T.);
#451=ORIENTED_EDGE('',*,*,#584,.F.);
#452=ORIENTED_EDGE('',*,*,#587,.F.);
#453=ORIENTED_EDGE('',*,*,#545,.T.);
#454=ORIENTED_EDGE('',*,*,#551,.F.);
#455=ORIENTED_EDGE('',*,*,#532,.F.);
#456=ORIENTED_EDGE('',*,*,#549,.T.);
#457=ORIENTED_EDGE('',*,*,#535,.F.);
#458=ORIENTED_EDGE('',*,*,#733,.F.);
#459=ORIENTED_EDGE('',*,*,#542,.F.);
#460=ORIENTED_EDGE('',*,*,#733,.T.);
#461=ORIENTED_EDGE('',*,*,#534,.F.);
#462=ORIENTED_EDGE('',*,*,#550,.F.);
#463=ORIENTED_EDGE('',*,*,#543,.F.);
#464=ORIENTED_EDGE('',*,*,#649,.F.);
#465=ORIENTED_EDGE('',*,*,#536,.T.);
#466=ORIENTED_EDGE('',*,*,#683,.T.);
#467=ORIENTED_EDGE('',*,*,#525,.F.);
#468=ORIENTED_EDGE('',*,*,#658,.T.);
#469=ORIENTED_EDGE('',*,*,#560,.T.);
#470=ORIENTED_EDGE('',*,*,#687,.F.);
#471=ORIENTED_EDGE('',*,*,#553,.F.);
#472=ORIENTED_EDGE('',*,*,#540,.T.);
#473=ORIENTED_EDGE('',*,*,#685,.F.);
#474=ORIENTED_EDGE('',*,*,#529,.F.);
#475=ORIENTED_EDGE('',*,*,#548,.F.);
#476=ORIENTED_EDGE('',*,*,#734,.F.);
#477=ORIENTED_EDGE('',*,*,#600,.F.);
#478=ORIENTED_EDGE('',*,*,#735,.F.);
#479=ORIENTED_EDGE('',*,*,#625,.F.);
#480=ORIENTED_EDGE('',*,*,#735,.T.);
#481=ORIENTED_EDGE('',*,*,#603,.F.);
#482=ORIENTED_EDGE('',*,*,#736,.F.);
#483=ORIENTED_EDGE('',*,*,#626,.F.);
#484=ORIENTED_EDGE('',*,*,#734,.T.);
#485=ORIENTED_EDGE('',*,*,#624,.F.);
#486=ORIENTED_EDGE('',*,*,#737,.F.);
#487=ORIENTED_EDGE('',*,*,#597,.F.);
#488=ORIENTED_EDGE('',*,*,#736,.T.);
#489=ORIENTED_EDGE('',*,*,#606,.F.);
#490=ORIENTED_EDGE('',*,*,#738,.F.);
#491=ORIENTED_EDGE('',*,*,#627,.F.);
#492=ORIENTED_EDGE('',*,*,#737,.T.);
#493=ORIENTED_EDGE('',*,*,#623,.F.);
#494=ORIENTED_EDGE('',*,*,#739,.F.);
#495=ORIENTED_EDGE('',*,*,#594,.F.);
#496=ORIENTED_EDGE('',*,*,#738,.T.);
#497=ORIENTED_EDGE('',*,*,#608,.F.);
#498=ORIENTED_EDGE('',*,*,#740,.F.);
#499=ORIENTED_EDGE('',*,*,#620,.F.);
#500=ORIENTED_EDGE('',*,*,#739,.T.);
#501=ORIENTED_EDGE('',*,*,#622,.F.);
#502=ORIENTED_EDGE('',*,*,#741,.F.);
#503=ORIENTED_EDGE('',*,*,#581,.F.);
#504=ORIENTED_EDGE('',*,*,#740,.T.);
#505=ORIENTED_EDGE('',*,*,#577,.F.);
#506=ORIENTED_EDGE('',*,*,#741,.T.);
#507=ORIENTED_EDGE('',*,*,#621,.F.);
#508=ORIENTED_EDGE('',*,*,#742,.F.);
#509=ORIENTED_EDGE('',*,*,#713,.F.);
#510=ORIENTED_EDGE('',*,*,#743,.F.);
#511=ORIENTED_EDGE('',*,*,#619,.F.);
#512=ORIENTED_EDGE('',*,*,#743,.T.);
#513=ORIENTED_EDGE('',*,*,#711,.F.);
#514=ORIENTED_EDGE('',*,*,#744,.F.);
#515=ORIENTED_EDGE('',*,*,#616,.F.);
#516=ORIENTED_EDGE('',*,*,#742,.T.);
#517=ORIENTED_EDGE('',*,*,#618,.F.);
#518=ORIENTED_EDGE('',*,*,#745,.F.);
#519=ORIENTED_EDGE('',*,*,#710,.F.);
#520=ORIENTED_EDGE('',*,*,#744,.T.);
#521=ORIENTED_EDGE('',*,*,#707,.F.);
#522=ORIENTED_EDGE('',*,*,#745,.T.);
#523=ORIENTED_EDGE('',*,*,#617,.F.);
#524=EDGE_CURVE('',#746,#747,#894,.T.);
#525=EDGE_CURVE('',#746,#748,#895,.T.);
#526=EDGE_CURVE('',#749,#748,#896,.T.);
#527=EDGE_CURVE('',#747,#749,#897,.T.);
#528=EDGE_CURVE('',#750,#751,#898,.T.);
#529=EDGE_CURVE('',#751,#752,#899,.T.);
#530=EDGE_CURVE('',#753,#752,#900,.T.);
#531=EDGE_CURVE('',#754,#753,#901,.T.);
#532=EDGE_CURVE('',#754,#755,#902,.T.);
#533=EDGE_CURVE('',#755,#756,#903,.T.);
#534=EDGE_CURVE('',#756,#757,#904,.T.);
#535=EDGE_CURVE('',#757,#750,#905,.T.);
#536=EDGE_CURVE('',#758,#759,#906,.T.);
#537=EDGE_CURVE('',#758,#760,#907,.T.);
#538=EDGE_CURVE('',#760,#761,#908,.T.);
#539=EDGE_CURVE('',#761,#759,#909,.T.);
#540=EDGE_CURVE('',#762,#763,#910,.T.);
#541=EDGE_CURVE('',#762,#764,#911,.T.);
#542=EDGE_CURVE('',#764,#765,#912,.T.);
#543=EDGE_CURVE('',#765,#766,#913,.T.);
#544=EDGE_CURVE('',#767,#766,#914,.T.);
#545=EDGE_CURVE('',#768,#767,#915,.T.);
#546=EDGE_CURVE('',#768,#769,#916,.T.);
#547=EDGE_CURVE('',#769,#763,#917,.T.);
#548=EDGE_CURVE('',#762,#751,#918,.T.);
#549=EDGE_CURVE('',#764,#750,#919,.T.);
#550=EDGE_CURVE('',#766,#756,#920,.T.);
#551=EDGE_CURVE('',#755,#767,#921,.T.);
#552=EDGE_CURVE('',#770,#771,#922,.T.);
#553=EDGE_CURVE('',#771,#772,#923,.T.);
#554=EDGE_CURVE('',#772,#773,#924,.T.);
#555=EDGE_CURVE('',#770,#773,#925,.T.);
#556=EDGE_CURVE('',#774,#775,#926,.T.);
#557=EDGE_CURVE('',#774,#776,#927,.T.);
#558=EDGE_CURVE('',#776,#777,#928,.T.);
#559=EDGE_CURVE('',#777,#775,#929,.T.);
#560=EDGE_CURVE('',#778,#779,#930,.T.);
#561=EDGE_CURVE('',#780,#778,#931,.T.);
#562=EDGE_CURVE('',#780,#781,#932,.T.);
#563=EDGE_CURVE('',#779,#781,#933,.T.);
#564=EDGE_CURVE('',#782,#783,#934,.T.);
#565=EDGE_CURVE('',#782,#784,#935,.T.);
#566=EDGE_CURVE('',#785,#784,#936,.T.);
#567=EDGE_CURVE('',#783,#785,#937,.T.);
#568=EDGE_CURVE('',#786,#787,#938,.T.);
#569=EDGE_CURVE('',#786,#788,#939,.T.);
#570=EDGE_CURVE('',#789,#788,#940,.T.);
#571=EDGE_CURVE('',#787,#789,#941,.T.);
#572=EDGE_CURVE('',#790,#791,#942,.T.);
#573=EDGE_CURVE('',#790,#792,#943,.T.);
#574=EDGE_CURVE('',#793,#792,#944,.T.);
#575=EDGE_CURVE('',#791,#793,#945,.T.);
#576=EDGE_CURVE('',#794,#795,#946,.T.);
#577=EDGE_CURVE('',#794,#796,#16,.F.);
#578=EDGE_CURVE('',#796,#797,#947,.T.);
#579=EDGE_CURVE('',#797,#795,#17,.T.);
#580=EDGE_CURVE('',#798,#799,#948,.T.);
#581=EDGE_CURVE('',#798,#794,#949,.F.);
#582=EDGE_CURVE('',#795,#800,#950,.T.);
#583=EDGE_CURVE('',#801,#800,#951,.T.);
#584=EDGE_CURVE('',#801,#802,#952,.T.);
#585=EDGE_CURVE('',#802,#803,#953,.T.);
#586=EDGE_CURVE('',#803,#769,#954,.T.);
#587=EDGE_CURVE('',#768,#754,#955,.T.);
#588=EDGE_CURVE('',#753,#804,#956,.T.);
#589=EDGE_CURVE('',#805,#804,#957,.T.);
#590=EDGE_CURVE('',#805,#806,#958,.T.);
#591=EDGE_CURVE('',#806,#807,#959,.T.);
#592=EDGE_CURVE('',#807,#799,#960,.T.);
#593=EDGE_CURVE('',#808,#809,#961,.T.);
#594=EDGE_CURVE('',#808,#798,#18,.F.);
#595=EDGE_CURVE('',#799,#809,#19,.T.);
#596=EDGE_CURVE('',#810,#811,#962,.T.);
#597=EDGE_CURVE('',#810,#808,#963,.F.);
#598=EDGE_CURVE('',#809,#811,#964,.T.);
#599=EDGE_CURVE('',#812,#813,#965,.T.);
#600=EDGE_CURVE('',#812,#810,#20,.F.);
#601=EDGE_CURVE('',#811,#813,#21,.T.);
#602=EDGE_CURVE('',#814,#815,#966,.T.);
#603=EDGE_CURVE('',#814,#812,#967,.F.);
#604=EDGE_CURVE('',#813,#815,#968,.T.);
#605=EDGE_CURVE('',#816,#817,#969,.T.);
#606=EDGE_CURVE('',#816,#814,#22,.F.);
#607=EDGE_CURVE('',#815,#817,#23,.T.);
#608=EDGE_CURVE('',#796,#816,#970,.F.);
#609=EDGE_CURVE('',#817,#818,#971,.T.);
#610=EDGE_CURVE('',#819,#818,#972,.T.);
#611=EDGE_CURVE('',#819,#820,#973,.T.);
#612=EDGE_CURVE('',#821,#820,#974,.T.);
#613=EDGE_CURVE('',#821,#822,#975,.T.);
#614=EDGE_CURVE('',#822,#823,#976,.T.);
#615=EDGE_CURVE('',#823,#797,#977,.T.);
#616=EDGE_CURVE('',#824,#825,#978,.T.);
#617=EDGE_CURVE('',#825,#826,#979,.T.);
#618=EDGE_CURVE('',#826,#827,#980,.T.);
#619=EDGE_CURVE('',#827,#824,#981,.T.);
#620=EDGE_CURVE('',#828,#829,#982,.T.);
#621=EDGE_CURVE('',#829,#830,#24,.T.);
#622=EDGE_CURVE('',#830,#831,#983,.T.);
#623=EDGE_CURVE('',#831,#832,#25,.T.);
#624=EDGE_CURVE('',#832,#833,#984,.T.);
#625=EDGE_CURVE('',#833,#834,#26,.T.);
#626=EDGE_CURVE('',#834,#835,#985,.T.);
#627=EDGE_CURVE('',#835,#828,#27,.T.);
#628=EDGE_CURVE('',#836,#836,#28,.T.);
#629=EDGE_CURVE('',#837,#837,#29,.T.);
#630=EDGE_CURVE('',#838,#838,#30,.T.);
#631=EDGE_CURVE('',#839,#839,#31,.T.);
#632=EDGE_CURVE('',#840,#841,#986,.T.);
#633=EDGE_CURVE('',#840,#800,#987,.T.);
#634=EDGE_CURVE('',#823,#842,#988,.T.);
#635=EDGE_CURVE('',#842,#843,#989,.T.);
#636=EDGE_CURVE('',#843,#818,#990,.T.);
#637=EDGE_CURVE('',#807,#775,#991,.T.);
#638=EDGE_CURVE('',#844,#777,#32,.T.);
#639=EDGE_CURVE('',#845,#844,#992,.T.);
#640=EDGE_CURVE('',#846,#845,#33,.T.);
#641=EDGE_CURVE('',#847,#846,#993,.T.);
#642=EDGE_CURVE('',#848,#847,#34,.T.);
#643=EDGE_CURVE('',#849,#848,#994,.T.);
#644=EDGE_CURVE('',#841,#849,#35,.T.);
#645=EDGE_CURVE('',#850,#850,#36,.T.);
#646=EDGE_CURVE('',#851,#851,#37,.T.);
#647=EDGE_CURVE('',#852,#852,#38,.T.);
#648=EDGE_CURVE('',#853,#853,#39,.T.);
#649=EDGE_CURVE('',#758,#746,#995,.T.);
#650=EDGE_CURVE('',#747,#854,#996,.T.);
#651=EDGE_CURVE('',#782,#854,#997,.T.);
#652=EDGE_CURVE('',#783,#855,#998,.T.);
#653=EDGE_CURVE('',#786,#855,#999,.T.);
#654=EDGE_CURVE('',#787,#856,#1000,.T.);
#655=EDGE_CURVE('',#790,#856,#1001,.T.);
#656=EDGE_CURVE('',#791,#857,#1002,.T.);
#657=EDGE_CURVE('',#780,#857,#1003,.T.);
#658=EDGE_CURVE('',#771,#778,#1004,.T.);
#659=EDGE_CURVE('',#858,#770,#1005,.T.);
#660=EDGE_CURVE('',#859,#858,#1006,.T.);
#661=EDGE_CURVE('',#860,#859,#40,.T.);
#662=EDGE_CURVE('',#861,#860,#1007,.T.);
#663=EDGE_CURVE('',#862,#861,#41,.T.);
#664=EDGE_CURVE('',#863,#862,#1008,.T.);
#665=EDGE_CURVE('',#864,#863,#42,.T.);
#666=EDGE_CURVE('',#865,#864,#1009,.T.);
#667=EDGE_CURVE('',#776,#865,#43,.T.);
#668=EDGE_CURVE('',#760,#774,#1010,.T.);
#669=EDGE_CURVE('',#865,#844,#1011,.T.);
#670=EDGE_CURVE('',#858,#840,#1012,.T.);
#671=EDGE_CURVE('',#859,#841,#1013,.T.);
#672=EDGE_CURVE('',#864,#845,#1014,.T.);
#673=EDGE_CURVE('',#863,#846,#1015,.T.);
#674=EDGE_CURVE('',#862,#847,#1016,.T.);
#675=EDGE_CURVE('',#861,#848,#1017,.T.);
#676=EDGE_CURVE('',#860,#849,#1018,.T.);
#677=EDGE_CURVE('',#866,#867,#1019,.T.);
#678=EDGE_CURVE('',#866,#868,#1020,.T.);
#679=EDGE_CURVE('',#868,#869,#1021,.T.);
#680=EDGE_CURVE('',#867,#869,#1022,.T.);
#681=EDGE_CURVE('',#870,#784,#1023,.T.);
#682=EDGE_CURVE('',#870,#749,#1024,.T.);
#683=EDGE_CURVE('',#759,#748,#1025,.T.);
#684=EDGE_CURVE('',#804,#761,#1026,.T.);
#685=EDGE_CURVE('',#752,#763,#1027,.T.);
#686=EDGE_CURVE('',#773,#803,#1028,.T.);
#687=EDGE_CURVE('',#772,#779,#1029,.T.);
#688=EDGE_CURVE('',#871,#781,#1030,.T.);
#689=EDGE_CURVE('',#871,#793,#1031,.T.);
#690=EDGE_CURVE('',#872,#792,#1032,.T.);
#691=EDGE_CURVE('',#872,#789,#1033,.T.);
#692=EDGE_CURVE('',#873,#788,#1034,.T.);
#693=EDGE_CURVE('',#873,#785,#1035,.T.);
#694=EDGE_CURVE('',#857,#871,#1036,.T.);
#695=EDGE_CURVE('',#856,#872,#1037,.T.);
#696=EDGE_CURVE('',#855,#873,#1038,.T.);
#697=EDGE_CURVE('',#854,#870,#1039,.T.);
#698=EDGE_CURVE('',#874,#874,#44,.T.);
#699=EDGE_CURVE('',#875,#875,#45,.T.);
#700=EDGE_CURVE('',#876,#876,#46,.T.);
#701=EDGE_CURVE('',#877,#877,#47,.T.);
#702=EDGE_CURVE('',#878,#878,#48,.T.);
#703=EDGE_CURVE('',#879,#879,#49,.T.);
#704=EDGE_CURVE('',#880,#880,#50,.T.);
#705=EDGE_CURVE('',#881,#881,#51,.T.);
#706=EDGE_CURVE('',#866,#882,#1040,.T.);
#707=EDGE_CURVE('',#882,#883,#1041,.T.);
#708=EDGE_CURVE('',#868,#883,#1042,.T.);
#709=EDGE_CURVE('',#867,#884,#1043,.T.);
#710=EDGE_CURVE('',#884,#882,#1044,.T.);
#711=EDGE_CURVE('',#883,#885,#1045,.T.);
#712=EDGE_CURVE('',#869,#885,#1046,.T.);
#713=EDGE_CURVE('',#885,#884,#1047,.T.);
#714=EDGE_CURVE('',#820,#886,#1048,.T.);
#715=EDGE_CURVE('',#887,#886,#1049,.T.);
#716=EDGE_CURVE('',#821,#887,#1050,.T.);
#717=EDGE_CURVE('',#822,#888,#1051,.T.);
#718=EDGE_CURVE('',#888,#842,#1052,.T.);
#719=EDGE_CURVE('',#888,#887,#1053,.T.);
#720=EDGE_CURVE('',#886,#889,#1054,.T.);
#721=EDGE_CURVE('',#889,#843,#1055,.T.);
#722=EDGE_CURVE('',#889,#819,#1056,.T.);
#723=EDGE_CURVE('',#890,#760,#1057,.T.);
#724=EDGE_CURVE('',#805,#890,#1058,.T.);
#725=EDGE_CURVE('',#891,#774,#1059,.T.);
#726=EDGE_CURVE('',#891,#890,#1060,.T.);
#727=EDGE_CURVE('',#806,#891,#1061,.T.);
#728=EDGE_CURVE('',#892,#858,#1062,.T.);
#729=EDGE_CURVE('',#892,#801,#1063,.T.);
#730=EDGE_CURVE('',#893,#770,#1064,.T.);
#731=EDGE_CURVE('',#893,#892,#1065,.T.);
#732=EDGE_CURVE('',#893,#802,#1066,.T.);
#733=EDGE_CURVE('',#765,#757,#1067,.T.);
#734=EDGE_CURVE('',#810,#833,#52,.T.);
#735=EDGE_CURVE('',#834,#812,#53,.T.);
#736=EDGE_CURVE('',#835,#814,#54,.T.);
#737=EDGE_CURVE('',#808,#832,#55,.T.);
#738=EDGE_CURVE('',#828,#816,#56,.T.);
#739=EDGE_CURVE('',#798,#831,#57,.T.);
#740=EDGE_CURVE('',#829,#796,#58,.T.);
#741=EDGE_CURVE('',#794,#830,#59,.T.);
#742=EDGE_CURVE('',#884,#827,#1068,.T.);
#743=EDGE_CURVE('',#824,#885,#1069,.T.);
#744=EDGE_CURVE('',#825,#883,#1070,.F.);
#745=EDGE_CURVE('',#882,#826,#1071,.T.);
#746=VERTEX_POINT('',#2214);
#747=VERTEX_POINT('',#2215);
#748=VERTEX_POINT('',#2217);
#749=VERTEX_POINT('',#2219);
#750=VERTEX_POINT('',#2223);
#751=VERTEX_POINT('',#2224);
#752=VERTEX_POINT('',#2226);
#753=VERTEX_POINT('',#2228);
#754=VERTEX_POINT('',#2230);
#755=VERTEX_POINT('',#2232);
#756=VERTEX_POINT('',#2234);
#757=VERTEX_POINT('',#2236);
#758=VERTEX_POINT('',#2240);
#759=VERTEX_POINT('',#2241);
#760=VERTEX_POINT('',#2243);
#761=VERTEX_POINT('',#2245);
#762=VERTEX_POINT('',#2249);
#763=VERTEX_POINT('',#2250);
#764=VERTEX_POINT('',#2252);
#765=VERTEX_POINT('',#2254);
#766=VERTEX_POINT('',#2256);
#767=VERTEX_POINT('',#2258);
#768=VERTEX_POINT('',#2260);
#769=VERTEX_POINT('',#2262);
#770=VERTEX_POINT('',#2272);
#771=VERTEX_POINT('',#2273);
#772=VERTEX_POINT('',#2275);
#773=VERTEX_POINT('',#2277);
#774=VERTEX_POINT('',#2281);
#775=VERTEX_POINT('',#2282);
#776=VERTEX_POINT('',#2284);
#777=VERTEX_POINT('',#2286);
#778=VERTEX_POINT('',#2290);
#779=VERTEX_POINT('',#2291);
#780=VERTEX_POINT('',#2293);
#781=VERTEX_POINT('',#2295);
#782=VERTEX_POINT('',#2299);
#783=VERTEX_POINT('',#2300);
#784=VERTEX_POINT('',#2302);
#785=VERTEX_POINT('',#2304);
#786=VERTEX_POINT('',#2308);
#787=VERTEX_POINT('',#2309);
#788=VERTEX_POINT('',#2311);
#789=VERTEX_POINT('',#2313);
#790=VERTEX_POINT('',#2317);
#791=VERTEX_POINT('',#2318);
#792=VERTEX_POINT('',#2320);
#793=VERTEX_POINT('',#2322);
#794=VERTEX_POINT('',#2326);
#795=VERTEX_POINT('',#2327);
#796=VERTEX_POINT('',#2329);
#797=VERTEX_POINT('',#2331);
#798=VERTEX_POINT('',#2335);
#799=VERTEX_POINT('',#2336);
#800=VERTEX_POINT('',#2339);
#801=VERTEX_POINT('',#2341);
#802=VERTEX_POINT('',#2343);
#803=VERTEX_POINT('',#2345);
#804=VERTEX_POINT('',#2349);
#805=VERTEX_POINT('',#2351);
#806=VERTEX_POINT('',#2353);
#807=VERTEX_POINT('',#2355);
#808=VERTEX_POINT('',#2359);
#809=VERTEX_POINT('',#2360);
#810=VERTEX_POINT('',#2365);
#811=VERTEX_POINT('',#2366);
#812=VERTEX_POINT('',#2371);
#813=VERTEX_POINT('',#2372);
#814=VERTEX_POINT('',#2377);
#815=VERTEX_POINT('',#2378);
#816=VERTEX_POINT('',#2383);
#817=VERTEX_POINT('',#2384);
#818=VERTEX_POINT('',#2390);
#819=VERTEX_POINT('',#2392);
#820=VERTEX_POINT('',#2394);
#821=VERTEX_POINT('',#2396);
#822=VERTEX_POINT('',#2398);
#823=VERTEX_POINT('',#2400);
#824=VERTEX_POINT('',#2404);
#825=VERTEX_POINT('',#2405);
#826=VERTEX_POINT('',#2407);
#827=VERTEX_POINT('',#2409);
#828=VERTEX_POINT('',#2412);
#829=VERTEX_POINT('',#2413);
#830=VERTEX_POINT('',#2415);
#831=VERTEX_POINT('',#2417);
#832=VERTEX_POINT('',#2419);
#833=VERTEX_POINT('',#2421);
#834=VERTEX_POINT('',#2423);
#835=VERTEX_POINT('',#2425);
#836=VERTEX_POINT('',#2428);
#837=VERTEX_POINT('',#2430);
#838=VERTEX_POINT('',#2432);
#839=VERTEX_POINT('',#2434);
#840=VERTEX_POINT('',#2437);
#841=VERTEX_POINT('',#2438);
#842=VERTEX_POINT('',#2441);
#843=VERTEX_POINT('',#2443);
#844=VERTEX_POINT('',#2447);
#845=VERTEX_POINT('',#2449);
#846=VERTEX_POINT('',#2451);
#847=VERTEX_POINT('',#2453);
#848=VERTEX_POINT('',#2455);
#849=VERTEX_POINT('',#2457);
#850=VERTEX_POINT('',#2461);
#851=VERTEX_POINT('',#2463);
#852=VERTEX_POINT('',#2465);
#853=VERTEX_POINT('',#2467);
#854=VERTEX_POINT('',#2470);
#855=VERTEX_POINT('',#2473);
#856=VERTEX_POINT('',#2476);
#857=VERTEX_POINT('',#2479);
#858=VERTEX_POINT('',#2483);
#859=VERTEX_POINT('',#2485);
#860=VERTEX_POINT('',#2487);
#861=VERTEX_POINT('',#2489);
#862=VERTEX_POINT('',#2491);
#863=VERTEX_POINT('',#2493);
#864=VERTEX_POINT('',#2495);
#865=VERTEX_POINT('',#2497);
#866=VERTEX_POINT('',#2518);
#867=VERTEX_POINT('',#2519);
#868=VERTEX_POINT('',#2521);
#869=VERTEX_POINT('',#2523);
#870=VERTEX_POINT('',#2526);
#871=VERTEX_POINT('',#2534);
#872=VERTEX_POINT('',#2537);
#873=VERTEX_POINT('',#2540);
#874=VERTEX_POINT('',#2556);
#875=VERTEX_POINT('',#2559);
#876=VERTEX_POINT('',#2563);
#877=VERTEX_POINT('',#2566);
#878=VERTEX_POINT('',#2570);
#879=VERTEX_POINT('',#2573);
#880=VERTEX_POINT('',#2577);
#881=VERTEX_POINT('',#2580);
#882=VERTEX_POINT('',#2584);
#883=VERTEX_POINT('',#2586);
#884=VERTEX_POINT('',#2590);
#885=VERTEX_POINT('',#2594);
#886=VERTEX_POINT('',#2600);
#887=VERTEX_POINT('',#2602);
#888=VERTEX_POINT('',#2606);
#889=VERTEX_POINT('',#2611);
#890=VERTEX_POINT('',#2619);
#891=VERTEX_POINT('',#2623);
#892=VERTEX_POINT('',#2630);
#893=VERTEX_POINT('',#2634);
#894=LINE('',#2213,#1072);
#895=LINE('',#2216,#1073);
#896=LINE('',#2218,#1074);
#897=LINE('',#2220,#1075);
#898=LINE('',#2222,#1076);
#899=LINE('',#2225,#1077);
#900=LINE('',#2227,#1078);
#901=LINE('',#2229,#1079);
#902=LINE('',#2231,#1080);
#903=LINE('',#2233,#1081);
#904=LINE('',#2235,#1082);
#905=LINE('',#2237,#1083);
#906=LINE('',#2239,#1084);
#907=LINE('',#2242,#1085);
#908=LINE('',#2244,#1086);
#909=LINE('',#2246,#1087);
#910=LINE('',#2248,#1088);
#911=LINE('',#2251,#1089);
#912=LINE('',#2253,#1090);
#913=LINE('',#2255,#1091);
#914=LINE('',#2257,#1092);
#915=LINE('',#2259,#1093);
#916=LINE('',#2261,#1094);
#917=LINE('',#2263,#1095);
#918=LINE('',#2265,#1096);
#919=LINE('',#2266,#1097);
#920=LINE('',#2268,#1098);
#921=LINE('',#2269,#1099);
#922=LINE('',#2271,#1100);
#923=LINE('',#2274,#1101);
#924=LINE('',#2276,#1102);
#925=LINE('',#2278,#1103);
#926=LINE('',#2280,#1104);
#927=LINE('',#2283,#1105);
#928=LINE('',#2285,#1106);
#929=LINE('',#2287,#1107);
#930=LINE('',#2289,#1108);
#931=LINE('',#2292,#1109);
#932=LINE('',#2294,#1110);
#933=LINE('',#2296,#1111);
#934=LINE('',#2298,#1112);
#935=LINE('',#2301,#1113);
#936=LINE('',#2303,#1114);
#937=LINE('',#2305,#1115);
#938=LINE('',#2307,#1116);
#939=LINE('',#2310,#1117);
#940=LINE('',#2312,#1118);
#941=LINE('',#2314,#1119);
#942=LINE('',#2316,#1120);
#943=LINE('',#2319,#1121);
#944=LINE('',#2321,#1122);
#945=LINE('',#2323,#1123);
#946=LINE('',#2325,#1124);
#947=LINE('',#2330,#1125);
#948=LINE('',#2334,#1126);
#949=LINE('',#2337,#1127);
#950=LINE('',#2338,#1128);
#951=LINE('',#2340,#1129);
#952=LINE('',#2342,#1130);
#953=LINE('',#2344,#1131);
#954=LINE('',#2346,#1132);
#955=LINE('',#2347,#1133);
#956=LINE('',#2348,#1134);
#957=LINE('',#2350,#1135);
#958=LINE('',#2352,#1136);
#959=LINE('',#2354,#1137);
#960=LINE('',#2356,#1138);
#961=LINE('',#2358,#1139);
#962=LINE('',#2364,#1140);
#963=LINE('',#2367,#1141);
#964=LINE('',#2368,#1142);
#965=LINE('',#2370,#1143);
#966=LINE('',#2376,#1144);
#967=LINE('',#2379,#1145);
#968=LINE('',#2380,#1146);
#969=LINE('',#2382,#1147);
#970=LINE('',#2388,#1148);
#971=LINE('',#2389,#1149);
#972=LINE('',#2391,#1150);
#973=LINE('',#2393,#1151);
#974=LINE('',#2395,#1152);
#975=LINE('',#2397,#1153);
#976=LINE('',#2399,#1154);
#977=LINE('',#2401,#1155);
#978=LINE('',#2403,#1156);
#979=LINE('',#2406,#1157);
#980=LINE('',#2408,#1158);
#981=LINE('',#2410,#1159);
#982=LINE('',#2411,#1160);
#983=LINE('',#2416,#1161);
#984=LINE('',#2420,#1162);
#985=LINE('',#2424,#1163);
#986=LINE('',#2436,#1164);
#987=LINE('',#2439,#1165);
#988=LINE('',#2440,#1166);
#989=LINE('',#2442,#1167);
#990=LINE('',#2444,#1168);
#991=LINE('',#2445,#1169);
#992=LINE('',#2448,#1170);
#993=LINE('',#2452,#1171);
#994=LINE('',#2456,#1172);
#995=LINE('',#2468,#1173);
#996=LINE('',#2469,#1174);
#997=LINE('',#2471,#1175);
#998=LINE('',#2472,#1176);
#999=LINE('',#2474,#1177);
#1000=LINE('',#2475,#1178);
#1001=LINE('',#2477,#1179);
#1002=LINE('',#2478,#1180);
#1003=LINE('',#2480,#1181);
#1004=LINE('',#2481,#1182);
#1005=LINE('',#2482,#1183);
#1006=LINE('',#2484,#1184);
#1007=LINE('',#2488,#1185);
#1008=LINE('',#2492,#1186);
#1009=LINE('',#2496,#1187);
#1010=LINE('',#2499,#1188);
#1011=LINE('',#2501,#1189);
#1012=LINE('',#2503,#1190);
#1013=LINE('',#2504,#1191);
#1014=LINE('',#2506,#1192);
#1015=LINE('',#2508,#1193);
#1016=LINE('',#2510,#1194);
#1017=LINE('',#2512,#1195);
#1018=LINE('',#2514,#1196);
#1019=LINE('',#2517,#1197);
#1020=LINE('',#2520,#1198);
#1021=LINE('',#2522,#1199);
#1022=LINE('',#2524,#1200);
#1023=LINE('',#2525,#1201);
#1024=LINE('',#2527,#1202);
#1025=LINE('',#2528,#1203);
#1026=LINE('',#2529,#1204);
#1027=LINE('',#2530,#1205);
#1028=LINE('',#2531,#1206);
#1029=LINE('',#2532,#1207);
#1030=LINE('',#2533,#1208);
#1031=LINE('',#2535,#1209);
#1032=LINE('',#2536,#1210);
#1033=LINE('',#2538,#1211);
#1034=LINE('',#2539,#1212);
#1035=LINE('',#2541,#1213);
#1036=LINE('',#2543,#1214);
#1037=LINE('',#2546,#1215);
#1038=LINE('',#2549,#1216);
#1039=LINE('',#2552,#1217);
#1040=LINE('',#2583,#1218);
#1041=LINE('',#2585,#1219);
#1042=LINE('',#2587,#1220);
#1043=LINE('',#2589,#1221);
#1044=LINE('',#2591,#1222);
#1045=LINE('',#2593,#1223);
#1046=LINE('',#2595,#1224);
#1047=LINE('',#2597,#1225);
#1048=LINE('',#2599,#1226);
#1049=LINE('',#2601,#1227);
#1050=LINE('',#2603,#1228);
#1051=LINE('',#2605,#1229);
#1052=LINE('',#2607,#1230);
#1053=LINE('',#2609,#1231);
#1054=LINE('',#2610,#1232);
#1055=LINE('',#2612,#1233);
#1056=LINE('',#2615,#1234);
#1057=LINE('',#2618,#1235);
#1058=LINE('',#2620,#1236);
#1059=LINE('',#2622,#1237);
#1060=LINE('',#2624,#1238);
#1061=LINE('',#2626,#1239);
#1062=LINE('',#2629,#1240);
#1063=LINE('',#2631,#1241);
#1064=LINE('',#2633,#1242);
#1065=LINE('',#2635,#1243);
#1066=LINE('',#2637,#1244);
#1067=LINE('',#2641,#1245);
#1068=LINE('',#2663,#1246);
#1069=LINE('',#2664,#1247);
#1070=LINE('',#2666,#1248);
#1071=LINE('',#2668,#1249);
#1072=VECTOR('',#1771,1.);
#1073=VECTOR('',#1772,1.);
#1074=VECTOR('',#1773,1.);
#1075=VECTOR('',#1774,1.);
#1076=VECTOR('',#1777,1.);
#1077=VECTOR('',#1778,1.);
#1078=VECTOR('',#1779,1.);
#1079=VECTOR('',#1780,1.);
#1080=VECTOR('',#1781,1.);
#1081=VECTOR('',#1782,1.);
#1082=VECTOR('',#1783,1.);
#1083=VECTOR('',#1784,1.);
#1084=VECTOR('',#1787,1.);
#1085=VECTOR('',#1788,1.);
#1086=VECTOR('',#1789,1.);
#1087=VECTOR('',#1790,1.);
#1088=VECTOR('',#1793,1.);
#1089=VECTOR('',#1794,1.);
#1090=VECTOR('',#1795,1.);
#1091=VECTOR('',#1796,1.);
#1092=VECTOR('',#1797,1.);
#1093=VECTOR('',#1798,1.);
#1094=VECTOR('',#1799,1.);
#1095=VECTOR('',#1800,1.);
#1096=VECTOR('',#1803,1.);
#1097=VECTOR('',#1804,1.);
#1098=VECTOR('',#1807,1.);
#1099=VECTOR('',#1808,1.);
#1100=VECTOR('',#1811,1.);
#1101=VECTOR('',#1812,1.);
#1102=VECTOR('',#1813,1.);
#1103=VECTOR('',#1814,1.);
#1104=VECTOR('',#1817,1.);
#1105=VECTOR('',#1818,1.);
#1106=VECTOR('',#1819,1.);
#1107=VECTOR('',#1820,1.);
#1108=VECTOR('',#1823,1.);
#1109=VECTOR('',#1824,1.);
#1110=VECTOR('',#1825,1.);
#1111=VECTOR('',#1826,1.);
#1112=VECTOR('',#1829,1.);
#1113=VECTOR('',#1830,1.);
#1114=VECTOR('',#1831,1.);
#1115=VECTOR('',#1832,1.);
#1116=VECTOR('',#1835,1.);
#1117=VECTOR('',#1836,1.);
#1118=VECTOR('',#1837,1.);
#1119=VECTOR('',#1838,1.);
#1120=VECTOR('',#1841,1.);
#1121=VECTOR('',#1842,1.);
#1122=VECTOR('',#1843,1.);
#1123=VECTOR('',#1844,1.);
#1124=VECTOR('',#1847,1.);
#1125=VECTOR('',#1850,1.);
#1126=VECTOR('',#1855,1.);
#1127=VECTOR('',#1856,1.);
#1128=VECTOR('',#1857,1.);
#1129=VECTOR('',#1858,1.);
#1130=VECTOR('',#1859,1.);
#1131=VECTOR('',#1860,1.);
#1132=VECTOR('',#1861,1.);
#1133=VECTOR('',#1862,1.);
#1134=VECTOR('',#1863,1.);
#1135=VECTOR('',#1864,1.);
#1136=VECTOR('',#1865,1.);
#1137=VECTOR('',#1866,1.);
#1138=VECTOR('',#1867,1.);
#1139=VECTOR('',#1870,1.);
#1140=VECTOR('',#1877,1.);
#1141=VECTOR('',#1878,1.);
#1142=VECTOR('',#1879,1.);
#1143=VECTOR('',#1882,1.);
#1144=VECTOR('',#1889,1.);
#1145=VECTOR('',#1890,1.);
#1146=VECTOR('',#1891,1.);
#1147=VECTOR('',#1894,1.);
#1148=VECTOR('',#1901,1.);
#1149=VECTOR('',#1902,1.);
#1150=VECTOR('',#1903,1.);
#1151=VECTOR('',#1904,1.);
#1152=VECTOR('',#1905,1.);
#1153=VECTOR('',#1906,1.);
#1154=VECTOR('',#1907,1.);
#1155=VECTOR('',#1908,1.);
#1156=VECTOR('',#1911,1.);
#1157=VECTOR('',#1912,1.);
#1158=VECTOR('',#1913,1.);
#1159=VECTOR('',#1914,1.);
#1160=VECTOR('',#1915,1.);
#1161=VECTOR('',#1918,1.);
#1162=VECTOR('',#1921,1.);
#1163=VECTOR('',#1924,1.);
#1164=VECTOR('',#1937,1.);
#1165=VECTOR('',#1938,1.);
#1166=VECTOR('',#1939,1.);
#1167=VECTOR('',#1940,1.);
#1168=VECTOR('',#1941,1.);
#1169=VECTOR('',#1942,1.);
#1170=VECTOR('',#1945,1.);
#1171=VECTOR('',#1948,1.);
#1172=VECTOR('',#1951,1.);
#1173=VECTOR('',#1964,1.);
#1174=VECTOR('',#1965,1.);
#1175=VECTOR('',#1966,1.);
#1176=VECTOR('',#1967,1.);
#1177=VECTOR('',#1968,1.);
#1178=VECTOR('',#1969,1.);
#1179=VECTOR('',#1970,1.);
#1180=VECTOR('',#1971,1.);
#1181=VECTOR('',#1972,1.);
#1182=VECTOR('',#1973,1.);
#1183=VECTOR('',#1974,1.);
#1184=VECTOR('',#1975,1.);
#1185=VECTOR('',#1978,1.);
#1186=VECTOR('',#1981,1.);
#1187=VECTOR('',#1984,1.);
#1188=VECTOR('',#1987,1.);
#1189=VECTOR('',#1990,1.);
#1190=VECTOR('',#1993,1.);
#1191=VECTOR('',#1994,1.);
#1192=VECTOR('',#1997,1.);
#1193=VECTOR('',#2000,1.);
#1194=VECTOR('',#2003,1.);
#1195=VECTOR('',#2006,1.);
#1196=VECTOR('',#2009,1.);
#1197=VECTOR('',#2014,1.);
#1198=VECTOR('',#2015,1.);
#1199=VECTOR('',#2016,1.);
#1200=VECTOR('',#2017,1.);
#1201=VECTOR('',#2018,1.);
#1202=VECTOR('',#2019,1.);
#1203=VECTOR('',#2020,1.);
#1204=VECTOR('',#2021,1.);
#1205=VECTOR('',#2022,1.);
#1206=VECTOR('',#2023,1.);
#1207=VECTOR('',#2024,1.);
#1208=VECTOR('',#2025,1.);
#1209=VECTOR('',#2026,1.);
#1210=VECTOR('',#2027,1.);
#1211=VECTOR('',#2028,1.);
#1212=VECTOR('',#2029,1.);
#1213=VECTOR('',#2030,1.);
#1214=VECTOR('',#2033,1.);
#1215=VECTOR('',#2038,1.);
#1216=VECTOR('',#2043,1.);
#1217=VECTOR('',#2048,1.);
#1218=VECTOR('',#2093,1.);
#1219=VECTOR('',#2094,1.);
#1220=VECTOR('',#2095,1.);
#1221=VECTOR('',#2098,1.);
#1222=VECTOR('',#2099,1.);
#1223=VECTOR('',#2102,1.);
#1224=VECTOR('',#2103,1.);
#1225=VECTOR('',#2106,1.);
#1226=VECTOR('',#2109,1.);
#1227=VECTOR('',#2110,1.);
#1228=VECTOR('',#2111,1.);
#1229=VECTOR('',#2114,1.);
#1230=VECTOR('',#2115,1.);
#1231=VECTOR('',#2118,1.);
#1232=VECTOR('',#2119,1.);
#1233=VECTOR('',#2120,1.);
#1234=VECTOR('',#2125,1.);
#1235=VECTOR('',#2130,1.);
#1236=VECTOR('',#2131,1.);
#1237=VECTOR('',#2134,1.);
#1238=VECTOR('',#2135,1.);
#1239=VECTOR('',#2138,1.);
#1240=VECTOR('',#2143,1.);
#1241=VECTOR('',#2144,1.);
#1242=VECTOR('',#2147,1.);
#1243=VECTOR('',#2148,1.);
#1244=VECTOR('',#2151,1.);
#1245=VECTOR('',#2158,1.);
#1246=VECTOR('',#2201,1.);
#1247=VECTOR('',#2202,1.);
#1248=VECTOR('',#2205,1.);
#1249=VECTOR('',#2208,1.);
#1250=EDGE_LOOP('',(#80,#81,#82,#83));
#1251=EDGE_LOOP('',(#84,#85,#86,#87,#88,#89,#90,#91));
#1252=EDGE_LOOP('',(#92,#93,#94,#95));
#1253=EDGE_LOOP('',(#96,#97,#98,#99,#100,#101,#102,#103));
#1254=EDGE_LOOP('',(#104,#105,#106,#107));
#1255=EDGE_LOOP('',(#108,#109,#110,#111));
#1256=EDGE_LOOP('',(#112,#113,#114,#115));
#1257=EDGE_LOOP('',(#116,#117,#118,#119));
#1258=EDGE_LOOP('',(#120,#121,#122,#123));
#1259=EDGE_LOOP('',(#124,#125,#126,#127));
#1260=EDGE_LOOP('',(#128,#129,#130,#131));
#1261=EDGE_LOOP('',(#132,#133,#134,#135));
#1262=EDGE_LOOP('',(#136,#137,#138,#139));
#1263=EDGE_LOOP('',(#140,#141,#142,#143,#144,#145,#146,#147,#148,#149,#150,
#151,#152,#153,#154,#155));
#1264=EDGE_LOOP('',(#156,#157,#158,#159));
#1265=EDGE_LOOP('',(#160,#161,#162,#163));
#1266=EDGE_LOOP('',(#164,#165,#166,#167));
#1267=EDGE_LOOP('',(#168,#169,#170,#171));
#1268=EDGE_LOOP('',(#172,#173,#174,#175));
#1269=EDGE_LOOP('',(#176,#177,#178,#179,#180,#181,#182,#183,#184,#185));
#1270=EDGE_LOOP('',(#186,#187,#188,#189));
#1271=EDGE_LOOP('',(#190,#191,#192,#193,#194,#195,#196,#197));
#1272=EDGE_LOOP('',(#198));
#1273=EDGE_LOOP('',(#199));
#1274=EDGE_LOOP('',(#200));
#1275=EDGE_LOOP('',(#201));
#1276=EDGE_LOOP('',(#202,#203,#204,#205,#206,#207,#208,#209,#210,#211,#212,
#213,#214,#215,#216,#217,#218,#219,#220,#221,#222,#223,#224,#225));
#1277=EDGE_LOOP('',(#226));
#1278=EDGE_LOOP('',(#227));
#1279=EDGE_LOOP('',(#228));
#1280=EDGE_LOOP('',(#229));
#1281=EDGE_LOOP('',(#230,#231,#232,#233,#234,#235,#236,#237,#238,#239,#240,
#241,#242,#243,#244,#245,#246,#247,#248,#249,#250,#251,#252,#253,#254,#255,
#256,#257));
#1282=EDGE_LOOP('',(#258,#259,#260,#261));
#1283=EDGE_LOOP('',(#262,#263,#264,#265));
#1284=EDGE_LOOP('',(#266,#267,#268,#269));
#1285=EDGE_LOOP('',(#270,#271,#272,#273));
#1286=EDGE_LOOP('',(#274,#275,#276,#277));
#1287=EDGE_LOOP('',(#278,#279,#280,#281));
#1288=EDGE_LOOP('',(#282,#283,#284,#285));
#1289=EDGE_LOOP('',(#286,#287,#288,#289));
#1290=EDGE_LOOP('',(#290,#291,#292,#293));
#1291=EDGE_LOOP('',(#294,#295,#296,#297,#298,#299,#300,#301,#302,#303,#304,
#305,#306,#307,#308,#309,#310,#311,#312,#313,#314,#315,#316,#317));
#1292=EDGE_LOOP('',(#318,#319,#320,#321));
#1293=EDGE_LOOP('',(#322,#323,#324,#325));
#1294=EDGE_LOOP('',(#326,#327,#328,#329));
#1295=EDGE_LOOP('',(#330,#331,#332,#333));
#1296=EDGE_LOOP('',(#334,#335,#336,#337));
#1297=EDGE_LOOP('',(#338,#339,#340,#341));
#1298=EDGE_LOOP('',(#342,#343,#344,#345));
#1299=EDGE_LOOP('',(#346,#347,#348,#349));
#1300=EDGE_LOOP('',(#350));
#1301=EDGE_LOOP('',(#351));
#1302=EDGE_LOOP('',(#352));
#1303=EDGE_LOOP('',(#353));
#1304=EDGE_LOOP('',(#354));
#1305=EDGE_LOOP('',(#355));
#1306=EDGE_LOOP('',(#356));
#1307=EDGE_LOOP('',(#357));
#1308=EDGE_LOOP('',(#358));
#1309=EDGE_LOOP('',(#359));
#1310=EDGE_LOOP('',(#360));
#1311=EDGE_LOOP('',(#361));
#1312=EDGE_LOOP('',(#362));
#1313=EDGE_LOOP('',(#363));
#1314=EDGE_LOOP('',(#364));
#1315=EDGE_LOOP('',(#365));
#1316=EDGE_LOOP('',(#366));
#1317=EDGE_LOOP('',(#367));
#1318=EDGE_LOOP('',(#368));
#1319=EDGE_LOOP('',(#369));
#1320=EDGE_LOOP('',(#370));
#1321=EDGE_LOOP('',(#371));
#1322=EDGE_LOOP('',(#372));
#1323=EDGE_LOOP('',(#373));
#1324=EDGE_LOOP('',(#374,#375,#376,#377));
#1325=EDGE_LOOP('',(#378,#379,#380,#381));
#1326=EDGE_LOOP('',(#382,#383,#384,#385));
#1327=EDGE_LOOP('',(#386,#387,#388,#389));
#1328=EDGE_LOOP('',(#390,#391,#392,#393));
#1329=EDGE_LOOP('',(#394,#395,#396,#397));
#1330=EDGE_LOOP('',(#398,#399,#400,#401,#402,#403));
#1331=EDGE_LOOP('',(#404,#405,#406,#407));
#1332=EDGE_LOOP('',(#408,#409,#410,#411));
#1333=EDGE_LOOP('',(#412,#413,#414,#415));
#1334=EDGE_LOOP('',(#416,#417,#418,#419,#420));
#1335=EDGE_LOOP('',(#421,#422,#423,#424));
#1336=EDGE_LOOP('',(#425,#426,#427,#428,#429));
#1337=EDGE_LOOP('',(#430,#431,#432,#433));
#1338=EDGE_LOOP('',(#434,#435,#436,#437,#438));
#1339=EDGE_LOOP('',(#439,#440,#441,#442));
#1340=EDGE_LOOP('',(#443,#444,#445,#446,#447));
#1341=EDGE_LOOP('',(#448,#449,#450,#451));
#1342=EDGE_LOOP('',(#452,#453,#454,#455));
#1343=EDGE_LOOP('',(#456,#457,#458,#459));
#1344=EDGE_LOOP('',(#460,#461,#462,#463));
#1345=EDGE_LOOP('',(#464,#465,#466,#467));
#1346=EDGE_LOOP('',(#468,#469,#470,#471));
#1347=EDGE_LOOP('',(#472,#473,#474,#475));
#1348=EDGE_LOOP('',(#476,#477,#478,#479));
#1349=EDGE_LOOP('',(#480,#481,#482,#483));
#1350=EDGE_LOOP('',(#484,#485,#486,#487));
#1351=EDGE_LOOP('',(#488,#489,#490,#491));
#1352=EDGE_LOOP('',(#492,#493,#494,#495));
#1353=EDGE_LOOP('',(#496,#497,#498,#499));
#1354=EDGE_LOOP('',(#500,#501,#502,#503));
#1355=EDGE_LOOP('',(#504,#505,#506,#507));
#1356=EDGE_LOOP('',(#508,#509,#510,#511));
#1357=EDGE_LOOP('',(#512,#513,#514,#515));
#1358=EDGE_LOOP('',(#516,#517,#518,#519));
#1359=EDGE_LOOP('',(#520,#521,#522,#523));
#1360=FACE_BOUND('',#1250,.T.);
#1361=FACE_BOUND('',#1251,.T.);
#1362=FACE_BOUND('',#1252,.T.);
#1363=FACE_BOUND('',#1253,.T.);
#1364=FACE_BOUND('',#1254,.T.);
#1365=FACE_BOUND('',#1255,.T.);
#1366=FACE_BOUND('',#1256,.T.);
#1367=FACE_BOUND('',#1257,.T.);
#1368=FACE_BOUND('',#1258,.T.);
#1369=FACE_BOUND('',#1259,.T.);
#1370=FACE_BOUND('',#1260,.T.);
#1371=FACE_BOUND('',#1261,.T.);
#1372=FACE_BOUND('',#1262,.T.);
#1373=FACE_BOUND('',#1263,.T.);
#1374=FACE_BOUND('',#1264,.T.);
#1375=FACE_BOUND('',#1265,.T.);
#1376=FACE_BOUND('',#1266,.T.);
#1377=FACE_BOUND('',#1267,.T.);
#1378=FACE_BOUND('',#1268,.T.);
#1379=FACE_BOUND('',#1269,.T.);
#1380=FACE_BOUND('',#1270,.T.);
#1381=FACE_BOUND('',#1271,.T.);
#1382=FACE_BOUND('',#1272,.T.);
#1383=FACE_BOUND('',#1273,.T.);
#1384=FACE_BOUND('',#1274,.T.);
#1385=FACE_BOUND('',#1275,.T.);
#1386=FACE_BOUND('',#1276,.T.);
#1387=FACE_BOUND('',#1277,.T.);
#1388=FACE_BOUND('',#1278,.T.);
#1389=FACE_BOUND('',#1279,.T.);
#1390=FACE_BOUND('',#1280,.T.);
#1391=FACE_BOUND('',#1281,.T.);
#1392=FACE_BOUND('',#1282,.T.);
#1393=FACE_BOUND('',#1283,.T.);
#1394=FACE_BOUND('',#1284,.T.);
#1395=FACE_BOUND('',#1285,.T.);
#1396=FACE_BOUND('',#1286,.T.);
#1397=FACE_BOUND('',#1287,.T.);
#1398=FACE_BOUND('',#1288,.T.);
#1399=FACE_BOUND('',#1289,.T.);
#1400=FACE_BOUND('',#1290,.T.);
#1401=FACE_BOUND('',#1291,.T.);
#1402=FACE_BOUND('',#1292,.T.);
#1403=FACE_BOUND('',#1293,.T.);
#1404=FACE_BOUND('',#1294,.T.);
#1405=FACE_BOUND('',#1295,.T.);
#1406=FACE_BOUND('',#1296,.T.);
#1407=FACE_BOUND('',#1297,.T.);
#1408=FACE_BOUND('',#1298,.T.);
#1409=FACE_BOUND('',#1299,.T.);
#1410=FACE_BOUND('',#1300,.T.);
#1411=FACE_BOUND('',#1301,.T.);
#1412=FACE_BOUND('',#1302,.T.);
#1413=FACE_BOUND('',#1303,.T.);
#1414=FACE_BOUND('',#1304,.T.);
#1415=FACE_BOUND('',#1305,.T.);
#1416=FACE_BOUND('',#1306,.T.);
#1417=FACE_BOUND('',#1307,.T.);
#1418=FACE_BOUND('',#1308,.T.);
#1419=FACE_BOUND('',#1309,.T.);
#1420=FACE_BOUND('',#1310,.T.);
#1421=FACE_BOUND('',#1311,.T.);
#1422=FACE_BOUND('',#1312,.T.);
#1423=FACE_BOUND('',#1313,.T.);
#1424=FACE_BOUND('',#1314,.T.);
#1425=FACE_BOUND('',#1315,.T.);
#1426=FACE_BOUND('',#1316,.T.);
#1427=FACE_BOUND('',#1317,.T.);
#1428=FACE_BOUND('',#1318,.T.);
#1429=FACE_BOUND('',#1319,.T.);
#1430=FACE_BOUND('',#1320,.T.);
#1431=FACE_BOUND('',#1321,.T.);
#1432=FACE_BOUND('',#1322,.T.);
#1433=FACE_BOUND('',#1323,.T.);
#1434=FACE_BOUND('',#1324,.T.);
#1435=FACE_BOUND('',#1325,.T.);
#1436=FACE_BOUND('',#1326,.T.);
#1437=FACE_BOUND('',#1327,.T.);
#1438=FACE_BOUND('',#1328,.T.);
#1439=FACE_BOUND('',#1329,.T.);
#1440=FACE_BOUND('',#1330,.T.);
#1441=FACE_BOUND('',#1331,.T.);
#1442=FACE_BOUND('',#1332,.T.);
#1443=FACE_BOUND('',#1333,.T.);
#1444=FACE_BOUND('',#1334,.T.);
#1445=FACE_BOUND('',#1335,.T.);
#1446=FACE_BOUND('',#1336,.T.);
#1447=FACE_BOUND('',#1337,.T.);
#1448=FACE_BOUND('',#1338,.T.);
#1449=FACE_BOUND('',#1339,.T.);
#1450=FACE_BOUND('',#1340,.T.);
#1451=FACE_BOUND('',#1341,.T.);
#1452=FACE_BOUND('',#1342,.T.);
#1453=FACE_BOUND('',#1343,.T.);
#1454=FACE_BOUND('',#1344,.T.);
#1455=FACE_BOUND('',#1345,.T.);
#1456=FACE_BOUND('',#1346,.T.);
#1457=FACE_BOUND('',#1347,.T.);
#1458=FACE_BOUND('',#1348,.T.);
#1459=FACE_BOUND('',#1349,.T.);
#1460=FACE_BOUND('',#1350,.T.);
#1461=FACE_BOUND('',#1351,.T.);
#1462=FACE_BOUND('',#1352,.T.);
#1463=FACE_BOUND('',#1353,.T.);
#1464=FACE_BOUND('',#1354,.T.);
#1465=FACE_BOUND('',#1355,.T.);
#1466=FACE_BOUND('',#1356,.T.);
#1467=FACE_BOUND('',#1357,.T.);
#1468=FACE_BOUND('',#1358,.T.);
#1469=FACE_BOUND('',#1359,.T.);
#1470=PLANE('',#1635);
#1471=PLANE('',#1636);
#1472=PLANE('',#1637);
#1473=PLANE('',#1638);
#1474=PLANE('',#1639);
#1475=PLANE('',#1640);
#1476=PLANE('',#1641);
#1477=PLANE('',#1642);
#1478=PLANE('',#1643);
#1479=PLANE('',#1644);
#1480=PLANE('',#1645);
#1481=PLANE('',#1646);
#1482=PLANE('',#1650);
#1483=PLANE('',#1654);
#1484=PLANE('',#1658);
#1485=PLANE('',#1662);
#1486=PLANE('',#1663);
#1487=PLANE('',#1672);
#1488=PLANE('',#1677);
#1489=PLANE('',#1687);
#1490=PLANE('',#1688);
#1491=PLANE('',#1690);
#1492=PLANE('',#1692);
#1493=PLANE('',#1694);
#1494=PLANE('',#1695);
#1495=PLANE('',#1696);
#1496=PLANE('',#1697);
#1497=PLANE('',#1698);
#1498=PLANE('',#1699);
#1499=PLANE('',#1700);
#1500=PLANE('',#1701);
#1501=PLANE('',#1702);
#1502=PLANE('',#1705);
#1503=PLANE('',#1710);
#1504=PLANE('',#1715);
#1505=PLANE('',#1720);
#1506=PLANE('',#1723);
#1507=PLANE('',#1724);
#1508=PLANE('',#1725);
#1509=PLANE('',#1726);
#1510=PLANE('',#1727);
#1511=PLANE('',#1728);
#1512=PLANE('',#1729);
#1513=PLANE('',#1730);
#1514=PLANE('',#1731);
#1515=PLANE('',#1732);
#1516=PLANE('',#1733);
#1517=PLANE('',#1734);
#1518=PLANE('',#1735);
#1519=PLANE('',#1736);
#1520=PLANE('',#1737);
#1521=PLANE('',#1738);
#1522=PLANE('',#1739);
#1523=PLANE('',#1740);
#1524=PLANE('',#1741);
#1525=PLANE('',#1742);
#1526=PLANE('',#1743);
#1527=PLANE('',#1744);
#1528=PLANE('',#1745);
#1529=PLANE('',#1746);
#1530=PLANE('',#1763);
#1531=PLANE('',#1764);
#1532=PLANE('',#1765);
#1533=PLANE('',#1766);
#1534=ADVANCED_FACE('',(#1360),#1470,.T.);
#1535=ADVANCED_FACE('',(#1361),#1471,.T.);
#1536=ADVANCED_FACE('',(#1362),#1472,.F.);
#1537=ADVANCED_FACE('',(#1363),#1473,.F.);
#1538=ADVANCED_FACE('',(#1364),#1474,.T.);
#1539=ADVANCED_FACE('',(#1365),#1475,.T.);
#1540=ADVANCED_FACE('',(#1366),#1476,.F.);
#1541=ADVANCED_FACE('',(#1367),#1477,.F.);
#1542=ADVANCED_FACE('',(#1368),#1478,.T.);
#1543=ADVANCED_FACE('',(#1369),#1479,.T.);
#1544=ADVANCED_FACE('',(#1370),#1480,.T.);
#1545=ADVANCED_FACE('',(#1371),#1481,.T.);
#1546=ADVANCED_FACE('',(#1372),#60,.T.);
#1547=ADVANCED_FACE('',(#1373),#1482,.F.);
#1548=ADVANCED_FACE('',(#1374),#61,.T.);
#1549=ADVANCED_FACE('',(#1375),#1483,.F.);
#1550=ADVANCED_FACE('',(#1376),#62,.T.);
#1551=ADVANCED_FACE('',(#1377),#1484,.F.);
#1552=ADVANCED_FACE('',(#1378),#63,.T.);
#1553=ADVANCED_FACE('',(#1379),#1485,.F.);
#1554=ADVANCED_FACE('',(#1380,#1381,#1382,#1383,#1384,#1385),#1486,.T.);
#1555=ADVANCED_FACE('',(#1386),#1487,.F.);
#1556=ADVANCED_FACE('',(#1387,#1388,#1389,#1390,#1391),#1488,.F.);
#1557=ADVANCED_FACE('',(#1392),#64,.T.);
#1558=ADVANCED_FACE('',(#1393),#1489,.F.);
#1559=ADVANCED_FACE('',(#1394),#1490,.F.);
#1560=ADVANCED_FACE('',(#1395),#65,.T.);
#1561=ADVANCED_FACE('',(#1396),#1491,.F.);
#1562=ADVANCED_FACE('',(#1397),#66,.T.);
#1563=ADVANCED_FACE('',(#1398),#1492,.F.);
#1564=ADVANCED_FACE('',(#1399),#67,.T.);
#1565=ADVANCED_FACE('',(#1400,#1401),#1493,.F.);
#1566=ADVANCED_FACE('',(#1402),#1494,.T.);
#1567=ADVANCED_FACE('',(#1403),#1495,.F.);
#1568=ADVANCED_FACE('',(#1404),#1496,.T.);
#1569=ADVANCED_FACE('',(#1405),#1497,.F.);
#1570=ADVANCED_FACE('',(#1406),#1498,.T.);
#1571=ADVANCED_FACE('',(#1407),#1499,.F.);
#1572=ADVANCED_FACE('',(#1408),#1500,.T.);
#1573=ADVANCED_FACE('',(#1409),#1501,.F.);
#1574=ADVANCED_FACE('',(#1410,#1411),#68,.F.);
#1575=ADVANCED_FACE('',(#1412,#1413),#1502,.T.);
#1576=ADVANCED_FACE('',(#1414,#1415),#69,.F.);
#1577=ADVANCED_FACE('',(#1416,#1417),#70,.F.);
#1578=ADVANCED_FACE('',(#1418,#1419),#1503,.T.);
#1579=ADVANCED_FACE('',(#1420,#1421),#71,.F.);
#1580=ADVANCED_FACE('',(#1422,#1423),#72,.F.);
#1581=ADVANCED_FACE('',(#1424,#1425),#1504,.T.);
#1582=ADVANCED_FACE('',(#1426,#1427),#73,.F.);
#1583=ADVANCED_FACE('',(#1428,#1429),#74,.F.);
#1584=ADVANCED_FACE('',(#1430,#1431),#1505,.T.);
#1585=ADVANCED_FACE('',(#1432,#1433),#75,.F.);
#1586=ADVANCED_FACE('',(#1434),#1506,.T.);
#1587=ADVANCED_FACE('',(#1435),#1507,.F.);
#1588=ADVANCED_FACE('',(#1436),#1508,.T.);
#1589=ADVANCED_FACE('',(#1437),#1509,.F.);
#1590=ADVANCED_FACE('',(#1438),#1510,.F.);
#1591=ADVANCED_FACE('',(#1439),#1511,.T.);
#1592=ADVANCED_FACE('',(#1440),#1512,.T.);
#1593=ADVANCED_FACE('',(#1441),#1513,.T.);
#1594=ADVANCED_FACE('',(#1442),#1514,.T.);
#1595=ADVANCED_FACE('',(#1443),#1515,.T.);
#1596=ADVANCED_FACE('',(#1444),#1516,.F.);
#1597=ADVANCED_FACE('',(#1445),#1517,.T.);
#1598=ADVANCED_FACE('',(#1446),#1518,.T.);
#1599=ADVANCED_FACE('',(#1447),#1519,.T.);
#1600=ADVANCED_FACE('',(#1448),#1520,.T.);
#1601=ADVANCED_FACE('',(#1449),#1521,.T.);
#1602=ADVANCED_FACE('',(#1450),#1522,.F.);
#1603=ADVANCED_FACE('',(#1451),#1523,.T.);
#1604=ADVANCED_FACE('',(#1452),#1524,.T.);
#1605=ADVANCED_FACE('',(#1453),#1525,.T.);
#1606=ADVANCED_FACE('',(#1454),#1526,.T.);
#1607=ADVANCED_FACE('',(#1455),#1527,.T.);
#1608=ADVANCED_FACE('',(#1456),#1528,.F.);
#1609=ADVANCED_FACE('',(#1457),#1529,.T.);
#1610=ADVANCED_FACE('',(#1458),#12,.T.);
#1611=ADVANCED_FACE('',(#1459),#76,.T.);
#1612=ADVANCED_FACE('',(#1460),#77,.T.);
#1613=ADVANCED_FACE('',(#1461),#13,.T.);
#1614=ADVANCED_FACE('',(#1462),#14,.T.);
#1615=ADVANCED_FACE('',(#1463),#78,.T.);
#1616=ADVANCED_FACE('',(#1464),#79,.T.);
#1617=ADVANCED_FACE('',(#1465),#15,.T.);
#1618=ADVANCED_FACE('',(#1466),#1530,.T.);
#1619=ADVANCED_FACE('',(#1467),#1531,.F.);
#1620=ADVANCED_FACE('',(#1468),#1532,.T.);
#1621=ADVANCED_FACE('',(#1469),#1533,.F.);
#1622=CLOSED_SHELL('',(#1534,#1535,#1536,#1537,#1538,#1539,#1540,#1541,
#1542,#1543,#1544,#1545,#1546,#1547,#1548,#1549,#1550,#1551,#1552,#1553,
#1554,#1555,#1556,#1557,#1558,#1559,#1560,#1561,#1562,#1563,#1564,#1565,
#1566,#1567,#1568,#1569,#1570,#1571,#1572,#1573,#1574,#1575,#1576,#1577,
#1578,#1579,#1580,#1581,#1582,#1583,#1584,#1585,#1586,#1587,#1588,#1589,
#1590,#1591,#1592,#1593,#1594,#1595,#1596,#1597,#1598,#1599,#1600,#1601,
#1602,#1603,#1604,#1605,#1606,#1607,#1608,#1609,#1610,#1611,#1612,#1613,
#1614,#1615,#1616,#1617,#1618,#1619,#1620,#1621));
#1623=STYLED_ITEM('',(#1624),#1631);
#1624=PRESENTATION_STYLE_ASSIGNMENT((#1625));
#1625=SURFACE_STYLE_USAGE(.BOTH.,#1626);
#1626=SURFACE_SIDE_STYLE('',(#1627));
#1627=SURFACE_STYLE_FILL_AREA(#1628);
#1628=FILL_AREA_STYLE('',(#1629));
#1629=FILL_AREA_STYLE_COLOUR('',#1630);
#1630=COLOUR_RGB('',0.231372549019608,0.380392156862745,0.705882352941177);
#1631=MANIFOLD_SOLID_BREP('couvercle',#1622);
#1632=SHAPE_DEFINITION_REPRESENTATION(#2676,#1633);
#1633=SHAPE_REPRESENTATION('couvercle',(#1634),#2671);
#1634=AXIS2_PLACEMENT_3D('',#2211,#1767,#1768);
#1635=AXIS2_PLACEMENT_3D('',#2212,#1769,#1770);
#1636=AXIS2_PLACEMENT_3D('',#2221,#1775,#1776);
#1637=AXIS2_PLACEMENT_3D('',#2238,#1785,#1786);
#1638=AXIS2_PLACEMENT_3D('',#2247,#1791,#1792);
#1639=AXIS2_PLACEMENT_3D('',#2264,#1801,#1802);
#1640=AXIS2_PLACEMENT_3D('',#2267,#1805,#1806);
#1641=AXIS2_PLACEMENT_3D('',#2270,#1809,#1810);
#1642=AXIS2_PLACEMENT_3D('',#2279,#1815,#1816);
#1643=AXIS2_PLACEMENT_3D('',#2288,#1821,#1822);
#1644=AXIS2_PLACEMENT_3D('',#2297,#1827,#1828);
#1645=AXIS2_PLACEMENT_3D('',#2306,#1833,#1834);
#1646=AXIS2_PLACEMENT_3D('',#2315,#1839,#1840);
#1647=AXIS2_PLACEMENT_3D('',#2324,#1845,#1846);
#1648=AXIS2_PLACEMENT_3D('',#2328,#1848,#1849);
#1649=AXIS2_PLACEMENT_3D('',#2332,#1851,#1852);
#1650=AXIS2_PLACEMENT_3D('',#2333,#1853,#1854);
#1651=AXIS2_PLACEMENT_3D('',#2357,#1868,#1869);
#1652=AXIS2_PLACEMENT_3D('',#2361,#1871,#1872);
#1653=AXIS2_PLACEMENT_3D('',#2362,#1873,#1874);
#1654=AXIS2_PLACEMENT_3D('',#2363,#1875,#1876);
#1655=AXIS2_PLACEMENT_3D('',#2369,#1880,#1881);
#1656=AXIS2_PLACEMENT_3D('',#2373,#1883,#1884);
#1657=AXIS2_PLACEMENT_3D('',#2374,#1885,#1886);
#1658=AXIS2_PLACEMENT_3D('',#2375,#1887,#1888);
#1659=AXIS2_PLACEMENT_3D('',#2381,#1892,#1893);
#1660=AXIS2_PLACEMENT_3D('',#2385,#1895,#1896);
#1661=AXIS2_PLACEMENT_3D('',#2386,#1897,#1898);
#1662=AXIS2_PLACEMENT_3D('',#2387,#1899,#1900);
#1663=AXIS2_PLACEMENT_3D('',#2402,#1909,#1910);
#1664=AXIS2_PLACEMENT_3D('',#2414,#1916,#1917);
#1665=AXIS2_PLACEMENT_3D('',#2418,#1919,#1920);
#1666=AXIS2_PLACEMENT_3D('',#2422,#1922,#1923);
#1667=AXIS2_PLACEMENT_3D('',#2426,#1925,#1926);
#1668=AXIS2_PLACEMENT_3D('',#2427,#1927,#1928);
#1669=AXIS2_PLACEMENT_3D('',#2429,#1929,#1930);
#1670=AXIS2_PLACEMENT_3D('',#2431,#1931,#1932);
#1671=AXIS2_PLACEMENT_3D('',#2433,#1933,#1934);
#1672=AXIS2_PLACEMENT_3D('',#2435,#1935,#1936);
#1673=AXIS2_PLACEMENT_3D('',#2446,#1943,#1944);
#1674=AXIS2_PLACEMENT_3D('',#2450,#1946,#1947);
#1675=AXIS2_PLACEMENT_3D('',#2454,#1949,#1950);
#1676=AXIS2_PLACEMENT_3D('',#2458,#1952,#1953);
#1677=AXIS2_PLACEMENT_3D('',#2459,#1954,#1955);
#1678=AXIS2_PLACEMENT_3D('',#2460,#1956,#1957);
#1679=AXIS2_PLACEMENT_3D('',#2462,#1958,#1959);
#1680=AXIS2_PLACEMENT_3D('',#2464,#1960,#1961);
#1681=AXIS2_PLACEMENT_3D('',#2466,#1962,#1963);
#1682=AXIS2_PLACEMENT_3D('',#2486,#1976,#1977);
#1683=AXIS2_PLACEMENT_3D('',#2490,#1979,#1980);
#1684=AXIS2_PLACEMENT_3D('',#2494,#1982,#1983);
#1685=AXIS2_PLACEMENT_3D('',#2498,#1985,#1986);
#1686=AXIS2_PLACEMENT_3D('',#2500,#1988,#1989);
#1687=AXIS2_PLACEMENT_3D('',#2502,#1991,#1992);
#1688=AXIS2_PLACEMENT_3D('',#2505,#1995,#1996);
#1689=AXIS2_PLACEMENT_3D('',#2507,#1998,#1999);
#1690=AXIS2_PLACEMENT_3D('',#2509,#2001,#2002);
#1691=AXIS2_PLACEMENT_3D('',#2511,#2004,#2005);
#1692=AXIS2_PLACEMENT_3D('',#2513,#2007,#2008);
#1693=AXIS2_PLACEMENT_3D('',#2515,#2010,#2011);
#1694=AXIS2_PLACEMENT_3D('',#2516,#2012,#2013);
#1695=AXIS2_PLACEMENT_3D('',#2542,#2031,#2032);
#1696=AXIS2_PLACEMENT_3D('',#2544,#2034,#2035);
#1697=AXIS2_PLACEMENT_3D('',#2545,#2036,#2037);
#1698=AXIS2_PLACEMENT_3D('',#2547,#2039,#2040);
#1699=AXIS2_PLACEMENT_3D('',#2548,#2041,#2042);
#1700=AXIS2_PLACEMENT_3D('',#2550,#2044,#2045);
#1701=AXIS2_PLACEMENT_3D('',#2551,#2046,#2047);
#1702=AXIS2_PLACEMENT_3D('',#2553,#2049,#2050);
#1703=AXIS2_PLACEMENT_3D('',#2554,#2051,#2052);
#1704=AXIS2_PLACEMENT_3D('',#2555,#2053,#2054);
#1705=AXIS2_PLACEMENT_3D('',#2557,#2055,#2056);
#1706=AXIS2_PLACEMENT_3D('',#2558,#2057,#2058);
#1707=AXIS2_PLACEMENT_3D('',#2560,#2059,#2060);
#1708=AXIS2_PLACEMENT_3D('',#2561,#2061,#2062);
#1709=AXIS2_PLACEMENT_3D('',#2562,#2063,#2064);
#1710=AXIS2_PLACEMENT_3D('',#2564,#2065,#2066);
#1711=AXIS2_PLACEMENT_3D('',#2565,#2067,#2068);
#1712=AXIS2_PLACEMENT_3D('',#2567,#2069,#2070);
#1713=AXIS2_PLACEMENT_3D('',#2568,#2071,#2072);
#1714=AXIS2_PLACEMENT_3D('',#2569,#2073,#2074);
#1715=AXIS2_PLACEMENT_3D('',#2571,#2075,#2076);
#1716=AXIS2_PLACEMENT_3D('',#2572,#2077,#2078);
#1717=AXIS2_PLACEMENT_3D('',#2574,#2079,#2080);
#1718=AXIS2_PLACEMENT_3D('',#2575,#2081,#2082);
#1719=AXIS2_PLACEMENT_3D('',#2576,#2083,#2084);
#1720=AXIS2_PLACEMENT_3D('',#2578,#2085,#2086);
#1721=AXIS2_PLACEMENT_3D('',#2579,#2087,#2088);
#1722=AXIS2_PLACEMENT_3D('',#2581,#2089,#2090);
#1723=AXIS2_PLACEMENT_3D('',#2582,#2091,#2092);
#1724=AXIS2_PLACEMENT_3D('',#2588,#2096,#2097);
#1725=AXIS2_PLACEMENT_3D('',#2592,#2100,#2101);
#1726=AXIS2_PLACEMENT_3D('',#2596,#2104,#2105);
#1727=AXIS2_PLACEMENT_3D('',#2598,#2107,#2108);
#1728=AXIS2_PLACEMENT_3D('',#2604,#2112,#2113);
#1729=AXIS2_PLACEMENT_3D('',#2608,#2116,#2117);
#1730=AXIS2_PLACEMENT_3D('',#2613,#2121,#2122);
#1731=AXIS2_PLACEMENT_3D('',#2614,#2123,#2124);
#1732=AXIS2_PLACEMENT_3D('',#2616,#2126,#2127);
#1733=AXIS2_PLACEMENT_3D('',#2617,#2128,#2129);
#1734=AXIS2_PLACEMENT_3D('',#2621,#2132,#2133);
#1735=AXIS2_PLACEMENT_3D('',#2625,#2136,#2137);
#1736=AXIS2_PLACEMENT_3D('',#2627,#2139,#2140);
#1737=AXIS2_PLACEMENT_3D('',#2628,#2141,#2142);
#1738=AXIS2_PLACEMENT_3D('',#2632,#2145,#2146);
#1739=AXIS2_PLACEMENT_3D('',#2636,#2149,#2150);
#1740=AXIS2_PLACEMENT_3D('',#2638,#2152,#2153);
#1741=AXIS2_PLACEMENT_3D('',#2639,#2154,#2155);
#1742=AXIS2_PLACEMENT_3D('',#2640,#2156,#2157);
#1743=AXIS2_PLACEMENT_3D('',#2642,#2159,#2160);
#1744=AXIS2_PLACEMENT_3D('',#2643,#2161,#2162);
#1745=AXIS2_PLACEMENT_3D('',#2644,#2163,#2164);
#1746=AXIS2_PLACEMENT_3D('',#2645,#2165,#2166);
#1747=AXIS2_PLACEMENT_3D('',#2646,#2167,#2168);
#1748=AXIS2_PLACEMENT_3D('',#2647,#2169,#2170);
#1749=AXIS2_PLACEMENT_3D('',#2648,#2171,#2172);
#1750=AXIS2_PLACEMENT_3D('',#2649,#2173,#2174);
#1751=AXIS2_PLACEMENT_3D('',#2650,#2175,#2176);
#1752=AXIS2_PLACEMENT_3D('',#2651,#2177,#2178);
#1753=AXIS2_PLACEMENT_3D('',#2652,#2179,#2180);
#1754=AXIS2_PLACEMENT_3D('',#2653,#2181,#2182);
#1755=AXIS2_PLACEMENT_3D('',#2654,#2183,#2184);
#1756=AXIS2_PLACEMENT_3D('',#2655,#2185,#2186);
#1757=AXIS2_PLACEMENT_3D('',#2656,#2187,#2188);
#1758=AXIS2_PLACEMENT_3D('',#2657,#2189,#2190);
#1759=AXIS2_PLACEMENT_3D('',#2658,#2191,#2192);
#1760=AXIS2_PLACEMENT_3D('',#2659,#2193,#2194);
#1761=AXIS2_PLACEMENT_3D('',#2660,#2195,#2196);
#1762=AXIS2_PLACEMENT_3D('',#2661,#2197,#2198);
#1763=AXIS2_PLACEMENT_3D('',#2662,#2199,#2200);
#1764=AXIS2_PLACEMENT_3D('',#2665,#2203,#2204);
#1765=AXIS2_PLACEMENT_3D('',#2667,#2206,#2207);
#1766=AXIS2_PLACEMENT_3D('',#2669,#2209,#2210);
#1767=DIRECTION('',(0.,0.,1.));
#1768=DIRECTION('',(1.,0.,0.));
#1769=DIRECTION('',(1.,-1.15560749803362E-15,0.));
#1770=DIRECTION('',(1.15560749803362E-15,1.,0.));
#1771=DIRECTION('',(-1.15560749803362E-15,-1.,3.14482395058648E-32));
#1772=DIRECTION('',(-2.00465945585374E-31,-1.7347234759768E-16,1.));
#1773=DIRECTION('',(1.15560749803362E-15,1.,0.));
#1774=DIRECTION('',(0.,0.,1.));
#1775=DIRECTION('',(0.,-1.,0.));
#1776=DIRECTION('',(0.,0.,-1.));
#1777=DIRECTION('',(0.707106781186547,0.,0.707106781186548));
#1778=DIRECTION('',(-2.00465945585374E-31,-1.7347234759768E-16,1.));
#1779=DIRECTION('',(1.,0.,0.));
#1780=DIRECTION('',(0.,0.,1.));
#1781=DIRECTION('',(1.,0.,0.));
#1782=DIRECTION('',(0.,0.,1.));
#1783=DIRECTION('',(-0.573576436351047,0.,0.819152044288992));
#1784=DIRECTION('',(0.,0.,1.));
#1785=DIRECTION('',(1.,-1.08763058638458E-15,0.));
#1786=DIRECTION('',(1.08763058638458E-15,1.,0.));
#1787=DIRECTION('',(0.,0.,1.));
#1788=DIRECTION('',(-1.08763058638458E-15,-1.,3.08174266136752E-32));
#1789=DIRECTION('',(0.,0.,1.));
#1790=DIRECTION('',(1.08763058638458E-15,1.,0.));
#1791=DIRECTION('',(0.,-1.,0.));
#1792=DIRECTION('',(0.,0.,-1.));
#1793=DIRECTION('',(-2.00465945585374E-31,-1.7347234759768E-16,1.));
#1794=DIRECTION('',(-0.707106781186547,0.,-0.707106781186548));
#1795=DIRECTION('',(0.,0.,-1.));
#1796=DIRECTION('',(0.573576436351047,0.,-0.819152044288992));
#1797=DIRECTION('',(0.,0.,1.));
#1798=DIRECTION('',(1.,0.,0.));
#1799=DIRECTION('',(0.,0.,1.));
#1800=DIRECTION('',(1.,0.,0.));
#1801=DIRECTION('',(0.707106781186548,0.,-0.707106781186547));
#1802=DIRECTION('',(-0.707106781186547,0.,-0.707106781186548));
#1803=DIRECTION('',(-1.15560749803362E-15,-1.,-1.15560749803362E-15));
#1804=DIRECTION('',(0.,-1.,0.));
#1805=DIRECTION('',(1.,-1.08763058638458E-15,0.));
#1806=DIRECTION('',(1.08763058638458E-15,1.,0.));
#1807=DIRECTION('',(0.,-1.,0.));
#1808=DIRECTION('',(1.08763058638458E-15,1.,0.));
#1809=DIRECTION('',(1.,-1.08763058638458E-15,0.));
#1810=DIRECTION('',(1.08763058638458E-15,1.,0.));
#1811=DIRECTION('',(-1.08763058638458E-15,-1.,3.08174266136752E-32));
#1812=DIRECTION('',(0.,0.,1.));
#1813=DIRECTION('',(1.08763058638458E-15,1.,0.));
#1814=DIRECTION('',(0.,0.,1.));
#1815=DIRECTION('',(1.,-1.08763058638458E-15,0.));
#1816=DIRECTION('',(1.08763058638458E-15,1.,0.));
#1817=DIRECTION('',(0.,0.,1.));
#1818=DIRECTION('',(-1.08763058638458E-15,-1.,3.08174266136752E-32));
#1819=DIRECTION('',(0.,0.,1.));
#1820=DIRECTION('',(1.08763058638458E-15,1.,0.));
#1821=DIRECTION('',(1.,-1.15560749803362E-15,0.));
#1822=DIRECTION('',(1.15560749803362E-15,1.,0.));
#1823=DIRECTION('',(-2.00465945585374E-31,-1.7347234759768E-16,1.));
#1824=DIRECTION('',(-1.15560749803362E-15,-1.,3.14482395058648E-32));
#1825=DIRECTION('',(0.,0.,1.));
#1826=DIRECTION('',(1.15560749803362E-15,1.,0.));
#1827=DIRECTION('',(0.,1.,0.));
#1828=DIRECTION('',(0.,0.,1.));
#1829=DIRECTION('',(1.,0.,-9.27981099592204E-18));
#1830=DIRECTION('',(0.,0.,1.));
#1831=DIRECTION('',(-1.,0.,0.));
#1832=DIRECTION('',(0.,0.,1.));
#1833=DIRECTION('',(-1.,-1.35953823298073E-16,0.));
#1834=DIRECTION('',(1.35953823298073E-16,-1.,0.));
#1835=DIRECTION('',(-1.35953823298073E-16,1.,-1.94627945542633E-32));
#1836=DIRECTION('',(0.,0.,1.));
#1837=DIRECTION('',(1.35953823298073E-16,-1.,0.));
#1838=DIRECTION('',(0.,0.,1.));
#1839=DIRECTION('',(2.09434488915778E-15,-1.,0.));
#1840=DIRECTION('',(1.,2.09434488915778E-15,0.));
#1841=DIRECTION('',(-1.,-2.09434488915778E-15,9.27981099592204E-18));
#1842=DIRECTION('',(0.,0.,1.));
#1843=DIRECTION('',(1.,2.09434488915778E-15,0.));
#1844=DIRECTION('',(0.,0.,1.));
#1845=DIRECTION('',(0.,0.,-1.));
#1846=DIRECTION('',(-1.,0.,0.));
#1847=DIRECTION('',(0.,0.,-1.));
#1848=DIRECTION('',(0.,0.,1.));
#1849=DIRECTION('',(1.,0.,0.));
#1850=DIRECTION('',(0.,0.,-1.));
#1851=DIRECTION('',(0.,0.,1.));
#1852=DIRECTION('',(1.,0.,0.));
#1853=DIRECTION('',(1.,1.35953823298073E-16,0.));
#1854=DIRECTION('',(-1.35953823298073E-16,1.,0.));
#1855=DIRECTION('',(0.,0.,-1.));
#1856=DIRECTION('',(1.35953823298073E-16,-1.,0.));
#1857=DIRECTION('',(1.35953823298073E-16,-1.,0.));
#1858=DIRECTION('',(0.,0.,1.));
#1859=DIRECTION('',(1.35953823298073E-16,-1.,0.));
#1860=DIRECTION('',(0.,0.,1.));
#1861=DIRECTION('',(1.35953823298073E-16,-1.,0.));
#1862=DIRECTION('',(1.35953823298073E-16,-1.,0.));
#1863=DIRECTION('',(1.35953823298073E-16,-1.,0.));
#1864=DIRECTION('',(0.,0.,1.));
#1865=DIRECTION('',(1.35953823298073E-16,-1.,0.));
#1866=DIRECTION('',(0.,0.,1.));
#1867=DIRECTION('',(1.35953823298073E-16,-1.,0.));
#1868=DIRECTION('',(0.,0.,-1.));
#1869=DIRECTION('',(-1.,0.,0.));
#1870=DIRECTION('',(0.,0.,-1.));
#1871=DIRECTION('',(0.,0.,1.));
#1872=DIRECTION('',(1.,0.,0.));
#1873=DIRECTION('',(0.,0.,1.));
#1874=DIRECTION('',(1.,0.,0.));
#1875=DIRECTION('',(-2.09434488915778E-16,1.,0.));
#1876=DIRECTION('',(-1.,-2.09434488915778E-16,0.));
#1877=DIRECTION('',(0.,0.,-1.));
#1878=DIRECTION('',(1.,2.09434488915778E-16,0.));
#1879=DIRECTION('',(1.,2.09434488915778E-16,0.));
#1880=DIRECTION('',(0.,0.,-1.));
#1881=DIRECTION('',(-1.,0.,0.));
#1882=DIRECTION('',(0.,0.,-1.));
#1883=DIRECTION('',(0.,0.,1.));
#1884=DIRECTION('',(1.,0.,0.));
#1885=DIRECTION('',(0.,0.,1.));
#1886=DIRECTION('',(1.,0.,0.));
#1887=DIRECTION('',(-1.,-2.03930734947109E-16,0.));
#1888=DIRECTION('',(2.03930734947109E-16,-1.,0.));
#1889=DIRECTION('',(0.,0.,-1.));
#1890=DIRECTION('',(-2.03930734947109E-16,1.,0.));
#1891=DIRECTION('',(-2.03930734947109E-16,1.,0.));
#1892=DIRECTION('',(0.,0.,-1.));
#1893=DIRECTION('',(-1.,0.,0.));
#1894=DIRECTION('',(0.,0.,-1.));
#1895=DIRECTION('',(0.,0.,1.));
#1896=DIRECTION('',(1.,0.,0.));
#1897=DIRECTION('',(0.,0.,1.));
#1898=DIRECTION('',(1.,0.,0.));
#1899=DIRECTION('',(0.,-1.,0.));
#1900=DIRECTION('',(0.,0.,-1.));
#1901=DIRECTION('',(-1.,0.,0.));
#1902=DIRECTION('',(-1.,0.,0.));
#1903=DIRECTION('',(0.,0.,1.));
#1904=DIRECTION('',(-1.,0.,0.));
#1905=DIRECTION('',(0.,0.,1.));
#1906=DIRECTION('',(-1.,0.,0.));
#1907=DIRECTION('',(0.,0.,1.));
#1908=DIRECTION('',(-1.,0.,0.));
#1909=DIRECTION('',(0.,0.,1.));
#1910=DIRECTION('',(1.,0.,0.));
#1911=DIRECTION('',(1.,0.,0.));
#1912=DIRECTION('',(0.,-1.,0.));
#1913=DIRECTION('',(-1.,0.,0.));
#1914=DIRECTION('',(0.,1.,0.));
#1915=DIRECTION('',(-1.,0.,0.));
#1916=DIRECTION('',(0.,0.,1.));
#1917=DIRECTION('',(1.,0.,0.));
#1918=DIRECTION('',(1.35953823298073E-16,-1.,0.));
#1919=DIRECTION('',(0.,0.,1.));
#1920=DIRECTION('',(1.,0.,0.));
#1921=DIRECTION('',(1.,2.09434488915778E-16,0.));
#1922=DIRECTION('',(0.,0.,1.));
#1923=DIRECTION('',(1.,0.,0.));
#1924=DIRECTION('',(-2.03930734947109E-16,1.,0.));
#1925=DIRECTION('',(0.,0.,1.));
#1926=DIRECTION('',(1.,0.,0.));
#1927=DIRECTION('',(0.,0.,-1.));
#1928=DIRECTION('',(-1.,0.,0.));
#1929=DIRECTION('',(0.,0.,-1.));
#1930=DIRECTION('',(-1.,0.,0.));
#1931=DIRECTION('',(0.,0.,-1.));
#1932=DIRECTION('',(-1.,0.,0.));
#1933=DIRECTION('',(0.,0.,-1.));
#1934=DIRECTION('',(-1.,0.,0.));
#1935=DIRECTION('',(0.,0.,1.));
#1936=DIRECTION('',(1.,0.,0.));
#1937=DIRECTION('',(1.08763058638458E-15,1.,0.));
#1938=DIRECTION('',(-1.,0.,0.));
#1939=DIRECTION('',(2.77555756156289E-15,-1.,0.));
#1940=DIRECTION('',(1.,0.,0.));
#1941=DIRECTION('',(0.,1.,0.));
#1942=DIRECTION('',(1.,0.,0.));
#1943=DIRECTION('',(0.,0.,-1.));
#1944=DIRECTION('',(-1.,0.,0.));
#1945=DIRECTION('',(-1.,0.,0.));
#1946=DIRECTION('',(0.,0.,-1.));
#1947=DIRECTION('',(-1.,0.,0.));
#1948=DIRECTION('',(2.71907646596145E-16,-1.,0.));
#1949=DIRECTION('',(0.,0.,-1.));
#1950=DIRECTION('',(-1.,0.,0.));
#1951=DIRECTION('',(1.,1.67547591132623E-15,0.));
#1952=DIRECTION('',(0.,0.,-1.));
#1953=DIRECTION('',(-1.,0.,0.));
#1954=DIRECTION('',(9.27981099592204E-18,2.07244203386424E-32,1.));
#1955=DIRECTION('',(1.,1.69227734503348E-16,-9.27981099592204E-18));
#1956=DIRECTION('',(0.,0.,-1.));
#1957=DIRECTION('',(-1.,0.,0.));
#1958=DIRECTION('',(0.,0.,-1.));
#1959=DIRECTION('',(-1.,0.,0.));
#1960=DIRECTION('',(0.,0.,-1.));
#1961=DIRECTION('',(-1.,0.,0.));
#1962=DIRECTION('',(0.,0.,-1.));
#1963=DIRECTION('',(-1.,0.,0.));
#1964=DIRECTION('',(1.,-1.15560749803362E-15,0.));
#1965=DIRECTION('',(1.,0.,-9.27981099592204E-18));
#1966=DIRECTION('',(0.,1.,-2.07244203386424E-32));
#1967=DIRECTION('',(0.,1.,-2.07244203386424E-32));
#1968=DIRECTION('',(-1.,0.,9.27981099592204E-18));
#1969=DIRECTION('',(-1.,0.,9.27981099592204E-18));
#1970=DIRECTION('',(0.,-1.,2.07244203386424E-32));
#1971=DIRECTION('',(0.,-1.,2.07244203386424E-32));
#1972=DIRECTION('',(1.,0.,-9.27981099592204E-18));
#1973=DIRECTION('',(1.,-1.15560749803362E-15,0.));
#1974=DIRECTION('',(-1.08763058638458E-15,-1.,3.08174266136752E-32));
#1975=DIRECTION('',(-1.08763058638458E-15,-1.,3.08174266136752E-32));
#1976=DIRECTION('',(9.27981099592204E-18,2.07244203386424E-32,1.));
#1977=DIRECTION('',(1.,0.,-9.27981099592204E-18));
#1978=DIRECTION('',(-1.,-1.67547591132623E-15,9.27981099592204E-18));
#1979=DIRECTION('',(9.27981099592204E-18,2.07244203386424E-32,1.));
#1980=DIRECTION('',(1.,0.,-9.27981099592204E-18));
#1981=DIRECTION('',(-2.71907646596145E-16,1.,-1.82011687698842E-32));
#1982=DIRECTION('',(9.27981099592204E-18,2.07244203386424E-32,1.));
#1983=DIRECTION('',(1.,0.,-9.27981099592204E-18));
#1984=DIRECTION('',(1.,0.,-9.27981099592204E-18));
#1985=DIRECTION('',(9.27981099592204E-18,2.07244203386424E-32,1.));
#1986=DIRECTION('',(1.,0.,-9.27981099592204E-18));
#1987=DIRECTION('',(-1.08763058638458E-15,-1.,3.08174266136752E-32));
#1988=DIRECTION('',(0.,0.,1.));
#1989=DIRECTION('',(1.,0.,0.));
#1990=DIRECTION('',(0.,0.,1.));
#1991=DIRECTION('',(1.,-1.08763058638458E-15,0.));
#1992=DIRECTION('',(1.08763058638458E-15,1.,0.));
#1993=DIRECTION('',(0.,0.,1.));
#1994=DIRECTION('',(0.,0.,1.));
#1995=DIRECTION('',(0.,1.,0.));
#1996=DIRECTION('',(0.,0.,1.));
#1997=DIRECTION('',(0.,0.,1.));
#1998=DIRECTION('',(0.,0.,1.));
#1999=DIRECTION('',(1.,0.,0.));
#2000=DIRECTION('',(0.,0.,1.));
#2001=DIRECTION('',(-1.,-2.71907646596145E-16,0.));
#2002=DIRECTION('',(2.71907646596145E-16,-1.,0.));
#2003=DIRECTION('',(0.,0.,1.));
#2004=DIRECTION('',(0.,0.,1.));
#2005=DIRECTION('',(1.,0.,0.));
#2006=DIRECTION('',(0.,0.,1.));
#2007=DIRECTION('',(1.67547591132623E-15,-1.,0.));
#2008=DIRECTION('',(1.,1.67547591132623E-15,0.));
#2009=DIRECTION('',(0.,0.,1.));
#2010=DIRECTION('',(0.,0.,1.));
#2011=DIRECTION('',(1.,0.,0.));
#2012=DIRECTION('',(0.,0.,1.));
#2013=DIRECTION('',(1.,0.,0.));
#2014=DIRECTION('',(-1.,0.,0.));
#2015=DIRECTION('',(0.,1.,0.));
#2016=DIRECTION('',(-1.,0.,0.));
#2017=DIRECTION('',(0.,1.,0.));
#2018=DIRECTION('',(0.,-1.,0.));
#2019=DIRECTION('',(-1.,0.,0.));
#2020=DIRECTION('',(1.,-1.15560749803362E-15,0.));
#2021=DIRECTION('',(1.,0.,0.));
#2022=DIRECTION('',(1.15560749803362E-15,1.,0.));
#2023=DIRECTION('',(-1.,0.,0.));
#2024=DIRECTION('',(1.,-1.15560749803362E-15,0.));
#2025=DIRECTION('',(-1.,0.,0.));
#2026=DIRECTION('',(0.,1.,0.));
#2027=DIRECTION('',(0.,1.,0.));
#2028=DIRECTION('',(1.,0.,0.));
#2029=DIRECTION('',(1.,0.,0.));
#2030=DIRECTION('',(0.,-1.,0.));
#2031=DIRECTION('',(1.,0.,0.));
#2032=DIRECTION('',(0.,0.,-1.));
#2033=DIRECTION('',(0.,0.,1.));
#2034=DIRECTION('',(0.,1.,0.));
#2035=DIRECTION('',(0.,0.,1.));
#2036=DIRECTION('',(0.,-1.,0.));
#2037=DIRECTION('',(0.,0.,-1.));
#2038=DIRECTION('',(0.,0.,1.));
#2039=DIRECTION('',(1.,0.,0.));
#2040=DIRECTION('',(0.,0.,-1.));
#2041=DIRECTION('',(-1.,0.,0.));
#2042=DIRECTION('',(0.,0.,1.));
#2043=DIRECTION('',(0.,0.,1.));
#2044=DIRECTION('',(0.,-1.,0.));
#2045=DIRECTION('',(0.,0.,-1.));
#2046=DIRECTION('',(0.,1.,0.));
#2047=DIRECTION('',(0.,0.,1.));
#2048=DIRECTION('',(0.,0.,1.));
#2049=DIRECTION('',(-1.,0.,0.));
#2050=DIRECTION('',(0.,0.,1.));
#2051=DIRECTION('',(0.,0.,-1.));
#2052=DIRECTION('',(-1.,0.,0.));
#2053=DIRECTION('',(0.,0.,-1.));
#2054=DIRECTION('',(-1.,0.,0.));
#2055=DIRECTION('',(0.,0.,1.));
#2056=DIRECTION('',(1.,0.,0.));
#2057=DIRECTION('',(0.,0.,-1.));
#2058=DIRECTION('',(-1.,0.,0.));
#2059=DIRECTION('',(0.,0.,-1.));
#2060=DIRECTION('',(-1.,0.,0.));
#2061=DIRECTION('',(0.,0.,-1.));
#2062=DIRECTION('',(-1.,0.,0.));
#2063=DIRECTION('',(0.,0.,-1.));
#2064=DIRECTION('',(-1.,0.,0.));
#2065=DIRECTION('',(0.,0.,1.));
#2066=DIRECTION('',(1.,0.,0.));
#2067=DIRECTION('',(0.,0.,-1.));
#2068=DIRECTION('',(-1.,0.,0.));
#2069=DIRECTION('',(0.,0.,-1.));
#2070=DIRECTION('',(-1.,0.,0.));
#2071=DIRECTION('',(0.,0.,-1.));
#2072=DIRECTION('',(-1.,0.,0.));
#2073=DIRECTION('',(0.,0.,-1.));
#2074=DIRECTION('',(-1.,0.,0.));
#2075=DIRECTION('',(0.,0.,1.));
#2076=DIRECTION('',(1.,0.,0.));
#2077=DIRECTION('',(0.,0.,-1.));
#2078=DIRECTION('',(-1.,0.,0.));
#2079=DIRECTION('',(0.,0.,-1.));
#2080=DIRECTION('',(-1.,0.,0.));
#2081=DIRECTION('',(0.,0.,-1.));
#2082=DIRECTION('',(-1.,0.,0.));
#2083=DIRECTION('',(0.,0.,-1.));
#2084=DIRECTION('',(-1.,0.,0.));
#2085=DIRECTION('',(0.,0.,1.));
#2086=DIRECTION('',(1.,0.,0.));
#2087=DIRECTION('',(0.,0.,-1.));
#2088=DIRECTION('',(-1.,0.,0.));
#2089=DIRECTION('',(0.,0.,-1.));
#2090=DIRECTION('',(-1.,0.,0.));
#2091=DIRECTION('',(-1.,0.,0.));
#2092=DIRECTION('',(0.,0.,1.));
#2093=DIRECTION('',(0.,0.,1.));
#2094=DIRECTION('',(0.,1.,0.));
#2095=DIRECTION('',(0.,0.,1.));
#2096=DIRECTION('',(0.,-1.,0.));
#2097=DIRECTION('',(0.,0.,-1.));
#2098=DIRECTION('',(0.,0.,1.));
#2099=DIRECTION('',(1.,0.,0.));
#2100=DIRECTION('',(0.,-1.,0.));
#2101=DIRECTION('',(0.,0.,-1.));
#2102=DIRECTION('',(-1.,0.,0.));
#2103=DIRECTION('',(0.,0.,1.));
#2104=DIRECTION('',(-1.,0.,0.));
#2105=DIRECTION('',(0.,0.,1.));
#2106=DIRECTION('',(0.,-1.,0.));
#2107=DIRECTION('',(-1.,0.,0.));
#2108=DIRECTION('',(0.,0.,1.));
#2109=DIRECTION('',(0.,-1.,0.));
#2110=DIRECTION('',(0.,0.,1.));
#2111=DIRECTION('',(0.,-1.,0.));
#2112=DIRECTION('',(-1.,-2.77555756156289E-15,0.));
#2113=DIRECTION('',(2.77555756156289E-15,-1.,0.));
#2114=DIRECTION('',(2.77555756156289E-15,-1.,0.));
#2115=DIRECTION('',(0.,0.,1.));
#2116=DIRECTION('',(0.,-1.,0.));
#2117=DIRECTION('',(0.,0.,-1.));
#2118=DIRECTION('',(1.,0.,0.));
#2119=DIRECTION('',(1.,7.70988211545248E-16,0.));
#2120=DIRECTION('',(0.,0.,1.));
#2121=DIRECTION('',(0.,0.,-1.));
#2122=DIRECTION('',(-1.,0.,0.));
#2123=DIRECTION('',(1.,0.,0.));
#2124=DIRECTION('',(0.,0.,-1.));
#2125=DIRECTION('',(0.,1.,0.));
#2126=DIRECTION('',(0.,0.,-1.));
#2127=DIRECTION('',(1.,0.,0.));
#2128=DIRECTION('',(0.,-1.,0.));
#2129=DIRECTION('',(0.,0.,-1.));
#2130=DIRECTION('',(0.,0.,1.));
#2131=DIRECTION('',(1.,0.,0.));
#2132=DIRECTION('',(1.,-1.08763058638458E-15,0.));
#2133=DIRECTION('',(1.08763058638458E-15,1.,0.));
#2134=DIRECTION('',(0.,0.,1.));
#2135=DIRECTION('',(1.08763058638458E-15,1.,0.));
#2136=DIRECTION('',(0.,-1.,0.));
#2137=DIRECTION('',(0.,0.,-1.));
#2138=DIRECTION('',(1.,0.,0.));
#2139=DIRECTION('',(0.,0.,-1.));
#2140=DIRECTION('',(1.,0.,0.));
#2141=DIRECTION('',(0.,1.,0.));
#2142=DIRECTION('',(0.,0.,1.));
#2143=DIRECTION('',(0.,0.,1.));
#2144=DIRECTION('',(-1.,0.,0.));
#2145=DIRECTION('',(1.,-1.08763058638458E-15,0.));
#2146=DIRECTION('',(1.08763058638458E-15,1.,0.));
#2147=DIRECTION('',(0.,0.,1.));
#2148=DIRECTION('',(1.08763058638458E-15,1.,0.));
#2149=DIRECTION('',(0.,1.,0.));
#2150=DIRECTION('',(0.,0.,1.));
#2151=DIRECTION('',(-1.,0.,0.));
#2152=DIRECTION('',(0.,0.,-1.));
#2153=DIRECTION('',(1.,0.,0.));
#2154=DIRECTION('',(0.,0.,-1.));
#2155=DIRECTION('',(-1.,0.,0.));
#2156=DIRECTION('',(1.,0.,0.));
#2157=DIRECTION('',(0.,0.,-1.));
#2158=DIRECTION('',(0.,-1.,0.));
#2159=DIRECTION('',(0.819152044288992,0.,0.573576436351047));
#2160=DIRECTION('',(0.573576436351047,0.,-0.819152044288992));
#2161=DIRECTION('',(1.15560749803362E-15,1.,1.7347234759768E-16));
#2162=DIRECTION('',(-1.,1.15560749803362E-15,0.));
#2163=DIRECTION('',(1.15560749803362E-15,1.,1.7347234759768E-16));
#2164=DIRECTION('',(-1.,1.15560749803362E-15,0.));
#2165=DIRECTION('',(1.,-1.15560749803362E-15,0.));
#2166=DIRECTION('',(1.15560749803362E-15,1.,0.));
#2167=DIRECTION('',(0.,0.,1.));
#2168=DIRECTION('',(1.,0.,0.));
#2169=DIRECTION('',(-1.,0.,0.));
#2170=DIRECTION('',(0.,0.,1.));
#2171=DIRECTION('',(0.,1.,0.));
#2172=DIRECTION('',(0.,0.,1.));
#2173=DIRECTION('',(2.03930734947109E-16,-1.,0.));
#2174=DIRECTION('',(1.,2.03930734947109E-16,0.));
#2175=DIRECTION('',(0.,1.,0.));
#2176=DIRECTION('',(0.,0.,1.));
#2177=DIRECTION('',(-1.,-2.09434488915778E-16,0.));
#2178=DIRECTION('',(2.09434488915778E-16,-1.,0.));
#2179=DIRECTION('',(-1.,0.,0.));
#2180=DIRECTION('',(0.,0.,1.));
#2181=DIRECTION('',(0.,0.,1.));
#2182=DIRECTION('',(1.,0.,0.));
#2183=DIRECTION('',(-1.,0.,0.));
#2184=DIRECTION('',(0.,0.,1.));
#2185=DIRECTION('',(0.,0.,1.));
#2186=DIRECTION('',(1.,0.,0.));
#2187=DIRECTION('',(0.,1.,0.));
#2188=DIRECTION('',(0.,0.,1.));
#2189=DIRECTION('',(1.,0.,0.));
#2190=DIRECTION('',(0.,0.,-1.));
#2191=DIRECTION('',(-1.,0.,0.));
#2192=DIRECTION('',(0.,0.,1.));
#2193=DIRECTION('',(-1.35953823298073E-16,1.,0.));
#2194=DIRECTION('',(-1.,-1.35953823298073E-16,0.));
#2195=DIRECTION('',(0.,1.,0.));
#2196=DIRECTION('',(0.,0.,1.));
#2197=DIRECTION('',(0.,0.,1.));
#2198=DIRECTION('',(1.,0.,0.));
#2199=DIRECTION('',(0.5,0.,0.866025403784439));
#2200=DIRECTION('',(0.,1.,0.));
#2201=DIRECTION('',(-0.654653670707977,-0.654653670707977,0.377964473009227));
#2202=DIRECTION('',(0.654653670707977,-0.654653670707978,-0.377964473009227));
#2203=DIRECTION('',(0.,0.5,-0.866025403784439));
#2204=DIRECTION('',(1.,0.,0.));
#2205=DIRECTION('',(0.654653670707977,0.654653670707978,0.377964473009227));
#2206=DIRECTION('',(0.,0.5,0.866025403784439));
#2207=DIRECTION('',(-1.,0.,0.));
#2208=DIRECTION('',(0.654653670707977,-0.654653670707977,0.377964473009227));
#2209=DIRECTION('',(0.5,0.,-0.866025403784439));
#2210=DIRECTION('',(0.,-1.,0.));
#2211=CARTESIAN_POINT('',(0.,0.,0.));
#2212=CARTESIAN_POINT('',(-0.0341573723647454,0.0106102526670183,-0.005002));
#2213=CARTESIAN_POINT('',(-0.0341573723647454,0.0106102526670183,-0.005));
#2214=CARTESIAN_POINT('',(-0.0341573723647455,-0.00249026806826573,-0.005));
#2215=CARTESIAN_POINT('',(-0.0341573723647455,-0.0324156553847817,-0.005));
#2216=CARTESIAN_POINT('',(-0.0341573723647455,-0.00249026806826573,-0.0025));
#2217=CARTESIAN_POINT('',(-0.0341573723647455,-0.00249026806826573,0.));
#2218=CARTESIAN_POINT('',(-0.0341573723647454,0.0106102526670183,0.));
#2219=CARTESIAN_POINT('',(-0.0341573723647455,-0.0324156553847817,0.));
#2220=CARTESIAN_POINT('',(-0.0341573723647455,-0.0324156553847817,-0.005002));
#2221=CARTESIAN_POINT('',(-0.0381573723647455,-0.00249026806826573,-0.283369218776327));
#2222=CARTESIAN_POINT('',(-0.0374073723647455,-0.00249026806826573,-0.0011077779898868));
#2223=CARTESIAN_POINT('',(-0.0381573723647455,-0.00249026806826573,-0.00185777798988679));
#2224=CARTESIAN_POINT('',(-0.0369773723647455,-0.00249026806826573,-0.000677777989886795));
#2225=CARTESIAN_POINT('',(-0.0369773723647455,-0.00249026806826573,-0.0025));
#2226=CARTESIAN_POINT('',(-0.0369773723647455,-0.00249026806826573,0.));
#2227=CARTESIAN_POINT('',(-0.0381573723647455,-0.00249026806826573,0.));
#2228=CARTESIAN_POINT('',(-0.0396573723647455,-0.00249026806826573,0.));
#2229=CARTESIAN_POINT('',(-0.0396573723647455,-0.00249026806826573,-0.283369218776327));
#2230=CARTESIAN_POINT('',(-0.0396573723647455,-0.00249026806826573,-0.0095));
#2231=CARTESIAN_POINT('',(-0.0381573723647455,-0.00249026806826573,-0.0095));
#2232=CARTESIAN_POINT('',(-0.0366573723647454,-0.00249026806826573,-0.0095));
#2233=CARTESIAN_POINT('',(-0.0366573723647454,-0.00249026806826573,-0.283369218776327));
#2234=CARTESIAN_POINT('',(-0.0366573723647454,-0.00249026806826573,-0.007));
#2235=CARTESIAN_POINT('',(-0.0374073723647455,-0.00249026806826573,-0.0059288889949434));
#2236=CARTESIAN_POINT('',(-0.0381573723647455,-0.00249026806826573,-0.0048577779898868));
#2237=CARTESIAN_POINT('',(-0.0381573723647455,-0.00249026806826573,-0.0033577779898868));
#2238=CARTESIAN_POINT('',(-0.0366573723647454,0.0106102526670183,-0.005002));
#2239=CARTESIAN_POINT('',(-0.0366573723647454,-0.00249026806826573,-0.283369218776327));
#2240=CARTESIAN_POINT('',(-0.0366573723647454,-0.00249026806826573,-0.005));
#2241=CARTESIAN_POINT('',(-0.0366573723647454,-0.00249026806826573,0.));
#2242=CARTESIAN_POINT('',(-0.0366573723647454,0.0106102526670183,-0.005));
#2243=CARTESIAN_POINT('',(-0.0366573723647454,-0.00849026806826573,-0.005));
#2244=CARTESIAN_POINT('',(-0.0366573723647454,-0.00849026806826573,-0.006));
#2245=CARTESIAN_POINT('',(-0.0366573723647454,-0.00849026806826573,0.));
#2246=CARTESIAN_POINT('',(-0.0366573723647454,0.0106102526670183,0.));
#2247=CARTESIAN_POINT('',(-0.0381573723647455,0.00300973193173427,-0.283369218776327));
#2248=CARTESIAN_POINT('',(-0.0369773723647455,0.00300973193173427,-0.0025));
#2249=CARTESIAN_POINT('',(-0.0369773723647455,0.00300973193173427,-0.000677777989886795));
#2250=CARTESIAN_POINT('',(-0.0369773723647455,0.00300973193173427,0.));
#2251=CARTESIAN_POINT('',(-0.0374073723647455,0.00300973193173427,-0.0011077779898868));
#2252=CARTESIAN_POINT('',(-0.0381573723647455,0.00300973193173427,-0.0018577779898868));
#2253=CARTESIAN_POINT('',(-0.0381573723647455,0.00300973193173427,-0.0033577779898868));
#2254=CARTESIAN_POINT('',(-0.0381573723647455,0.00300973193173427,-0.0048577779898868));
#2255=CARTESIAN_POINT('',(-0.0374073723647455,0.00300973193173427,-0.0059288889949434));
#2256=CARTESIAN_POINT('',(-0.0366573723647454,0.00300973193173427,-0.007));
#2257=CARTESIAN_POINT('',(-0.0366573723647454,0.00300973193173427,-0.283369218776327));
#2258=CARTESIAN_POINT('',(-0.0366573723647454,0.00300973193173427,-0.0095));
#2259=CARTESIAN_POINT('',(-0.0381573723647455,0.00300973193173427,-0.0095));
#2260=CARTESIAN_POINT('',(-0.0396573723647455,0.00300973193173427,-0.0095));
#2261=CARTESIAN_POINT('',(-0.0396573723647455,0.00300973193173427,-0.283369218776327));
#2262=CARTESIAN_POINT('',(-0.0396573723647455,0.00300973193173427,0.));
#2263=CARTESIAN_POINT('',(-0.0381573723647455,0.00300973193173427,0.));
#2264=CARTESIAN_POINT('',(-0.0374073723647455,0.00301173193173427,-0.0011077779898868));
#2265=CARTESIAN_POINT('',(-0.0369773723647455,0.00301173193173427,-0.000677777989886791));
#2266=CARTESIAN_POINT('',(-0.0381573723647455,0.00301173193173427,-0.0018577779898868));
#2267=CARTESIAN_POINT('',(-0.0366573723647454,0.0106102526670183,-0.283369218776327));
#2268=CARTESIAN_POINT('',(-0.0366573723647454,0.00301173193173427,-0.007));
#2269=CARTESIAN_POINT('',(-0.0366573723647454,0.0106102526670183,-0.0095));
#2270=CARTESIAN_POINT('',(-0.0366573723647454,0.0106102526670183,-0.005002));
#2271=CARTESIAN_POINT('',(-0.0366573723647454,0.0106102526670183,-0.005));
#2272=CARTESIAN_POINT('',(-0.0366573723647454,0.0406361607188183,-0.005));
#2273=CARTESIAN_POINT('',(-0.0366573723647454,0.00300973193173427,-0.005));
#2274=CARTESIAN_POINT('',(-0.0366573723647454,0.00300973193173427,-0.283369218776327));
#2275=CARTESIAN_POINT('',(-0.0366573723647454,0.00300973193173427,0.));
#2276=CARTESIAN_POINT('',(-0.0366573723647454,0.0106102526670183,0.));
#2277=CARTESIAN_POINT('',(-0.0366573723647454,0.0406361607188183,0.));
#2278=CARTESIAN_POINT('',(-0.0366573723647454,0.0406361607188183,-0.01));
#2279=CARTESIAN_POINT('',(-0.0366573723647454,0.0106102526670183,-0.005002));
#2280=CARTESIAN_POINT('',(-0.0366573723647454,-0.0169902680682658,-0.006));
#2281=CARTESIAN_POINT('',(-0.0366573723647454,-0.0169902680682658,-0.005));
#2282=CARTESIAN_POINT('',(-0.0366573723647454,-0.0169902680682658,0.));
#2283=CARTESIAN_POINT('',(-0.0366573723647454,0.0106102526670183,-0.005));
#2284=CARTESIAN_POINT('',(-0.0366573723647455,-0.0404283554101817,-0.005));
#2285=CARTESIAN_POINT('',(-0.0366573723647455,-0.0404283554101817,-0.005002));
#2286=CARTESIAN_POINT('',(-0.0366573723647455,-0.0404283554101817,0.));
#2287=CARTESIAN_POINT('',(-0.0366573723647454,0.0106102526670183,0.));
#2288=CARTESIAN_POINT('',(-0.0341573723647454,0.0106102526670183,-0.005002));
#2289=CARTESIAN_POINT('',(-0.0341573723647455,0.00300973193173427,-0.0025));
#2290=CARTESIAN_POINT('',(-0.0341573723647455,0.00300973193173427,-0.005));
#2291=CARTESIAN_POINT('',(-0.0341573723647455,0.00300973193173427,0.));
#2292=CARTESIAN_POINT('',(-0.0341573723647454,0.0106102526670183,-0.005));
#2293=CARTESIAN_POINT('',(-0.0341573723647454,0.0541361607188182,-0.005));
#2294=CARTESIAN_POINT('',(-0.0341573723647454,0.0541361607188182,-0.005002));
#2295=CARTESIAN_POINT('',(-0.0341573723647454,0.0541361607188182,0.));
#2296=CARTESIAN_POINT('',(-0.0341573723647454,0.0106102526670183,0.));
#2297=CARTESIAN_POINT('',(-3.85001270039806E-5,-0.0414156553847817,-0.005002));
#2298=CARTESIAN_POINT('',(-3.85001270039806E-5,-0.0414156553847817,-0.005));
#2299=CARTESIAN_POINT('',(-0.0251573723647455,-0.0414156553847817,-0.005));
#2300=CARTESIAN_POINT('',(0.0250803721107375,-0.0414156553847817,-0.005));
#2301=CARTESIAN_POINT('',(-0.0251573723647455,-0.0414156553847817,-0.005002));
#2302=CARTESIAN_POINT('',(-0.0251573723647455,-0.0414156553847817,0.));
#2303=CARTESIAN_POINT('',(-3.85001270039806E-5,-0.0414156553847817,0.));
#2304=CARTESIAN_POINT('',(0.0250803721107375,-0.0414156553847817,0.));
#2305=CARTESIAN_POINT('',(0.0250803721107375,-0.0414156553847817,-0.005002));
#2306=CARTESIAN_POINT('',(0.0340803721107375,0.0106102526670183,-0.005002));
#2307=CARTESIAN_POINT('',(0.0340803721107375,0.0106102526670183,-0.005));
#2308=CARTESIAN_POINT('',(0.0340803721107375,-0.0324156553847817,-0.005));
#2309=CARTESIAN_POINT('',(0.0340803721107375,0.0536361607188183,-0.005));
#2310=CARTESIAN_POINT('',(0.0340803721107375,-0.0324156553847817,-0.005002));
#2311=CARTESIAN_POINT('',(0.0340803721107375,-0.0324156553847817,0.));
#2312=CARTESIAN_POINT('',(0.0340803721107375,0.0106102526670183,0.));
#2313=CARTESIAN_POINT('',(0.0340803721107375,0.0536361607188183,0.));
#2314=CARTESIAN_POINT('',(0.0340803721107375,0.0536361607188183,-0.005002));
#2315=CARTESIAN_POINT('',(-3.85001270039876E-5,0.0626361607188182,-0.005002));
#2316=CARTESIAN_POINT('',(-3.85001270039876E-5,0.0626361607188182,-0.005));
#2317=CARTESIAN_POINT('',(0.0250803721107375,0.0626361607188183,-0.005));
#2318=CARTESIAN_POINT('',(-0.0221573723647455,0.0626361607188182,-0.005));
#2319=CARTESIAN_POINT('',(0.0250803721107375,0.0626361607188183,-0.005002));
#2320=CARTESIAN_POINT('',(0.0250803721107375,0.0626361607188183,0.));
#2321=CARTESIAN_POINT('',(-3.85001270039876E-5,0.0626361607188182,0.));
#2322=CARTESIAN_POINT('',(-0.0221573723647455,0.0626361607188182,0.));
#2323=CARTESIAN_POINT('',(-0.0221573723647455,0.0626361607188182,-0.005002));
#2324=CARTESIAN_POINT('',(-0.0331700723901455,0.0616488607442183,0.002));
#2325=CARTESIAN_POINT('',(-0.0396573723647453,0.0616488607442183,0.002));
#2326=CARTESIAN_POINT('',(-0.0396573723647453,0.0616488607442183,0.001));
#2327=CARTESIAN_POINT('',(-0.0396573723647453,0.0616488607442183,0.));
#2328=CARTESIAN_POINT('',(-0.0331700723901455,0.0616488607442183,0.001));
#2329=CARTESIAN_POINT('',(-0.0331700723901455,0.0681361607188182,0.001));
#2330=CARTESIAN_POINT('',(-0.0331700723901455,0.0681361607188182,0.002));
#2331=CARTESIAN_POINT('',(-0.0331700723901455,0.0681361607188182,0.));
#2332=CARTESIAN_POINT('',(-0.0331700723901455,0.0616488607442183,0.));
#2333=CARTESIAN_POINT('',(-0.0396573723647455,0.0248602526670182,0.002));
#2334=CARTESIAN_POINT('',(-0.0396573723647455,-0.0404283554101817,0.002));
#2335=CARTESIAN_POINT('',(-0.0396573723647455,-0.0404283554101817,0.001));
#2336=CARTESIAN_POINT('',(-0.0396573723647455,-0.0404283554101817,0.));
#2337=CARTESIAN_POINT('',(-0.0396573723647455,0.0616488607442183,0.001));
#2338=CARTESIAN_POINT('',(-0.0396573723647455,0.0248602526670182,0.));
#2339=CARTESIAN_POINT('',(-0.0396573723647455,0.0536361607188182,0.));
#2340=CARTESIAN_POINT('',(-0.0396573723647455,0.0536361607188182,-0.01));
#2341=CARTESIAN_POINT('',(-0.0396573723647455,0.0536361607188182,-0.01));
#2342=CARTESIAN_POINT('',(-0.0396573723647455,0.0248602526670182,-0.01));
#2343=CARTESIAN_POINT('',(-0.0396573723647455,0.0406361607188183,-0.01));
#2344=CARTESIAN_POINT('',(-0.0396573723647455,0.0406361607188183,-0.01));
#2345=CARTESIAN_POINT('',(-0.0396573723647455,0.0406361607188183,0.));
#2346=CARTESIAN_POINT('',(-0.0396573723647455,0.0248602526670182,0.));
#2347=CARTESIAN_POINT('',(-0.0396573723647455,0.0248602526670182,-0.0095));
#2348=CARTESIAN_POINT('',(-0.0396573723647455,0.0248602526670182,0.));
#2349=CARTESIAN_POINT('',(-0.0396573723647455,-0.00849026806826573,0.));
#2350=CARTESIAN_POINT('',(-0.0396573723647455,-0.00849026806826573,-0.006));
#2351=CARTESIAN_POINT('',(-0.0396573723647455,-0.00849026806826573,-0.006));
#2352=CARTESIAN_POINT('',(-0.0396573723647455,0.0248602526670182,-0.006));
#2353=CARTESIAN_POINT('',(-0.0396573723647455,-0.0169902680682658,-0.006));
#2354=CARTESIAN_POINT('',(-0.0396573723647455,-0.0169902680682658,-0.006));
#2355=CARTESIAN_POINT('',(-0.0396573723647455,-0.0169902680682658,0.));
#2356=CARTESIAN_POINT('',(-0.0396573723647455,0.0248602526670182,0.));
#2357=CARTESIAN_POINT('',(-0.0331700723901455,-0.0404283554101817,0.002));
#2358=CARTESIAN_POINT('',(-0.0331700723901455,-0.0469156553847817,0.002));
#2359=CARTESIAN_POINT('',(-0.0331700723901455,-0.0469156553847817,0.001));
#2360=CARTESIAN_POINT('',(-0.0331700723901455,-0.0469156553847817,0.));
#2361=CARTESIAN_POINT('',(-0.0331700723901455,-0.0404283554101817,0.001));
#2362=CARTESIAN_POINT('',(-0.0331700723901455,-0.0404283554101817,0.));
#2363=CARTESIAN_POINT('',(-3.85001270039795E-5,-0.0469156553847817,0.002));
#2364=CARTESIAN_POINT('',(0.0330930721361375,-0.0469156553847817,0.002));
#2365=CARTESIAN_POINT('',(0.0330930721361375,-0.0469156553847817,0.001));
#2366=CARTESIAN_POINT('',(0.0330930721361375,-0.0469156553847817,0.));
#2367=CARTESIAN_POINT('',(-0.0331700723901455,-0.0469156553847817,0.001));
#2368=CARTESIAN_POINT('',(-3.85001270039795E-5,-0.0469156553847817,0.));
#2369=CARTESIAN_POINT('',(0.0330930721361375,-0.0404283554101817,0.002));
#2370=CARTESIAN_POINT('',(0.0395803721107375,-0.0404283554101817,0.002));
#2371=CARTESIAN_POINT('',(0.0395803721107375,-0.0404283554101817,0.001));
#2372=CARTESIAN_POINT('',(0.0395803721107375,-0.0404283554101817,0.));
#2373=CARTESIAN_POINT('',(0.0330930721361375,-0.0404283554101817,0.001));
#2374=CARTESIAN_POINT('',(0.0330930721361375,-0.0404283554101817,0.));
#2375=CARTESIAN_POINT('',(0.0395803721107375,0.0248602526670183,0.002));
#2376=CARTESIAN_POINT('',(0.0395803721107375,0.0616488607442183,0.002));
#2377=CARTESIAN_POINT('',(0.0395803721107375,0.0616488607442183,0.001));
#2378=CARTESIAN_POINT('',(0.0395803721107375,0.0616488607442183,0.));
#2379=CARTESIAN_POINT('',(0.0395803721107375,-0.0404283554101817,0.001));
#2380=CARTESIAN_POINT('',(0.0395803721107375,0.0248602526670183,0.));
#2381=CARTESIAN_POINT('',(0.0330930721361375,0.0616488607442183,0.002));
#2382=CARTESIAN_POINT('',(0.0330930721361375,0.0681361607188183,0.002));
#2383=CARTESIAN_POINT('',(0.0330930721361375,0.0681361607188183,0.001));
#2384=CARTESIAN_POINT('',(0.0330930721361375,0.0681361607188183,0.));
#2385=CARTESIAN_POINT('',(0.0330930721361375,0.0616488607442183,0.001));
#2386=CARTESIAN_POINT('',(0.0330930721361375,0.0616488607442183,0.));
#2387=CARTESIAN_POINT('',(-3.85001270039945E-5,0.0681361607188183,0.002));
#2388=CARTESIAN_POINT('',(0.0330930721361375,0.0681361607188183,0.001));
#2389=CARTESIAN_POINT('',(-3.85001270039945E-5,0.0681361607188183,0.));
#2390=CARTESIAN_POINT('',(0.0125930721361375,0.0681361607188183,0.));
#2391=CARTESIAN_POINT('',(0.0125930721361375,0.0681361607188183,-0.0055));
#2392=CARTESIAN_POINT('',(0.0125930721361375,0.0681361607188183,-0.0055));
#2393=CARTESIAN_POINT('',(-3.85001270039945E-5,0.0681361607188183,-0.0055));
#2394=CARTESIAN_POINT('',(-0.0054069278638625,0.0681361607188183,-0.0055));
#2395=CARTESIAN_POINT('',(-0.0054069278638625,0.0681361607188183,-0.010002));
#2396=CARTESIAN_POINT('',(-0.0054069278638625,0.0681361607188183,-0.01));
#2397=CARTESIAN_POINT('',(-3.85001270039945E-5,0.0681361607188183,-0.01));
#2398=CARTESIAN_POINT('',(-0.029038500127004,0.0681361607188183,-0.01));
#2399=CARTESIAN_POINT('',(-0.029038500127004,0.0681361607188183,-0.010002));
#2400=CARTESIAN_POINT('',(-0.029038500127004,0.0681361607188183,0.));
#2401=CARTESIAN_POINT('',(-3.85001270039945E-5,0.0681361607188183,0.));
#2402=CARTESIAN_POINT('',(-3.85001270039876E-5,0.0106102526670183,0.002));
#2403=CARTESIAN_POINT('',(-3.85001270039876E-5,0.0432187499999963,0.002));
#2404=CARTESIAN_POINT('',(-0.0249999999999985,0.0432187499999963,0.002));
#2405=CARTESIAN_POINT('',(0.0249999999999985,0.0432187499999963,0.002));
#2406=CARTESIAN_POINT('',(0.0249999999999985,0.0106102526670183,0.002));
#2407=CARTESIAN_POINT('',(0.0249999999999985,-0.0197812500000037,0.002));
#2408=CARTESIAN_POINT('',(-0.0229999999999985,-0.0197812500000037,0.002));
#2409=CARTESIAN_POINT('',(-0.0249999999999985,-0.0197812500000037,0.002));
#2410=CARTESIAN_POINT('',(-0.0249999999999985,0.0412187499999963,0.002));
#2411=CARTESIAN_POINT('',(-0.0331700723901455,0.0671361607188183,0.002));
#2412=CARTESIAN_POINT('',(0.0330930721361375,0.0671361607188183,0.002));
#2413=CARTESIAN_POINT('',(-0.0331700723901455,0.0671361607188183,0.002));
#2414=CARTESIAN_POINT('',(-0.0331700723901455,0.0616488607442183,0.002));
#2415=CARTESIAN_POINT('',(-0.0386573723647455,0.0616488607442183,0.002));
#2416=CARTESIAN_POINT('',(-0.0386573723647455,-0.0404283554101817,0.002));
#2417=CARTESIAN_POINT('',(-0.0386573723647455,-0.0404283554101817,0.002));
#2418=CARTESIAN_POINT('',(-0.0331700723901455,-0.0404283554101817,0.002));
#2419=CARTESIAN_POINT('',(-0.0331700723901455,-0.0459156553847817,0.002));
#2420=CARTESIAN_POINT('',(0.0330930721361375,-0.0459156553847817,0.002));
#2421=CARTESIAN_POINT('',(0.0330930721361375,-0.0459156553847817,0.002));
#2422=CARTESIAN_POINT('',(0.0330930721361375,-0.0404283554101817,0.002));
#2423=CARTESIAN_POINT('',(0.0385803721107375,-0.0404283554101817,0.002));
#2424=CARTESIAN_POINT('',(0.0385803721107375,0.0616488607442183,0.002));
#2425=CARTESIAN_POINT('',(0.0385803721107375,0.0616488607442183,0.002));
#2426=CARTESIAN_POINT('',(0.0330930721361375,0.0616488607442183,0.002));
#2427=CARTESIAN_POINT('',(0.0305050609601175,0.0590608495681963,0.002));
#2428=CARTESIAN_POINT('',(0.0272550609601175,0.0590608495681963,0.002));
#2429=CARTESIAN_POINT('',(-0.0305820612141235,-0.0378403442341817,0.002));
#2430=CARTESIAN_POINT('',(-0.0338320612141235,-0.0378403442341817,0.002));
#2431=CARTESIAN_POINT('',(0.0305050609601175,-0.0378403442341817,0.002));
#2432=CARTESIAN_POINT('',(0.0272550609601175,-0.0378403442341817,0.002));
#2433=CARTESIAN_POINT('',(-0.0305820612141235,0.0590608495681963,0.002));
#2434=CARTESIAN_POINT('',(-0.0338320612141235,0.0590608495681963,0.002));
#2435=CARTESIAN_POINT('',(-3.85001270039876E-5,0.0106102526670183,0.));
#2436=CARTESIAN_POINT('',(-0.0366573723647454,0.0106102526670183,0.));
#2437=CARTESIAN_POINT('',(-0.0366573723647454,0.0536361607188182,0.));
#2438=CARTESIAN_POINT('',(-0.0366573723647453,0.0616488607442183,0.));
#2439=CARTESIAN_POINT('',(-0.0381573723647455,0.0536361607188182,0.));
#2440=CARTESIAN_POINT('',(-0.029038500127004,0.0668861607188182,0.));
#2441=CARTESIAN_POINT('',(-0.029038500127004,0.0656361607188182,0.));
#2442=CARTESIAN_POINT('',(-0.0172227139954333,0.0656361607188182,0.));
#2443=CARTESIAN_POINT('',(0.0125930721361375,0.0656361607188183,0.));
#2444=CARTESIAN_POINT('',(0.0125930721361375,0.0668861607188183,0.));
#2445=CARTESIAN_POINT('',(-0.0381573723647455,-0.0169902680682658,0.));
#2446=CARTESIAN_POINT('',(-0.0331700723901455,-0.0404283554101817,0.));
#2447=CARTESIAN_POINT('',(-0.0331700723901455,-0.0439156553847817,0.));
#2448=CARTESIAN_POINT('',(-3.85001270039806E-5,-0.0439156553847817,0.));
#2449=CARTESIAN_POINT('',(0.0330930721361375,-0.0439156553847817,0.));
#2450=CARTESIAN_POINT('',(0.0330930721361375,-0.0404283554101817,0.));
#2451=CARTESIAN_POINT('',(0.0365803721107375,-0.0404283554101817,0.));
#2452=CARTESIAN_POINT('',(0.0365803721107375,0.0106102526670183,0.));
#2453=CARTESIAN_POINT('',(0.0365803721107375,0.0616488607442183,0.));
#2454=CARTESIAN_POINT('',(0.0330930721361375,0.0616488607442183,0.));
#2455=CARTESIAN_POINT('',(0.0330930721361375,0.0651361607188183,0.));
#2456=CARTESIAN_POINT('',(-3.85001270039945E-5,0.0651361607188182,0.));
#2457=CARTESIAN_POINT('',(-0.0331700723901455,0.0651361607188182,0.));
#2458=CARTESIAN_POINT('',(-0.0331700723901455,0.0616488607442183,0.));
#2459=CARTESIAN_POINT('',(-7.55525951284895E-5,0.0105974071073383,-0.005));
#2460=CARTESIAN_POINT('',(0.0305050609601175,0.0590608495681963,-0.005));
#2461=CARTESIAN_POINT('',(0.0289050609601175,0.0590608495681963,-0.005));
#2462=CARTESIAN_POINT('',(-0.0305820612141235,-0.0378403442341817,-0.005));
#2463=CARTESIAN_POINT('',(-0.0321820612141235,-0.0378403442341817,-0.005));
#2464=CARTESIAN_POINT('',(0.0305050609601175,-0.0378403442341817,-0.005));
#2465=CARTESIAN_POINT('',(0.0289050609601175,-0.0378403442341817,-0.005));
#2466=CARTESIAN_POINT('',(-0.0305820612141235,0.0590608495681963,-0.005));
#2467=CARTESIAN_POINT('',(-0.0321820612141235,0.0590608495681963,-0.005));
#2468=CARTESIAN_POINT('',(-0.0369773723647455,-0.00249026806826573,-0.005));
#2469=CARTESIAN_POINT('',(-0.0296573723647455,-0.0324156553847817,-0.005));
#2470=CARTESIAN_POINT('',(-0.0251573723647455,-0.0324156553847817,-0.005));
#2471=CARTESIAN_POINT('',(-0.0251573723647455,-0.0369156553847817,-0.005));
#2472=CARTESIAN_POINT('',(0.0250803721107375,-0.0369156553847817,-0.005));
#2473=CARTESIAN_POINT('',(0.0250803721107375,-0.0324156553847817,-0.005));
#2474=CARTESIAN_POINT('',(0.0295803721107375,-0.0324156553847817,-0.005));
#2475=CARTESIAN_POINT('',(0.0295803721107375,0.0536361607188183,-0.005));
#2476=CARTESIAN_POINT('',(0.0250803721107375,0.0536361607188183,-0.005));
#2477=CARTESIAN_POINT('',(0.0250803721107375,0.0581361607188183,-0.005));
#2478=CARTESIAN_POINT('',(-0.0221573723647455,0.0583861607188182,-0.005));
#2479=CARTESIAN_POINT('',(-0.0221573723647455,0.0541361607188182,-0.005));
#2480=CARTESIAN_POINT('',(-0.0281573723647454,0.0541361607188182,-0.005));
#2481=CARTESIAN_POINT('',(-0.0369773723647455,0.00300973193173427,-0.005));
#2482=CARTESIAN_POINT('',(-0.0366573723647454,0.0106102526670183,-0.005));
#2483=CARTESIAN_POINT('',(-0.0366573723647454,0.0536361607188182,-0.005));
#2484=CARTESIAN_POINT('',(-0.0366573723647454,0.0106102526670183,-0.005));
#2485=CARTESIAN_POINT('',(-0.0366573723647453,0.0616488607442183,-0.005));
#2486=CARTESIAN_POINT('',(-0.0331700723901455,0.0616488607442183,-0.005));
#2487=CARTESIAN_POINT('',(-0.0331700723901455,0.0651361607188182,-0.005));
#2488=CARTESIAN_POINT('',(-3.85001270039945E-5,0.0651361607188182,-0.005));
#2489=CARTESIAN_POINT('',(0.0330930721361375,0.0651361607188183,-0.005));
#2490=CARTESIAN_POINT('',(0.0330930721361375,0.0616488607442183,-0.005));
#2491=CARTESIAN_POINT('',(0.0365803721107375,0.0616488607442183,-0.005));
#2492=CARTESIAN_POINT('',(0.0365803721107375,0.0106102526670183,-0.005));
#2493=CARTESIAN_POINT('',(0.0365803721107375,-0.0404283554101817,-0.005));
#2494=CARTESIAN_POINT('',(0.0330930721361375,-0.0404283554101817,-0.005));
#2495=CARTESIAN_POINT('',(0.0330930721361375,-0.0439156553847817,-0.005));
#2496=CARTESIAN_POINT('',(-3.85001270039806E-5,-0.0439156553847817,-0.005));
#2497=CARTESIAN_POINT('',(-0.0331700723901455,-0.0439156553847817,-0.005));
#2498=CARTESIAN_POINT('',(-0.0331700723901455,-0.0404283554101817,-0.005));
#2499=CARTESIAN_POINT('',(-0.0366573723647454,0.0106102526670183,-0.005));
#2500=CARTESIAN_POINT('',(-0.0331700723901455,-0.0404283554101817,-0.005002));
#2501=CARTESIAN_POINT('',(-0.0331700723901455,-0.0439156553847817,-0.005002));
#2502=CARTESIAN_POINT('',(-0.0366573723647454,0.0106102526670183,-0.005002));
#2503=CARTESIAN_POINT('',(-0.0366573723647454,0.0536361607188182,-0.01));
#2504=CARTESIAN_POINT('',(-0.0366573723647453,0.0616488607442183,-0.005002));
#2505=CARTESIAN_POINT('',(-3.85001270039806E-5,-0.0439156553847817,-0.005002));
#2506=CARTESIAN_POINT('',(0.0330930721361375,-0.0439156553847817,-0.005002));
#2507=CARTESIAN_POINT('',(0.0330930721361375,-0.0404283554101817,-0.005002));
#2508=CARTESIAN_POINT('',(0.0365803721107375,-0.0404283554101817,-0.005002));
#2509=CARTESIAN_POINT('',(0.0365803721107375,0.0106102526670183,-0.005002));
#2510=CARTESIAN_POINT('',(0.0365803721107375,0.0616488607442183,-0.005002));
#2511=CARTESIAN_POINT('',(0.0330930721361375,0.0616488607442183,-0.005002));
#2512=CARTESIAN_POINT('',(0.0330930721361375,0.0651361607188183,-0.005002));
#2513=CARTESIAN_POINT('',(-3.85001270039945E-5,0.0651361607188182,-0.005002));
#2514=CARTESIAN_POINT('',(-0.0331700723901455,0.0651361607188182,-0.005002));
#2515=CARTESIAN_POINT('',(-0.0331700723901455,0.0616488607442183,-0.005002));
#2516=CARTESIAN_POINT('',(-3.85001270039876E-5,0.0106102526670183,0.));
#2517=CARTESIAN_POINT('',(1.38777878078145E-17,-0.0177812500000037,0.));
#2518=CARTESIAN_POINT('',(0.0229999999999985,-0.0177812500000037,0.));
#2519=CARTESIAN_POINT('',(-0.0229999999999985,-0.0177812500000037,0.));
#2520=CARTESIAN_POINT('',(0.0229999999999985,0.0117187499999963,0.));
#2521=CARTESIAN_POINT('',(0.0229999999999985,0.0412187499999963,0.));
#2522=CARTESIAN_POINT('',(1.38777878078145E-17,0.0412187499999963,0.));
#2523=CARTESIAN_POINT('',(-0.0229999999999985,0.0412187499999963,0.));
#2524=CARTESIAN_POINT('',(-0.0229999999999985,0.0117187499999963,0.));
#2525=CARTESIAN_POINT('',(-0.0251573723647455,-0.0369156553847817,0.));
#2526=CARTESIAN_POINT('',(-0.0251573723647455,-0.0324156553847817,0.));
#2527=CARTESIAN_POINT('',(-0.0296573723647455,-0.0324156553847817,0.));
#2528=CARTESIAN_POINT('',(-0.0369773723647455,-0.00249026806826573,0.));
#2529=CARTESIAN_POINT('',(-0.0381573723647455,-0.00849026806826573,0.));
#2530=CARTESIAN_POINT('',(-0.0369773723647455,0.0106102526670183,0.));
#2531=CARTESIAN_POINT('',(-0.0381573723647455,0.0406361607188183,0.));
#2532=CARTESIAN_POINT('',(-0.0369773723647455,0.00300973193173427,0.));
#2533=CARTESIAN_POINT('',(-0.0281573723647454,0.0541361607188182,0.));
#2534=CARTESIAN_POINT('',(-0.0221573723647455,0.0541361607188182,0.));
#2535=CARTESIAN_POINT('',(-0.0221573723647455,0.0583861607188182,0.));
#2536=CARTESIAN_POINT('',(0.0250803721107375,0.0581361607188183,0.));
#2537=CARTESIAN_POINT('',(0.0250803721107375,0.0536361607188183,0.));
#2538=CARTESIAN_POINT('',(0.0295803721107375,0.0536361607188183,0.));
#2539=CARTESIAN_POINT('',(0.0295803721107375,-0.0324156553847817,0.));
#2540=CARTESIAN_POINT('',(0.0250803721107375,-0.0324156553847817,0.));
#2541=CARTESIAN_POINT('',(0.0250803721107375,-0.0369156553847817,0.));
#2542=CARTESIAN_POINT('',(-0.0221573723647455,0.0583861607188182,-0.005002));
#2543=CARTESIAN_POINT('',(-0.0221573723647455,0.0541361607188182,-0.005002));
#2544=CARTESIAN_POINT('',(-0.0281573723647454,0.0541361607188182,-0.005002));
#2545=CARTESIAN_POINT('',(0.0295803721107375,0.0536361607188183,-0.005002));
#2546=CARTESIAN_POINT('',(0.0250803721107375,0.0536361607188183,-0.005002));
#2547=CARTESIAN_POINT('',(0.0250803721107375,0.0581361607188183,-0.005002));
#2548=CARTESIAN_POINT('',(0.0250803721107375,-0.0369156553847817,-0.005002));
#2549=CARTESIAN_POINT('',(0.0250803721107375,-0.0324156553847817,-0.005002));
#2550=CARTESIAN_POINT('',(0.0295803721107375,-0.0324156553847817,-0.005002));
#2551=CARTESIAN_POINT('',(-0.0296573723647455,-0.0324156553847817,-0.005002));
#2552=CARTESIAN_POINT('',(-0.0251573723647455,-0.0324156553847817,-0.005002));
#2553=CARTESIAN_POINT('',(-0.0251573723647455,-0.0369156553847817,-0.005002));
#2554=CARTESIAN_POINT('',(-0.0305820612141235,0.0590608495681963,0.002));
#2555=CARTESIAN_POINT('',(-0.0305820612141235,0.0590608495681963,-0.001));
#2556=CARTESIAN_POINT('',(-0.0321820612141235,0.0590608495681963,-0.001));
#2557=CARTESIAN_POINT('',(-0.0273320612141235,0.0590608495681963,-0.001));
#2558=CARTESIAN_POINT('',(-0.0305820612141235,0.0590608495681963,-0.001));
#2559=CARTESIAN_POINT('',(-0.0338320612141235,0.0590608495681963,-0.001));
#2560=CARTESIAN_POINT('',(-0.0305820612141235,0.0590608495681963,0.002));
#2561=CARTESIAN_POINT('',(0.0305050609601175,-0.0378403442341817,0.002));
#2562=CARTESIAN_POINT('',(0.0305050609601175,-0.0378403442341817,-0.001));
#2563=CARTESIAN_POINT('',(0.0289050609601175,-0.0378403442341817,-0.001));
#2564=CARTESIAN_POINT('',(0.0337550609601175,-0.0378403442341817,-0.001));
#2565=CARTESIAN_POINT('',(0.0305050609601175,-0.0378403442341817,-0.001));
#2566=CARTESIAN_POINT('',(0.0272550609601175,-0.0378403442341817,-0.001));
#2567=CARTESIAN_POINT('',(0.0305050609601175,-0.0378403442341817,0.002));
#2568=CARTESIAN_POINT('',(-0.0305820612141235,-0.0378403442341817,0.002));
#2569=CARTESIAN_POINT('',(-0.0305820612141235,-0.0378403442341817,-0.001));
#2570=CARTESIAN_POINT('',(-0.0321820612141235,-0.0378403442341817,-0.001));
#2571=CARTESIAN_POINT('',(-0.0273320612141235,-0.0378403442341817,-0.001));
#2572=CARTESIAN_POINT('',(-0.0305820612141235,-0.0378403442341817,-0.001));
#2573=CARTESIAN_POINT('',(-0.0338320612141235,-0.0378403442341817,-0.001));
#2574=CARTESIAN_POINT('',(-0.0305820612141235,-0.0378403442341817,0.002));
#2575=CARTESIAN_POINT('',(0.0305050609601175,0.0590608495681963,0.002));
#2576=CARTESIAN_POINT('',(0.0305050609601175,0.0590608495681963,-0.001));
#2577=CARTESIAN_POINT('',(0.0289050609601175,0.0590608495681963,-0.001));
#2578=CARTESIAN_POINT('',(0.0337550609601175,0.0590608495681963,-0.001));
#2579=CARTESIAN_POINT('',(0.0305050609601175,0.0590608495681963,-0.001));
#2580=CARTESIAN_POINT('',(0.0272550609601175,0.0590608495681963,-0.001));
#2581=CARTESIAN_POINT('',(0.0305050609601175,0.0590608495681963,0.002));
#2582=CARTESIAN_POINT('',(0.0229999999999985,0.0117187499999963,-1.99999999999983E-6));
#2583=CARTESIAN_POINT('',(0.0229999999999985,-0.0177812500000037,-1.99999999999983E-6));
#2584=CARTESIAN_POINT('',(0.0229999999999985,-0.0177812500000037,0.00084529946162075));
#2585=CARTESIAN_POINT('',(0.0229999999999985,0.0117187499999963,0.00084529946162075));
#2586=CARTESIAN_POINT('',(0.0229999999999985,0.0412187499999963,0.00084529946162075));
#2587=CARTESIAN_POINT('',(0.0229999999999985,0.0412187499999963,-1.99999999999983E-6));
#2588=CARTESIAN_POINT('',(1.38777878078145E-17,-0.0177812500000037,-1.99999999999983E-6));
#2589=CARTESIAN_POINT('',(-0.0229999999999985,-0.0177812500000037,-1.99999999999983E-6));
#2590=CARTESIAN_POINT('',(-0.0229999999999985,-0.0177812500000037,0.00084529946162075));
#2591=CARTESIAN_POINT('',(0.0229999999999985,-0.0177812500000037,0.00084529946162075));
#2592=CARTESIAN_POINT('',(1.38777878078145E-17,0.0412187499999963,-1.99999999999983E-6));
#2593=CARTESIAN_POINT('',(1.38777878078145E-17,0.0412187499999963,0.00084529946162075));
#2594=CARTESIAN_POINT('',(-0.0229999999999985,0.0412187499999963,0.00084529946162075));
#2595=CARTESIAN_POINT('',(-0.0229999999999985,0.0412187499999963,-1.99999999999983E-6));
#2596=CARTESIAN_POINT('',(-0.0229999999999985,0.0117187499999963,-1.99999999999983E-6));
#2597=CARTESIAN_POINT('',(-0.0229999999999985,-0.0177812500000037,0.00084529946162075));
#2598=CARTESIAN_POINT('',(-0.0054069278638625,0.0668861607188183,-0.010002));
#2599=CARTESIAN_POINT('',(-0.0054069278638625,0.0668861607188183,-0.0055));
#2600=CARTESIAN_POINT('',(-0.0054069278638625,0.0656361607188182,-0.0055));
#2601=CARTESIAN_POINT('',(-0.0054069278638625,0.0656361607188182,-0.010002));
#2602=CARTESIAN_POINT('',(-0.0054069278638625,0.0656361607188182,-0.01));
#2603=CARTESIAN_POINT('',(-0.0054069278638625,0.0668861607188183,-0.01));
#2604=CARTESIAN_POINT('',(-0.029038500127004,0.0668861607188182,-0.010002));
#2605=CARTESIAN_POINT('',(-0.029038500127004,0.0668861607188182,-0.01));
#2606=CARTESIAN_POINT('',(-0.029038500127004,0.0656361607188182,-0.01));
#2607=CARTESIAN_POINT('',(-0.029038500127004,0.0656361607188182,-0.010002));
#2608=CARTESIAN_POINT('',(-0.0172227139954333,0.0656361607188182,-0.010002));
#2609=CARTESIAN_POINT('',(-0.0172227139954333,0.0656361607188182,-0.01));
#2610=CARTESIAN_POINT('',(0.0035930721361375,0.0656361607188183,-0.0055));
#2611=CARTESIAN_POINT('',(0.0125930721361375,0.0656361607188183,-0.0055));
#2612=CARTESIAN_POINT('',(0.0125930721361375,0.0656361607188183,-0.0055));
#2613=CARTESIAN_POINT('',(0.00359307213613751,0.0581361607188183,-0.01));
#2614=CARTESIAN_POINT('',(0.0125930721361375,0.0668861607188183,-0.0055));
#2615=CARTESIAN_POINT('',(0.0125930721361375,0.0668861607188183,-0.0055));
#2616=CARTESIAN_POINT('',(-3.85001270039945E-5,0.0106102526670183,-0.0055));
#2617=CARTESIAN_POINT('',(-0.0381573723647455,-0.00849026806826573,-0.006));
#2618=CARTESIAN_POINT('',(-0.0366573723647454,-0.00849026806826573,-0.006));
#2619=CARTESIAN_POINT('',(-0.0366573723647454,-0.00849026806826573,-0.006));
#2620=CARTESIAN_POINT('',(-0.0381573723647455,-0.00849026806826573,-0.006));
#2621=CARTESIAN_POINT('',(-0.0366573723647454,0.0106102526670183,-0.006));
#2622=CARTESIAN_POINT('',(-0.0366573723647454,-0.0169902680682658,-0.006));
#2623=CARTESIAN_POINT('',(-0.0366573723647454,-0.0169902680682658,-0.006));
#2624=CARTESIAN_POINT('',(-0.0366573723647454,0.0106102526670183,-0.006));
#2625=CARTESIAN_POINT('',(-0.0381573723647455,-0.0169902680682658,-0.006));
#2626=CARTESIAN_POINT('',(-0.0381573723647455,-0.0169902680682658,-0.006));
#2627=CARTESIAN_POINT('',(-3.85001270040014E-5,0.0106102526670183,-0.006));
#2628=CARTESIAN_POINT('',(-0.0381573723647455,0.0536361607188182,-0.01));
#2629=CARTESIAN_POINT('',(-0.0366573723647454,0.0536361607188182,-0.01));
#2630=CARTESIAN_POINT('',(-0.0366573723647454,0.0536361607188182,-0.01));
#2631=CARTESIAN_POINT('',(-0.0381573723647455,0.0536361607188182,-0.01));
#2632=CARTESIAN_POINT('',(-0.0366573723647454,0.0106102526670183,-0.01));
#2633=CARTESIAN_POINT('',(-0.0366573723647454,0.0406361607188183,-0.01));
#2634=CARTESIAN_POINT('',(-0.0366573723647454,0.0406361607188183,-0.01));
#2635=CARTESIAN_POINT('',(-0.0366573723647454,0.0106102526670183,-0.01));
#2636=CARTESIAN_POINT('',(-0.0381573723647455,0.0406361607188183,-0.01));
#2637=CARTESIAN_POINT('',(-0.0381573723647455,0.0406361607188183,-0.01));
#2638=CARTESIAN_POINT('',(-3.85001270040014E-5,0.0106102526670183,-0.01));
#2639=CARTESIAN_POINT('',(-0.0296573723647455,0.000259731931734272,-0.0095));
#2640=CARTESIAN_POINT('',(-0.0381573723647455,0.00301173193173427,-0.0033577779898868));
#2641=CARTESIAN_POINT('',(-0.0381573723647455,0.00301173193173427,-0.0048577779898868));
#2642=CARTESIAN_POINT('',(-0.0374073723647455,0.00301173193173427,-0.0059288889949434));
#2643=CARTESIAN_POINT('',(-0.0369773723647455,-0.00249026806826573,-0.0025));
#2644=CARTESIAN_POINT('',(-0.0369773723647455,0.00300973193173427,-0.0025));
#2645=CARTESIAN_POINT('',(-0.0369773723647455,0.0108602526670183,-0.0025));
#2646=CARTESIAN_POINT('',(0.0330930721361375,-0.0404283554101817,0.001));
#2647=CARTESIAN_POINT('',(0.0330930721361375,-0.0459156553847817,0.001));
#2648=CARTESIAN_POINT('',(0.0385803721107375,-0.0404283554101817,0.001));
#2649=CARTESIAN_POINT('',(0.0385803721107375,0.0106102526670183,0.001));
#2650=CARTESIAN_POINT('',(0.0385803721107375,0.0616488607442183,0.001));
#2651=CARTESIAN_POINT('',(-3.85001270039757E-5,-0.0459156553847817,0.001));
#2652=CARTESIAN_POINT('',(-0.0331700723901455,-0.0459156553847817,0.001));
#2653=CARTESIAN_POINT('',(0.0330930721361375,0.0616488607442183,0.001));
#2654=CARTESIAN_POINT('',(0.0330930721361375,0.0671361607188183,0.001));
#2655=CARTESIAN_POINT('',(-0.0331700723901455,-0.0404283554101817,0.001));
#2656=CARTESIAN_POINT('',(-0.0386573723647455,-0.0404283554101817,0.001));
#2657=CARTESIAN_POINT('',(-3.85001270039876E-5,0.0671361607188183,0.001));
#2658=CARTESIAN_POINT('',(-0.0331700723901455,0.0671361607188183,0.001));
#2659=CARTESIAN_POINT('',(-0.0386573723647455,0.0106102526670183,0.001));
#2660=CARTESIAN_POINT('',(-0.0386573723647455,0.0616488607442183,0.001));
#2661=CARTESIAN_POINT('',(-0.0331700723901455,0.0616488607442183,0.001));
#2662=CARTESIAN_POINT('',(-0.0229999999999985,0.0117187499999963,0.00084529946162075));
#2663=CARTESIAN_POINT('',(-0.0103571428571413,-0.00513839285714656,-0.0064540575131338));
#2664=CARTESIAN_POINT('',(-0.0143022143401437,0.0325209643401415,-0.00417636943045007));
#2665=CARTESIAN_POINT('',(-3.85001270039876E-5,0.0432187499999963,0.002));
#2666=CARTESIAN_POINT('',(0.0110249297144365,0.0292436797144342,-0.00606851059131316));
#2667=CARTESIAN_POINT('',(1.38777878078145E-17,-0.0177812500000037,0.00084529946162075));
#2668=CARTESIAN_POINT('',(0.0119750702855605,-0.00675632028556571,-0.00551994667680673));
#2669=CARTESIAN_POINT('',(0.0249999999999985,0.0106102526670183,0.002));
#2670=MECHANICAL_DESIGN_GEOMETRIC_PRESENTATION_REPRESENTATION('',(#1623),
#2671);
#2671=(
GEOMETRIC_REPRESENTATION_CONTEXT(3)
GLOBAL_UNCERTAINTY_ASSIGNED_CONTEXT((#2672))
GLOBAL_UNIT_ASSIGNED_CONTEXT((#2675,#2674,#2673))
REPRESENTATION_CONTEXT('couvercle','TOP_LEVEL_ASSEMBLY_PART')
);
#2672=UNCERTAINTY_MEASURE_WITH_UNIT(LENGTH_MEASURE(1.E-8),#2675,
'DISTANCE_ACCURACY_VALUE','Maximum Tolerance applied to model');
#2673=(
NAMED_UNIT(*)
SI_UNIT($,.STERADIAN.)
SOLID_ANGLE_UNIT()
);
#2674=(
NAMED_UNIT(*)
PLANE_ANGLE_UNIT()
SI_UNIT($,.RADIAN.)
);
#2675=(
LENGTH_UNIT()
NAMED_UNIT(*)
SI_UNIT($,.METRE.)
);
#2676=PRODUCT_DEFINITION_SHAPE('','',#2677);
#2677=PRODUCT_DEFINITION('','',#2679,#2678);
#2678=PRODUCT_DEFINITION_CONTEXT('',#2685,'design');
#2679=PRODUCT_DEFINITION_FORMATION_WITH_SPECIFIED_SOURCE('','',#2681,
 .NOT_KNOWN.);
#2680=PRODUCT_RELATED_PRODUCT_CATEGORY('','',(#2681));
#2681=PRODUCT('couvercle','couvercle','couvercle',(#2683));
#2682=PRODUCT_CATEGORY('','');
#2683=PRODUCT_CONTEXT('',#2685,'mechanical');
#2684=APPLICATION_PROTOCOL_DEFINITION('international standard',
'ap242_managed_model_based_3d_engineering',2011,#2685);
#2685=APPLICATION_CONTEXT('managed model based 3d engineering');
ENDSEC;
END-ISO-10303-21;
